order_id,customer_id,order_date,product_category,product_name,quantity,unit_price,discount_percent,subtotal,shipping_cost,tax_amount,total_amount,payment_method,order_status,shipping_method
4094239,696853,2025-04-27,Fashion,Shirt,5,48343,0,241715,136,43508.7,285359.7,UPI,Processing,Express
8462732,236725,2025-04-12,Home,Mixer,2,43583,5,87166,315,14905.39,98028.09,UPI,Processing,Express
7003100,460527,2024-05-28,Fashion,Shirt,1,22259,0,22259,152,4006.62,26417.62,UPI,Shipped,Standard
7170550,464885,2024-09-29,Fashion,Shoes,2,15576,0,31152,102,5607.36,36861.36,Card,Shipped,Express
1653508,700391,2024-03-27,Electronics,Laptop,3,19762,0,59286,193,10671.48,70150.48,Card,Shipped,Express
4062227,616213,2024-09-30,Electronics,Laptop,2,24258,5,48516,37,8296.24,54423.44,UPI,Shipped,Express
7521762,388594,2025-04-04,Home,Chair,1,49913,5,49913,496,8535.12,56448.47,Card,Shipped,Standard
9922299,207829,2025-09-18,Electronics,Phone,1,26838,15,26838,220,4106.21,27138.51,COD,Returned,Standard
6927851,944605,2025-10-05,Home,Mixer,1,13421,10,13421,49,2174.2,14302.1,Card,Processing,Express
6832200,354531,2025-11-28,Electronics,Phone,3,6507,5,19521,230,3338.09,22113.04,Card,Returned,Standard
7858386,552623,2025-01-03,Home,Mixer,2,23311,10,46622,320,7552.76,49832.56,UPI,Delivered,Express
6070817,854552,2025-09-10,Home,Mixer,5,12262,10,61310,41,9932.22,65152.22,Card,Shipped,Express
9541324,308540,2024-05-13,Fashion,Shoes,5,38136,15,190680,204,29174.04,191456.04,UPI,Shipped,Standard
5366493,611669,2024-03-24,Electronics,Laptop,2,19708,10,39416,450,6385.39,42309.79,COD,Delivered,Standard
8688641,978264,2024-08-28,Fashion,Shoes,5,12754,5,63770,277,10904.67,71763.17,Card,Returned,Standard
2377932,614650,2024-09-24,Electronics,Laptop,1,14403,0,14403,498,2592.54,17493.54,COD,Processing,Standard
1893750,936565,2024-03-29,Electronics,Phone,3,1285,10,3855,208,624.51,4302.01,UPI,Delivered,Standard
2737211,986066,2025-04-11,Home,Chair,5,49914,0,249570,198,44922.6,294690.6,UPI,Returned,Standard
5521032,897926,2025-10-08,Electronics,Laptop,4,40590,15,162360,404,24841.08,163251.08,COD,Delivered,Express
6194968,319247,2024-02-28,Electronics,Phone,1,28379,5,28379,2,4852.81,31814.86,COD,Processing,Express
4564749,759924,2024-12-23,Electronics,Phone,5,9024,0,45120,416,8121.6,53657.6,COD,Shipped,Express
8164304,216771,2025-02-07,Electronics,Laptop,5,9608,10,48040,82,7782.48,51100.48,COD,Shipped,Express
4355940,800216,2024-06-28,Fashion,Shoes,4,28933,5,115732,94,19790.17,129829.57,UPI,Returned,Express
5123802,272757,2025-07-07,Home,Chair,5,9378,10,46890,430,7596.18,50227.18,COD,Delivered,Express
5679743,540366,2024-04-21,Fashion,Shoes,2,35821,10,71642,374,11606.0,76457.8,COD,Processing,Standard
2540847,462889,2025-07-08,Fashion,Shoes,1,4460,0,4460,295,802.8,5557.8,UPI,Returned,Express
7998311,239478,2025-08-24,Fashion,Shirt,2,3813,0,7626,188,1372.68,9186.68,COD,Delivered,Standard
7580654,989508,2025-08-02,Electronics,Phone,1,16950,5,16950,292,2898.45,19292.95,UPI,Delivered,Express
9489417,180375,2025-07-18,Home,Mixer,4,33490,5,133960,137,22907.16,150306.16,UPI,Returned,Standard
5827900,219446,2024-09-01,Electronics,Phone,3,11217,15,33651,346,5148.6,34097.95,Card,Processing,Standard
5905000,890778,2024-01-15,Electronics,Laptop,3,40816,15,122448,51,18734.54,122866.34,UPI,Processing,Standard
9148750,643873,2025-03-18,Home,Chair,1,12701,15,12701,286,1943.25,13025.1,Card,Shipped,Standard
2548902,161640,2024-09-22,Home,Mixer,2,40748,0,81496,445,14669.28,96610.28,Card,Returned,Standard
7928163,336695,2025-04-11,Home,Mixer,4,11230,0,44920,412,8085.6,53417.6,UPI,Shipped,Standard
4766013,733321,2024-04-22,Electronics,Phone,1,36632,5,36632,323,6264.07,41387.47,UPI,Returned,Standard
4353823,178779,2024-01-25,Home,Mixer,3,6146,5,18438,188,3152.9,20857.0,UPI,Processing,Express
9079903,174162,2025-01-20,Fashion,Shoes,2,28476,15,56952,164,8713.66,57286.86,Card,Returned,Standard
3035943,219869,2025-02-09,Home,Chair,5,29436,10,147180,157,23843.16,156462.16,Card,Delivered,Express
9634718,276783,2025-08-29,Electronics,Laptop,2,44219,5,88438,264,15122.9,99403.0,COD,Processing,Standard
7024549,815208,2025-06-26,Electronics,Laptop,2,38406,10,76812,416,12443.54,81990.34,COD,Returned,Standard
2399261,367579,2025-09-08,Fashion,Shirt,3,22296,10,66888,263,10835.86,71298.06,COD,Delivered,Standard
1524347,426370,2024-10-16,Home,Mixer,1,6704,5,6704,299,1146.38,7814.18,UPI,Delivered,Express
2371052,344406,2024-07-16,Fashion,Shoes,4,3608,5,14432,438,2467.87,16616.27,COD,Delivered,Express
6422752,761596,2024-02-05,Home,Chair,3,21354,15,64062,475,9801.49,64729.19,COD,Shipped,Standard
5099890,639343,2024-07-14,Electronics,Phone,1,6073,0,6073,26,1093.14,7192.14,Card,Returned,Standard
8425566,937223,2024-11-23,Electronics,Laptop,2,15228,0,30456,215,5482.08,36153.08,COD,Returned,Standard
2522521,690705,2025-02-15,Fashion,Shirt,1,29856,10,29856,374,4836.67,32081.07,Card,Delivered,Standard
4233488,113857,2025-04-22,Fashion,Shoes,5,23207,15,116035,199,17753.35,116582.1,Card,Delivered,Express
1554398,329408,2025-02-23,Home,Chair,3,12144,5,36432,162,6229.87,41002.27,UPI,Shipped,Standard
8403538,758976,2025-09-10,Fashion,Shoes,4,5946,5,23784,453,4067.06,27114.86,COD,Shipped,Express
3227452,630462,2025-01-28,Home,Chair,3,31923,0,95769,471,17238.42,113478.42,UPI,Returned,Express
2435769,690705,2024-01-06,Fashion,Shirt,3,28197,5,84591,55,14465.06,94881.51,Card,Delivered,Express
8901029,575329,2025-06-30,Home,Chair,1,33164,0,33164,384,5969.52,39517.52,Card,Returned,Standard
2082027,496329,2025-05-20,Home,Chair,2,48695,5,97390,24,16653.69,109198.19,Card,Delivered,Standard
1838344,595185,2024-07-13,Fashion,Shirt,1,30111,15,30111,178,4606.98,30379.33,COD,Delivered,Express
3419783,517915,2024-03-23,Electronics,Laptop,2,25274,5,50548,361,8643.71,57025.31,COD,Processing,Standard
9291058,248413,2024-12-01,Home,Chair,5,17679,15,88395,112,13524.43,88772.18,Card,Shipped,Standard
3104765,461153,2024-04-24,Home,Mixer,5,10720,10,53600,195,8683.2,57118.2,UPI,Returned,Express
9291359,627467,2024-08-04,Home,Mixer,5,19000,5,95000,417,16245.0,106912.0,Card,Delivered,Standard
8316124,245223,2025-12-22,Electronics,Laptop,4,3801,15,15204,312,2326.21,15561.61,COD,Delivered,Standard
9040656,432651,2025-01-23,Home,Chair,4,44193,10,176772,444,28637.06,188175.86,Card,Processing,Standard
5939410,920268,2024-04-15,Fashion,Shirt,5,42525,0,212625,339,38272.5,251236.5,COD,Delivered,Standard
1190225,418104,2024-07-15,Electronics,Laptop,4,4265,0,17060,58,3070.8,20188.8,COD,Shipped,Express
5195914,619501,2024-01-03,Electronics,Phone,2,14230,5,28460,477,4866.66,32380.66,Card,Delivered,Standard
2995912,130451,2025-02-23,Fashion,Shirt,2,7675,5,15350,413,2624.85,17620.35,UPI,Shipped,Express
2531773,679715,2025-04-27,Electronics,Laptop,3,20189,0,60567,110,10902.06,71579.06,UPI,Delivered,Standard
9959123,276139,2024-02-02,Electronics,Laptop,2,7718,0,15436,9,2778.48,18223.48,COD,Returned,Express
7127784,488521,2025-11-22,Electronics,Phone,5,258,10,1290,51,208.98,1420.98,Card,Processing,Standard
1561900,528053,2024-06-04,Home,Chair,1,35408,10,35408,172,5736.1,37775.3,COD,Returned,Standard
4913553,404948,2025-12-10,Home,Chair,4,6641,0,26564,26,4781.52,31371.52,UPI,Delivered,Standard
3541869,988627,2025-10-22,Electronics,Laptop,3,41299,5,123897,145,21186.39,139033.54,UPI,Delivered,Express
1366011,421686,2025-03-09,Home,Mixer,4,40431,10,161724,220,26199.29,171970.89,UPI,Delivered,Express
7389863,796000,2025-12-11,Fashion,Shirt,5,46679,5,233395,257,39910.54,261892.79,UPI,Returned,Standard
1703321,698321,2025-05-01,Electronics,Phone,4,24983,10,99932,263,16188.98,106390.78,COD,Processing,Standard
3222932,205954,2024-09-09,Electronics,Phone,1,48018,5,48018,358,8211.08,54186.18,COD,Returned,Standard
6594900,190667,2024-11-04,Electronics,Laptop,1,12760,5,12760,450,2181.96,14753.96,UPI,Processing,Standard
7428607,381085,2024-08-18,Electronics,Phone,5,46954,15,234770,244,35919.81,235718.31,UPI,Returned,Standard
2217752,591608,2025-01-11,Fashion,Shoes,5,14483,10,72415,106,11731.23,77010.73,Card,Delivered,Express
8556977,196515,2024-05-25,Fashion,Shirt,4,37519,10,150076,355,24312.31,159735.71,COD,Processing,Express
6168081,981991,2025-08-05,Electronics,Phone,4,19699,15,78796,208,12055.79,79240.39,Card,Returned,Express
6500805,952860,2025-04-21,Fashion,Shoes,2,12732,0,25464,329,4583.52,30376.52,COD,Processing,Standard
4470002,746869,2025-02-01,Fashion,Shoes,1,18835,0,18835,63,3390.3,22288.3,UPI,Shipped,Express
8163151,180852,2024-04-10,Home,Mixer,3,5446,5,16338,202,2793.8,18516.9,COD,Processing,Express
9119739,847473,2024-12-21,Home,Mixer,4,34996,15,139984,122,21417.55,140525.95,Card,Shipped,Express
2074723,125323,2025-05-08,Fashion,Shirt,3,41790,0,125370,386,22566.6,148322.6,COD,Processing,Express
7387504,342081,2025-08-10,Electronics,Laptop,5,25908,15,129540,91,19819.62,130019.62,UPI,Processing,Express
5230672,696853,2025-01-28,Home,Mixer,2,33827,0,67654,456,12177.72,80287.72,Card,Processing,Express
1076092,828813,2024-02-22,Home,Chair,5,42318,10,211590,422,34277.58,225130.58,Card,Returned,Express
2767018,166023,2025-12-23,Electronics,Phone,3,39793,15,119379,235,18264.99,119972.14,COD,Delivered,Express
6067814,524101,2024-05-09,Electronics,Phone,4,35690,0,142760,36,25696.8,168492.8,UPI,Delivered,Standard
4691578,976914,2025-03-05,Electronics,Laptop,4,48120,15,192480,181,29449.44,193238.44,UPI,Shipped,Standard
7341175,339874,2025-05-01,Electronics,Phone,2,13277,5,26554,4,4540.73,29771.03,Card,Shipped,Standard
1220186,180375,2025-06-14,Home,Mixer,2,26476,10,52952,423,8578.22,56658.02,COD,Processing,Standard
7567432,482453,2025-12-18,Home,Chair,4,18009,10,72036,48,11669.83,76550.23,Card,Processing,Standard
2269158,992307,2025-10-30,Home,Chair,1,15011,5,15011,494,2566.88,17321.33,COD,Delivered,Standard
2511319,132191,2024-07-17,Electronics,Laptop,5,12495,0,62475,245,11245.5,73965.5,COD,Delivered,Standard
5085363,122056,2025-06-08,Electronics,Laptop,1,5371,15,5371,19,821.76,5406.11,Card,Delivered,Express
2049917,496403,2025-11-01,Home,Mixer,4,24682,10,98728,239,15993.94,105088.14,Card,Shipped,Standard
8032564,846721,2025-12-22,Electronics,Laptop,2,48388,0,96776,102,17419.68,114297.68,Card,Returned,Express
9840038,569659,2024-07-22,Fashion,Shoes,1,21300,5,21300,291,3642.3,24168.3,COD,Processing,Express
8496361,780008,2025-12-24,Home,Chair,5,26241,5,131205,77,22436.06,147157.8,COD,Processing,Standard
6218423,865620,2025-11-30,Home,Chair,4,45279,10,181116,69,29340.79,192414.19,COD,Shipped,Express
9463570,443661,2025-02-19,Home,Chair,1,33053,0,33053,123,5949.54,39125.54,COD,Shipped,Standard
1546466,243229,2024-11-27,Fashion,Shirt,2,15919,10,31838,222,5157.76,34033.96,UPI,Delivered,Express
3411414,310609,2025-05-25,Fashion,Shoes,2,48655,5,97310,416,16640.01,109500.51,UPI,Returned,Standard
9286888,873273,2024-05-16,Fashion,Shoes,1,19009,5,19009,476,3250.54,21785.09,COD,Returned,Standard
9140194,115254,2025-10-10,Home,Chair,2,47241,0,94482,161,17006.76,111649.76,Card,Returned,Standard
7167556,496329,2024-05-05,Home,Chair,1,14414,15,14414,454,2205.34,14911.24,COD,Returned,Standard
3516320,889878,2025-10-01,Home,Mixer,4,30191,15,120764,479,18476.89,121605.29,UPI,Returned,Standard
2954563,700391,2024-10-06,Fashion,Shirt,1,21193,10,21193,116,3433.27,22622.97,COD,Returned,Express
4462223,388594,2024-06-09,Electronics,Laptop,2,12853,5,25706,251,4395.73,29067.43,UPI,Shipped,Standard
5493298,521290,2025-07-21,Electronics,Laptop,3,22351,15,67053,404,10259.11,67658.16,Card,Processing,Standard
1237050,725549,2025-11-23,Home,Mixer,2,34007,0,68014,469,12242.52,80725.52,UPI,Shipped,Standard
9335516,675951,2025-10-04,Fashion,Shirt,2,22328,15,44656,232,6832.37,45021.97,Card,Returned,Standard
8597678,335994,2025-08-02,Electronics,Phone,4,26600,15,106400,103,16279.2,106822.2,COD,Returned,Standard
3416223,407746,2025-09-09,Electronics,Laptop,3,3508,15,10524,385,1610.17,10940.57,COD,Processing,Standard
3475562,533481,2024-10-27,Home,Mixer,3,1430,15,4290,242,656.37,4544.87,Card,Returned,Express
6304479,936138,2025-03-12,Electronics,Laptop,5,11632,15,58160,338,8898.48,58672.48,UPI,Processing,Express
7714835,865351,2025-09-25,Fashion,Shirt,3,25307,10,75921,4,12299.2,80632.1,UPI,Returned,Express
8407192,750152,2024-01-02,Home,Mixer,3,25703,10,77109,58,12491.66,81947.76,COD,Delivered,Standard
5574765,988627,2025-12-27,Electronics,Laptop,2,2883,15,5766,386,882.2,6169.3,COD,Returned,Express
8692839,852843,2025-08-16,Home,Mixer,5,14394,5,71970,306,12306.87,80984.37,COD,Delivered,Express
7212631,517120,2024-05-15,Home,Mixer,2,15672,5,31344,497,5359.82,35633.62,Card,Shipped,Express
7657773,781098,2024-11-15,Electronics,Phone,2,43678,0,87356,221,15724.08,103301.08,COD,Delivered,Express
2407056,111394,2025-09-02,Electronics,Phone,4,45108,0,180432,262,32477.76,213171.76,COD,Processing,Standard
1366701,880801,2024-08-21,Electronics,Laptop,1,32705,15,32705,107,5003.86,32910.11,Card,Shipped,Standard
4619273,528831,2025-11-14,Electronics,Phone,4,23535,0,94140,122,16945.2,111207.2,Card,Returned,Express
4738985,986066,2024-09-15,Fashion,Shirt,4,9782,15,39128,269,5986.58,39514.38,Card,Processing,Express
5136198,187786,2024-04-11,Home,Mixer,5,38071,0,190355,169,34263.9,224787.9,UPI,Shipped,Express
6829375,671774,2025-02-20,Fashion,Shirt,1,49913,15,49913,254,7636.69,50316.74,COD,Delivered,Express
8269472,560086,2025-04-29,Home,Mixer,3,20496,10,61488,229,9961.06,65529.26,COD,Returned,Express
2612345,547390,2024-04-27,Home,Chair,3,14533,15,43599,155,6670.65,43884.8,COD,Delivered,Express
2391475,849845,2025-04-22,Fashion,Shoes,1,4999,0,4999,494,899.82,6392.82,Card,Processing,Express
1490752,683484,2025-01-08,Home,Chair,4,4532,0,18128,231,3263.04,21622.04,Card,Processing,Standard
4916486,322313,2025-05-01,Home,Chair,2,44783,15,89566,370,13703.6,90204.7,UPI,Processing,Express
6561882,391106,2024-02-15,Electronics,Phone,4,10408,15,41632,27,6369.7,41783.9,UPI,Delivered,Standard
5027422,703818,2024-01-18,Fashion,Shirt,2,6642,10,13284,294,2152.01,14401.61,COD,Delivered,Express
4367274,976914,2025-02-09,Electronics,Laptop,2,12362,5,24724,97,4227.8,27812.6,COD,Returned,Standard
9874989,410787,2024-09-24,Fashion,Shirt,4,22806,10,91224,16,14778.29,96895.89,UPI,Shipped,Standard
3747881,141544,2024-10-25,Electronics,Laptop,4,9930,5,39720,0,6792.12,44526.12,COD,Delivered,Standard
2409903,952860,2025-07-21,Home,Mixer,2,43597,5,87194,373,14910.17,98117.47,Card,Shipped,Standard
9558028,512719,2025-07-14,Fashion,Shirt,3,19640,0,58920,481,10605.6,70006.6,COD,Processing,Express
3708417,776633,2024-11-30,Fashion,Shoes,5,34590,0,172950,479,31131.0,204560.0,UPI,Delivered,Express
2032168,429734,2024-07-22,Electronics,Laptop,2,37402,0,74804,368,13464.72,88636.72,COD,Shipped,Express
6038750,780357,2025-05-04,Electronics,Laptop,4,27125,5,108500,491,18553.5,122119.5,COD,Shipped,Standard
5203862,707110,2025-07-21,Fashion,Shirt,4,46372,0,185488,316,33387.84,219191.84,COD,Shipped,Standard
6600393,639343,2025-03-05,Home,Chair,3,42137,0,126411,160,22753.98,149324.98,Card,Returned,Express
6839705,837035,2025-11-14,Fashion,Shoes,1,42330,10,42330,242,6857.46,45196.46,Card,Returned,Standard
8109055,409906,2024-04-07,Home,Mixer,2,41472,15,82944,31,12690.43,83223.83,UPI,Returned,Standard
7236402,223806,2024-11-29,Fashion,Shirt,4,19928,5,79712,68,13630.75,89425.15,COD,Delivered,Standard
4453347,559608,2025-03-07,Home,Mixer,5,8151,10,40755,172,6602.31,43453.81,UPI,Delivered,Standard
1024908,546788,2024-03-27,Fashion,Shoes,1,14416,10,14416,125,2335.39,15434.79,COD,Shipped,Standard
9373986,921126,2025-03-08,Fashion,Shoes,2,27217,0,54434,190,9798.12,64422.12,UPI,Shipped,Express
3196108,220693,2024-01-04,Home,Chair,4,35629,15,142516,130,21804.95,143073.55,Card,Processing,Standard
3996697,161640,2024-04-04,Home,Chair,4,22274,15,89096,359,13631.69,89722.29,Card,Returned,Standard
7394000,174361,2024-09-11,Electronics,Laptop,4,43651,5,174604,424,29857.28,196155.08,COD,Delivered,Express
1033343,868360,2025-10-03,Electronics,Phone,2,45164,10,90328,140,14633.14,96068.34,UPI,Delivered,Express
4058278,838221,2024-10-08,Home,Mixer,4,5367,0,21468,493,3864.24,25825.24,UPI,Processing,Standard
1281364,849547,2025-04-25,Fashion,Shirt,3,42367,0,127101,57,22878.18,150036.18,UPI,Delivered,Standard
5444245,571325,2024-05-24,Fashion,Shoes,4,13378,15,53512,496,8187.34,54168.54,Card,Delivered,Express
7138495,306948,2025-10-05,Fashion,Shirt,1,14792,10,14792,462,2396.3,16171.1,COD,Shipped,Standard
4663337,611669,2024-04-13,Fashion,Shirt,5,29932,5,149660,481,25591.86,168249.86,COD,Shipped,Standard
7826847,495898,2024-02-24,Electronics,Laptop,5,9147,0,45735,436,8232.3,54403.3,Card,Delivered,Express
4174565,816730,2024-03-19,Home,Mixer,3,33420,10,100260,365,16242.12,106841.12,COD,Shipped,Standard
5084921,166172,2025-09-27,Home,Chair,5,18201,10,91005,228,14742.81,96875.31,COD,Processing,Standard
8014954,677795,2025-01-21,Fashion,Shirt,2,35111,15,70222,128,10743.97,70560.67,COD,Shipped,Express
4404238,947190,2025-03-05,Home,Chair,2,16978,0,33956,244,6112.08,40312.08,Card,Processing,Express
7968312,671990,2025-09-27,Home,Mixer,4,15661,10,62644,295,10148.33,66822.93,COD,Shipped,Standard
7366853,533481,2025-03-13,Fashion,Shirt,1,24136,5,24136,105,4127.26,27161.46,COD,Delivered,Standard
1723600,975909,2024-06-27,Home,Chair,4,24907,15,99628,470,15243.08,100396.88,COD,Processing,Express
3870238,882431,2024-04-24,Home,Chair,2,28393,0,56786,402,10221.48,67409.48,Card,Returned,Express
1024241,759924,2025-12-11,Fashion,Shoes,2,35013,5,70026,33,11974.45,78532.15,COD,Returned,Standard
4486221,992307,2024-05-25,Electronics,Phone,4,18063,5,72252,278,12355.09,81272.49,COD,Processing,Express
2683419,792594,2024-08-12,Fashion,Shoes,2,8244,10,16488,363,2671.06,17873.26,UPI,Delivered,Express
1962975,742202,2025-06-23,Electronics,Phone,2,36242,0,72484,271,13047.12,85802.12,Card,Delivered,Express
5884816,395018,2024-07-29,Electronics,Laptop,2,32409,15,64818,389,9917.15,65401.45,COD,Delivered,Express
3472149,408798,2024-04-17,Home,Mixer,1,33614,10,33614,292,5445.47,35990.07,UPI,Delivered,Express
7594106,313746,2025-01-19,Home,Chair,4,35776,15,143104,364,21894.91,143897.31,COD,Returned,Express
7045367,130451,2024-07-25,Home,Mixer,5,29595,5,147975,3,25303.72,165882.98,COD,Processing,Standard
4086853,766404,2024-10-31,Home,Mixer,3,39506,10,118518,328,19199.92,126194.12,COD,Returned,Express
3829094,988285,2024-12-05,Fashion,Shirt,2,21035,10,42070,388,6815.34,45066.34,UPI,Delivered,Standard
3741402,931239,2024-06-15,Home,Chair,1,7158,15,7158,361,1095.17,7540.47,Card,Shipped,Standard
9600210,968129,2024-12-25,Electronics,Laptop,4,49886,15,199544,34,30530.23,200176.63,Card,Shipped,Standard
3468461,552209,2024-07-30,Home,Chair,3,17546,15,52638,173,8053.61,52968.91,COD,Returned,Standard
9385098,132304,2024-05-01,Fashion,Shoes,5,23976,10,119880,258,19420.56,127570.56,Card,Delivered,Express
2484455,223826,2024-07-10,Home,Mixer,4,42164,10,168656,258,27322.27,179370.67,UPI,Returned,Express
8507437,614650,2024-02-02,Electronics,Laptop,4,15729,15,62916,448,9626.15,63552.75,Card,Shipped,Standard
4066086,742195,2024-06-05,Fashion,Shirt,5,26097,0,130485,346,23487.3,154318.3,UPI,Processing,Standard
5831054,921126,2025-07-28,Home,Mixer,4,34831,5,139324,240,23824.4,156422.2,COD,Shipped,Standard
5481043,733321,2025-02-07,Home,Mixer,1,49182,0,49182,436,8852.76,58470.76,Card,Delivered,Express
6867880,390365,2024-01-20,Electronics,Phone,1,36773,5,36773,83,6288.18,41305.53,UPI,Returned,Express
8424393,738524,2024-11-06,Home,Chair,5,20698,0,103490,0,18628.2,122118.2,UPI,Shipped,Express
5065973,591608,2024-11-30,Home,Chair,2,12419,10,24838,479,4023.76,26856.96,Card,Delivered,Standard
1729293,630462,2025-04-26,Home,Chair,4,4762,15,19048,386,2914.34,19491.14,UPI,Shipped,Express
4838380,671161,2025-08-01,Fashion,Shoes,2,32580,0,65160,263,11728.8,77151.8,Card,Processing,Standard
4653315,272757,2024-06-19,Electronics,Laptop,1,14755,0,14755,231,2655.9,17641.9,COD,Delivered,Standard
5510187,819830,2025-07-18,Fashion,Shoes,1,44501,10,44501,312,7209.16,47572.06,COD,Shipped,Standard
5016987,620611,2024-04-28,Home,Mixer,1,21524,5,21524,256,3680.6,24384.4,UPI,Shipped,Standard
8218371,241707,2025-09-13,Fashion,Shirt,2,17590,15,35180,266,5382.54,35551.54,COD,Processing,Standard
5696823,779129,2024-04-20,Electronics,Laptop,4,27364,10,109456,319,17731.87,116561.27,UPI,Shipped,Express
4944641,866649,2024-04-11,Fashion,Shirt,4,30476,10,121904,214,19748.45,129676.05,Card,Returned,Express
7035308,947514,2024-07-18,Fashion,Shirt,1,23312,15,23312,50,3566.74,23431.94,Card,Shipped,Standard
9223339,807249,2025-11-12,Fashion,Shirt,5,49574,15,247870,390,37924.11,249003.61,UPI,Shipped,Express
7893772,625231,2024-02-20,Electronics,Laptop,4,6535,0,26140,492,4705.2,31337.2,COD,Delivered,Express
4387657,297173,2024-02-25,Fashion,Shirt,4,30897,5,123588,171,21133.55,138713.15,Card,Delivered,Standard
8692720,807249,2024-10-11,Fashion,Shoes,2,25481,15,50962,20,7797.19,51134.89,UPI,Shipped,Standard
9615819,536388,2024-12-19,Electronics,Phone,1,34323,0,34323,101,6178.14,40602.14,UPI,Returned,Express
9886177,576789,2025-10-13,Fashion,Shirt,1,20656,0,20656,409,3718.08,24783.08,COD,Processing,Standard
6294279,836756,2024-10-01,Fashion,Shoes,3,18905,10,56715,357,9187.83,60588.33,COD,Returned,Express
1781055,357790,2025-08-25,Electronics,Laptop,3,48707,15,146121,32,22356.51,146591.36,UPI,Shipped,Standard
4901399,970355,2024-08-21,Electronics,Laptop,4,22351,5,89404,52,15288.08,100273.88,UPI,Delivered,Express
4735212,408798,2024-09-20,Fashion,Shoes,1,28657,10,28657,29,4642.43,30462.73,COD,Delivered,Standard
3603124,876474,2024-06-12,Electronics,Laptop,3,44786,15,134358,308,20556.77,135069.07,COD,Shipped,Express
8103312,731130,2024-07-05,Electronics,Laptop,3,4962,15,14886,478,2277.56,15408.66,COD,Returned,Express
3067863,436850,2025-04-26,Home,Mixer,2,46439,0,92878,180,16718.04,109776.04,COD,Processing,Express
2231988,992645,2025-08-24,Electronics,Laptop,1,27576,0,27576,374,4963.68,32913.68,COD,Delivered,Express
7990781,394426,2025-06-06,Fashion,Shoes,2,18110,10,36220,491,5867.64,38956.64,Card,Shipped,Express
8144151,571696,2025-10-19,Fashion,Shirt,2,12194,5,24388,174,4170.35,27512.95,Card,Shipped,Standard
9599772,569659,2024-05-13,Electronics,Phone,5,27614,0,138070,69,24852.6,162991.6,COD,Delivered,Express
7390799,936016,2025-08-18,Home,Mixer,3,39007,15,117021,43,17904.21,117415.06,COD,Shipped,Standard
8686004,141544,2024-11-06,Electronics,Laptop,5,15449,15,77245,31,11818.48,77507.74,COD,Returned,Standard
2587360,185714,2024-03-04,Electronics,Laptop,5,44488,0,222440,143,40039.2,262622.2,Card,Shipped,Express
4399591,514932,2024-01-27,Home,Mixer,2,24175,5,48350,45,8267.85,54245.35,UPI,Processing,Standard
1988228,187277,2025-06-15,Fashion,Shirt,4,23328,10,93312,466,15116.54,99563.34,Card,Processing,Express
7555091,619501,2025-08-31,Fashion,Shoes,5,39533,0,197665,56,35579.7,233300.7,COD,Returned,Express
4500535,141544,2025-06-13,Fashion,Shirt,1,3335,10,3335,74,540.27,3615.77,Card,Shipped,Express
4540080,553951,2025-07-16,Electronics,Laptop,2,8159,5,16318,317,2790.38,18609.48,UPI,Processing,Standard
8251462,448856,2025-07-07,Home,Mixer,5,22893,10,114465,155,18543.33,121716.83,COD,Processing,Express
9817156,512719,2024-11-17,Fashion,Shirt,5,16683,10,83415,163,13513.23,88749.73,COD,Processing,Standard
9561861,420168,2025-02-21,Fashion,Shirt,1,5706,0,5706,453,1027.08,7186.08,Card,Processing,Standard
9591532,697182,2025-05-01,Home,Mixer,4,21462,15,85848,258,13134.74,86363.54,Card,Delivered,Express
8909574,124782,2024-05-19,Fashion,Shirt,5,24699,10,123495,387,20006.19,131538.69,Card,Processing,Standard
7278903,691472,2025-05-17,Fashion,Shoes,4,16669,10,66676,451,10801.51,71260.91,Card,Shipped,Express
2764842,819982,2025-05-11,Home,Mixer,1,45911,5,45911,344,7850.78,51810.23,Card,Delivered,Express
7314823,903238,2025-12-21,Home,Mixer,4,6141,5,24564,266,4200.44,27802.24,Card,Returned,Express
5931750,857730,2024-08-08,Home,Chair,5,1500,5,7500,320,1282.5,8727.5,COD,Shipped,Express
9524295,975134,2024-07-02,Electronics,Phone,2,43245,10,86490,86,14011.38,91938.38,COD,Processing,Standard
7166068,231207,2024-10-19,Electronics,Laptop,1,16454,0,16454,274,2961.72,19689.72,UPI,Delivered,Express
6247874,284838,2025-02-03,Electronics,Laptop,2,48575,15,97150,373,14863.95,97814.45,UPI,Delivered,Standard
3949584,390365,2025-09-24,Electronics,Phone,5,19897,0,99485,130,17907.3,117522.3,Card,Delivered,Express
8074821,316783,2025-07-14,Home,Mixer,5,45475,10,227375,62,36834.75,241534.25,UPI,Delivered,Standard
5134159,915707,2024-01-30,Home,Chair,4,37645,15,150580,188,23038.74,151219.74,COD,Processing,Express
4192963,355600,2025-07-03,Electronics,Laptop,5,42347,5,211735,316,36206.68,237670.93,COD,Shipped,Express
2260055,698321,2025-03-18,Electronics,Laptop,2,34410,0,68820,193,12387.6,81400.6,UPI,Shipped,Express
4808106,805810,2025-04-22,Home,Mixer,5,9865,15,49325,200,7546.72,49672.97,COD,Delivered,Express
2433882,488521,2025-08-22,Fashion,Shirt,4,22948,0,91792,203,16522.56,108517.56,COD,Shipped,Standard
5270297,111394,2025-09-08,Fashion,Shirt,3,35049,0,105147,433,18926.46,124506.46,UPI,Returned,Express
8048543,367692,2025-11-20,Fashion,Shoes,1,9229,10,9229,35,1495.1,9836.2,Card,Shipped,Express
4743673,997264,2025-10-21,Fashion,Shirt,5,38284,5,191420,344,32732.82,214925.82,COD,Shipped,Standard
9260822,566677,2025-07-10,Electronics,Laptop,4,16355,0,65420,176,11775.6,77371.6,Card,Shipped,Express
5294260,408798,2024-08-08,Electronics,Phone,4,24913,15,99652,446,15246.76,100396.96,Card,Returned,Express
1563421,677004,2024-03-04,Home,Chair,3,16447,0,49341,467,8881.38,58689.38,Card,Processing,Express
7609453,560086,2025-10-06,Fashion,Shoes,2,14721,5,29442,109,5034.58,33113.48,UPI,Returned,Express
6783497,370500,2025-11-26,Electronics,Phone,4,19972,0,79888,216,14379.84,94483.84,Card,Delivered,Express
7736544,380521,2025-07-15,Fashion,Shoes,2,26545,0,53090,67,9556.2,62713.2,Card,Delivered,Express
8789216,696963,2024-03-19,Fashion,Shoes,3,23311,5,69933,405,11958.54,78799.89,Card,Delivered,Standard
7993529,126681,2024-05-14,Electronics,Laptop,2,47131,5,94262,103,16118.8,105770.7,COD,Returned,Express
4427921,741863,2024-05-29,Fashion,Shoes,1,38608,15,38608,182,5907.02,38905.82,UPI,Delivered,Standard
1915424,496329,2024-08-13,Fashion,Shoes,5,25264,10,126320,394,20463.84,134545.84,COD,Shipped,Standard
5788420,101661,2024-06-17,Home,Mixer,2,15109,15,30218,79,4623.35,30387.65,Card,Shipped,Express
4898316,568393,2024-10-28,Home,Mixer,2,3626,10,7252,150,1174.82,7851.62,UPI,Delivered,Express
3533306,330130,2024-10-18,Fashion,Shirt,1,41626,10,41626,316,6743.41,44522.81,Card,Returned,Express
3399171,395018,2025-01-28,Home,Mixer,1,2611,10,2611,21,422.98,2793.88,COD,Returned,Standard
6649904,724912,2024-05-07,Home,Chair,4,31883,15,127532,497,19512.4,128411.6,Card,Delivered,Standard
5977159,232434,2025-09-18,Home,Mixer,3,46719,5,140157,282,23966.85,157398.0,Card,Delivered,Express
8573499,907952,2025-10-05,Home,Mixer,2,42230,10,84460,353,13682.52,90049.52,Card,Shipped,Express
8141350,687954,2025-02-07,Fashion,Shoes,2,11068,5,22136,60,3785.26,24874.46,UPI,Returned,Standard
6056491,819861,2024-06-13,Home,Mixer,2,24275,5,48550,463,8302.05,54887.55,COD,Returned,Express
7276113,448372,2025-07-22,Electronics,Laptop,3,17936,15,53808,308,8232.62,54277.42,Card,Returned,Express
6254879,705861,2024-11-27,Fashion,Shoes,1,33134,10,33134,56,5367.71,35244.31,UPI,Returned,Standard
5350463,386171,2025-11-07,Home,Chair,3,12452,15,37356,401,5715.47,37869.07,Card,Shipped,Standard
4813673,638916,2025-09-11,Home,Chair,4,7906,0,31624,44,5692.32,37360.32,Card,Returned,Express
8609194,591608,2025-05-22,Home,Mixer,3,12139,5,36417,192,6227.31,41015.46,UPI,Returned,Express
7616045,122559,2025-01-16,Electronics,Laptop,4,6074,10,24296,324,3935.95,26126.35,COD,Shipped,Standard
6530904,942410,2025-06-23,Fashion,Shirt,4,9028,10,36112,162,5850.14,38512.94,COD,Shipped,Standard
1640338,394856,2025-09-17,Home,Mixer,1,45921,0,45921,492,8265.78,54678.78,UPI,Returned,Standard
4530843,121829,2025-01-21,Fashion,Shoes,5,47632,5,238160,487,40725.36,267464.36,COD,Shipped,Standard
2598744,541464,2024-08-08,Electronics,Phone,1,49096,15,49096,71,7511.69,49314.29,COD,Shipped,Standard
3287742,580401,2024-02-24,Home,Mixer,4,30656,15,122624,318,18761.47,123309.87,COD,Returned,Express
5145975,616267,2024-12-20,Electronics,Laptop,3,15423,15,46269,371,7079.16,46778.81,UPI,Returned,Express
6898688,873273,2024-08-20,Fashion,Shoes,5,22441,15,112205,477,17167.36,113018.61,Card,Shipped,Express
3413681,992339,2024-05-11,Home,Chair,2,15442,5,30884,249,5281.16,34869.96,Card,Shipped,Express
9399669,931239,2025-03-11,Fashion,Shirt,3,33724,15,101172,12,15479.32,101487.52,Card,Processing,Express
8499408,413111,2024-03-06,Fashion,Shoes,3,40485,10,121455,349,19675.71,129334.21,UPI,Delivered,Express
7695757,625126,2025-08-29,Home,Mixer,5,11067,10,55335,75,8964.27,58840.77,Card,Shipped,Standard
5206108,349953,2024-05-05,Home,Chair,5,44624,0,223120,68,40161.6,263349.6,COD,Shipped,Express
1211182,696853,2024-08-03,Electronics,Phone,5,35870,0,179350,86,32283.0,211719.0,COD,Shipped,Express
7991042,485989,2025-04-13,Electronics,Laptop,2,44300,15,88600,289,13555.8,89154.8,COD,Delivered,Express
6297773,697982,2025-09-01,Electronics,Phone,2,21351,0,42702,394,7686.36,50782.36,UPI,Returned,Express
3400278,860705,2024-07-02,Electronics,Phone,2,4865,10,9730,13,1576.26,10346.26,Card,Delivered,Express
6343298,693458,2024-09-04,Electronics,Phone,4,47101,0,188404,240,33912.72,222556.72,UPI,Returned,Express
2160915,187277,2024-07-22,Electronics,Phone,3,42456,0,127368,348,22926.24,150642.24,COD,Delivered,Express
4470357,626635,2025-12-26,Fashion,Shirt,5,35702,15,178510,455,27312.03,179500.53,COD,Returned,Standard
7481280,413447,2025-07-19,Fashion,Shoes,4,25087,15,100348,78,15353.24,100727.04,UPI,Processing,Express
4529246,641693,2025-10-21,Fashion,Shirt,3,47785,15,143355,263,21933.31,144048.07,UPI,Returned,Standard
7709728,124782,2025-03-17,Fashion,Shirt,2,1789,5,3578,1,611.84,4011.94,COD,Processing,Express
9560843,654028,2025-07-07,Electronics,Phone,1,40499,15,40499,94,6196.35,40714.5,Card,Delivered,Express
2512915,422249,2025-05-24,Electronics,Laptop,3,45701,5,137103,370,23444.61,154062.46,Card,Shipped,Express
8855454,906425,2024-09-30,Fashion,Shirt,3,14341,15,43023,24,6582.52,43176.07,Card,Returned,Standard
4546062,361681,2025-04-08,Home,Chair,3,31728,0,95184,405,17133.12,112722.12,COD,Returned,Express
2888761,805810,2025-12-25,Fashion,Shoes,2,29181,10,58362,93,9454.64,62073.44,COD,Returned,Standard
3326265,677509,2024-08-17,Electronics,Phone,2,11156,10,22312,208,3614.54,23903.34,COD,Shipped,Standard
7376185,269890,2024-04-28,Home,Chair,3,33266,5,99798,424,17065.46,112297.56,UPI,Delivered,Standard
2875162,671869,2024-01-17,Fashion,Shoes,4,6702,10,26808,444,4342.9,28914.1,COD,Processing,Standard
7479557,925244,2024-07-03,Home,Mixer,5,10238,15,51190,344,7832.07,51687.57,Card,Processing,Standard
9683486,706261,2024-07-01,Fashion,Shoes,4,48650,15,194600,206,29773.8,195389.8,Card,Returned,Express
5112334,310609,2024-04-21,Fashion,Shirt,3,4991,5,14973,11,2560.38,16795.73,COD,Shipped,Express
8831620,863594,2024-02-23,Home,Chair,1,37725,0,37725,202,6790.5,44717.5,Card,Delivered,Express
9102379,382359,2024-03-17,Home,Chair,2,48072,5,96144,453,16440.62,108230.42,COD,Delivered,Standard
2373068,921722,2024-12-20,Fashion,Shirt,4,37545,0,150180,367,27032.4,177579.4,COD,Shipped,Standard
3715030,783682,2024-06-09,Electronics,Laptop,4,38195,5,152780,307,26125.38,171573.38,Card,Delivered,Express
1097590,735046,2025-05-04,Electronics,Laptop,3,15048,0,45144,0,8125.92,53269.92,UPI,Processing,Standard
6920360,880801,2024-11-18,Fashion,Shirt,5,35595,10,177975,421,28831.95,189430.45,Card,Processing,Express
1942942,807686,2025-12-21,Electronics,Laptop,5,47979,15,239895,202,36703.93,240816.68,UPI,Processing,Standard
8710069,825303,2025-07-16,Home,Chair,4,43229,10,172916,39,28012.39,183675.79,Card,Processing,Express
3290485,115267,2025-03-13,Home,Mixer,2,43859,15,87718,3,13420.85,87984.15,Card,Processing,Standard
9387273,126681,2024-12-02,Electronics,Laptop,3,16053,15,48159,179,7368.33,48482.48,Card,Processing,Standard
7437873,828813,2025-10-31,Electronics,Laptop,1,43324,0,43324,73,7798.32,51195.32,UPI,Returned,Standard
4385594,139758,2025-08-26,Home,Mixer,5,21476,0,107380,46,19328.4,126754.4,COD,Delivered,Standard
4167352,168495,2025-10-20,Electronics,Phone,2,36148,10,72296,489,11711.95,77267.35,COD,Delivered,Standard
2028967,276312,2024-05-23,Home,Chair,1,8414,0,8414,121,1514.52,10049.52,UPI,Returned,Express
6707769,498700,2024-07-16,Home,Chair,3,47229,0,141687,105,25503.66,167295.66,Card,Shipped,Standard
4299979,314771,2025-02-17,Fashion,Shoes,1,1724,5,1724,344,294.8,2276.6,COD,Processing,Express
9031298,335994,2025-09-13,Fashion,Shirt,1,15528,10,15528,13,2515.54,16503.74,COD,Processing,Standard
5703146,730662,2025-03-31,Electronics,Phone,2,27841,5,55682,233,9521.62,62652.52,UPI,Processing,Standard
3997312,696963,2025-01-28,Electronics,Phone,5,9991,10,49955,391,8092.71,53443.21,UPI,Processing,Express
9345322,439411,2024-05-16,Fashion,Shoes,1,3350,10,3350,447,542.7,4004.7,COD,Returned,Express
9479767,811118,2025-03-26,Fashion,Shirt,2,22680,5,45360,117,7756.56,50965.56,COD,Returned,Standard
9852977,956728,2024-01-22,Home,Mixer,5,24779,5,123895,457,21186.04,139343.29,UPI,Returned,Express
8000625,310609,2025-02-02,Fashion,Shirt,1,1678,0,1678,130,302.04,2110.04,UPI,Processing,Standard
1806876,334581,2024-07-15,Electronics,Laptop,5,40725,5,203625,367,34819.88,228630.62,COD,Delivered,Standard
3604543,969711,2024-12-17,Fashion,Shoes,3,6365,15,19095,149,2921.53,19301.28,COD,Delivered,Express
4226931,736944,2025-07-10,Electronics,Phone,1,37199,0,37199,423,6695.82,44317.82,COD,Processing,Standard
1170276,309546,2024-11-13,Fashion,Shirt,4,35779,0,143116,261,25760.88,169137.88,COD,Processing,Standard
6160605,508744,2025-06-12,Fashion,Shoes,5,25988,0,129940,342,23389.2,153671.2,UPI,Returned,Express
8026689,823092,2024-05-10,Electronics,Phone,3,29080,0,87240,390,15703.2,103333.2,COD,Returned,Express
2199026,907668,2024-11-09,Electronics,Laptop,1,40970,5,40970,51,7005.87,45978.37,UPI,Returned,Standard
4094851,367459,2025-10-12,Fashion,Shoes,1,10655,15,10655,397,1630.21,11083.97,COD,Returned,Express
1401910,460020,2024-08-29,Home,Chair,4,19979,5,79916,426,13665.64,90011.84,Card,Delivered,Express
7319750,265892,2025-04-24,Electronics,Laptop,4,15060,5,60240,114,10301.04,67643.04,UPI,Processing,Express
5855562,568393,2025-07-26,Home,Mixer,2,5462,5,10924,471,1868.0,12716.8,COD,Processing,Standard
9563123,534555,2025-03-24,Electronics,Phone,1,44480,5,44480,16,7606.08,49878.08,Card,Processing,Standard
3490198,856589,2025-12-27,Electronics,Laptop,3,42538,15,127614,295,19524.94,128291.84,Card,Delivered,Standard
5784351,797034,2025-07-08,Home,Mixer,1,13012,15,13012,46,1990.84,13097.04,COD,Returned,Express
3311664,868360,2025-08-16,Fashion,Shirt,1,16902,0,16902,342,3042.36,20286.36,COD,Shipped,Standard
3864550,907952,2024-10-19,Fashion,Shirt,5,7056,5,35280,429,6032.88,39977.88,COD,Shipped,Express
6005640,248413,2024-11-16,Fashion,Shoes,5,17331,5,86655,204,14818.0,97344.26,UPI,Processing,Express
9533278,592117,2025-06-20,Electronics,Phone,2,11630,10,23260,152,3768.12,24854.12,COD,Shipped,Express
4922315,674615,2025-11-21,Home,Mixer,3,31110,5,93330,323,15959.43,104945.93,Card,Shipped,Express
6174727,292122,2025-07-12,Electronics,Laptop,4,47837,5,191348,222,32720.51,214723.11,COD,Processing,Standard
8525394,240891,2024-02-28,Fashion,Shoes,1,42662,5,42662,2,7295.2,47826.1,UPI,Shipped,Standard
4547642,735068,2024-09-25,Electronics,Laptop,5,16880,0,84400,345,15192.0,99937.0,UPI,Shipped,Express
9530371,696963,2025-10-24,Home,Chair,5,31623,10,158115,78,25614.63,167996.13,COD,Delivered,Standard
4261103,687629,2025-04-07,Fashion,Shoes,5,19271,15,96355,150,14742.31,96794.07,UPI,Delivered,Standard
1874183,115267,2024-04-28,Home,Mixer,3,38378,0,115134,263,20724.12,136121.12,UPI,Processing,Express
4453783,960341,2024-12-18,Fashion,Shirt,1,17476,15,17476,223,2673.83,17751.43,Card,Returned,Standard
7312124,284838,2024-09-22,Home,Chair,4,3981,10,15924,135,2579.69,17046.29,UPI,Shipped,Express
6498500,141544,2024-02-14,Electronics,Phone,3,8813,10,26439,464,4283.12,28542.22,UPI,Returned,Standard
6980082,921722,2024-01-07,Electronics,Phone,5,18508,10,92540,392,14991.48,98669.48,COD,Delivered,Standard
7427609,679147,2024-05-10,Home,Chair,3,45635,15,136905,260,20946.47,137575.71,UPI,Delivered,Standard
1740477,667675,2024-08-11,Home,Mixer,1,34102,0,34102,261,6138.36,40501.36,UPI,Delivered,Standard
7633254,474121,2024-11-09,Home,Mixer,3,44516,15,133548,306,20432.84,134254.64,Card,Processing,Standard
2482616,248413,2025-06-03,Home,Mixer,4,17020,5,68080,410,11641.68,76727.68,Card,Processing,Standard
3638018,997871,2025-04-21,Fashion,Shirt,1,25242,10,25242,138,4089.2,26945.0,Card,Shipped,Express
9278709,505334,2024-04-22,Fashion,Shoes,2,6394,5,12788,289,2186.75,14624.35,COD,Returned,Standard
3584107,278624,2024-08-06,Electronics,Laptop,2,741,10,1482,32,240.08,1605.88,COD,Delivered,Standard
6914320,279849,2025-05-05,Home,Mixer,5,1511,10,7555,343,1223.91,8366.41,Card,Processing,Standard
6185573,917620,2024-02-14,Home,Mixer,5,37269,5,186345,164,31864.99,209056.74,UPI,Delivered,Express
4033100,444031,2025-03-06,Electronics,Laptop,4,23395,5,93580,288,16002.18,105191.18,UPI,Shipped,Standard
1674559,541365,2025-10-25,Home,Chair,1,38411,5,38411,427,6568.28,43485.73,COD,Processing,Standard
9087206,992625,2024-03-22,Fashion,Shirt,2,38042,0,76084,138,13695.12,89917.12,UPI,Processing,Standard
8734863,464885,2024-07-15,Electronics,Phone,3,11903,0,35709,217,6427.62,42353.62,Card,Returned,Express
6979342,587355,2025-09-14,Fashion,Shirt,4,27546,5,110184,238,18841.46,123754.26,COD,Processing,Standard
6785801,940775,2024-09-25,Home,Chair,4,14460,15,57840,204,8849.52,58217.52,UPI,Shipped,Standard
6826275,409828,2024-05-01,Home,Chair,1,12484,0,12484,118,2247.12,14849.12,COD,Processing,Express
9647631,512357,2024-12-29,Electronics,Laptop,1,12618,5,12618,370,2157.68,14514.78,COD,Delivered,Express
4652181,161640,2025-02-13,Home,Mixer,2,46292,0,92584,308,16665.12,109557.12,Card,Returned,Standard
3244074,930665,2024-05-28,Electronics,Phone,5,44389,10,221945,232,35955.09,235937.59,UPI,Returned,Standard
5050796,131011,2025-03-16,Fashion,Shirt,5,21909,5,109545,158,18732.19,122957.95,Card,Returned,Standard
7954568,313819,2025-01-30,Fashion,Shoes,2,43683,0,87366,448,15725.88,103539.88,UPI,Shipped,Standard
2060810,267214,2024-10-25,Electronics,Laptop,5,34026,5,170130,368,29092.23,191083.73,Card,Shipped,Standard
5024911,373045,2025-06-15,Home,Chair,2,33825,0,67650,11,12177.0,79838.0,Card,Processing,Standard
5314111,943652,2024-03-02,Home,Mixer,5,27663,0,138315,182,24896.7,163393.7,COD,Processing,Express
6024910,512357,2025-02-26,Home,Mixer,4,49048,10,196192,329,31783.1,208684.9,COD,Delivered,Standard
9976483,628594,2024-01-01,Fashion,Shirt,3,14543,5,43629,78,7460.56,48986.11,COD,Returned,Standard
8780481,654061,2025-09-11,Fashion,Shirt,4,10523,15,42092,48,6440.08,42266.28,UPI,Processing,Express
6611212,936016,2024-10-20,Fashion,Shoes,1,27706,15,27706,217,4239.02,28006.12,Card,Returned,Express
8429535,133302,2025-01-13,Fashion,Shirt,3,3109,15,9327,120,1427.03,9474.98,UPI,Delivered,Express
1273709,917406,2024-07-04,Fashion,Shirt,4,26851,5,107404,373,18366.08,120772.88,UPI,Delivered,Express
9251503,542621,2025-10-06,Home,Mixer,2,5567,5,11134,485,1903.91,12966.21,COD,Shipped,Standard
9185677,132304,2025-07-31,Electronics,Laptop,5,30031,15,150155,236,22973.72,150841.46,Card,Processing,Standard
3226107,428498,2025-10-09,Home,Mixer,4,33010,0,132040,472,23767.2,156279.2,UPI,Returned,Express
1446257,327120,2025-12-28,Fashion,Shoes,1,47653,10,47653,296,7719.79,50903.49,UPI,Delivered,Express
8131503,132075,2024-12-11,Fashion,Shirt,4,2199,15,8796,454,1345.79,9276.39,Card,Processing,Express
7498181,394426,2024-02-10,Home,Chair,3,22047,15,66141,154,10119.57,66493.42,COD,Delivered,Express
4138534,495520,2024-12-14,Home,Mixer,2,26164,0,52328,436,9419.04,62183.04,Card,Shipped,Standard
5794664,665829,2025-04-12,Home,Chair,5,36949,0,184745,216,33254.1,218215.1,Card,Returned,Standard
7337394,110398,2024-04-25,Fashion,Shirt,1,14973,5,14973,478,2560.38,17262.73,Card,Processing,Express
4197201,654061,2024-03-10,Home,Chair,3,10232,0,30696,442,5525.28,36663.28,Card,Processing,Express
7698320,915557,2024-01-05,Electronics,Phone,2,9942,15,19884,224,3042.25,20167.65,Card,Returned,Express
1431381,502628,2024-02-19,Fashion,Shirt,4,26936,15,107744,270,16484.83,108337.23,COD,Shipped,Standard
5083706,254485,2024-10-14,Electronics,Laptop,1,8625,15,8625,246,1319.62,8896.88,Card,Delivered,Express
9122585,897911,2024-06-06,Home,Chair,5,4889,15,24445,160,3740.09,24678.33,UPI,Processing,Express
6705561,671161,2025-07-09,Electronics,Phone,2,27773,10,55546,44,8998.45,59033.85,Card,Processing,Standard
7081470,992339,2025-12-24,Electronics,Phone,1,30872,15,30872,358,4723.42,31322.62,UPI,Returned,Standard
8468423,278585,2025-02-08,Electronics,Phone,1,22469,15,22469,165,3437.76,22701.41,Card,Returned,Express
6192067,560743,2025-01-10,Electronics,Laptop,5,25445,10,127225,151,20610.45,135263.95,UPI,Delivered,Express
2321041,575329,2025-06-23,Fashion,Shoes,1,9996,5,9996,187,1709.32,11392.52,Card,Returned,Express
1972989,175027,2024-12-19,Electronics,Laptop,1,46925,0,46925,104,8446.5,55475.5,COD,Returned,Standard
9703411,517120,2025-09-04,Electronics,Laptop,1,49156,10,49156,309,7963.27,52512.67,UPI,Processing,Express
6290913,807217,2025-02-25,Fashion,Shoes,3,41776,15,125328,176,19175.18,125879.98,UPI,Shipped,Standard
3638146,175027,2025-07-22,Electronics,Phone,4,5645,5,22580,107,3861.18,25419.18,UPI,Processing,Standard
3282152,846178,2024-10-08,Fashion,Shoes,1,10082,5,10082,291,1724.02,11592.92,UPI,Delivered,Express
1888201,580005,2024-04-04,Fashion,Shirt,3,15464,5,46392,369,7933.03,52374.43,UPI,Shipped,Standard
7070067,462493,2025-05-16,Fashion,Shirt,2,45243,0,90486,124,16287.48,106897.48,COD,Delivered,Express
8927210,986066,2024-05-22,Fashion,Shoes,4,35300,15,141200,309,21603.6,141932.6,COD,Processing,Express
5055192,409828,2024-08-18,Electronics,Phone,2,8507,10,17014,263,2756.27,18331.87,Card,Returned,Standard
1713892,165348,2024-03-23,Fashion,Shoes,2,31767,0,63534,385,11436.12,75355.12,Card,Returned,Standard
1583325,714190,2024-02-23,Fashion,Shoes,1,44734,5,44734,432,7649.51,50578.81,COD,Delivered,Standard
1242619,444031,2025-04-19,Home,Mixer,2,32200,5,64400,186,11012.4,72378.4,Card,Shipped,Standard
9008244,315413,2024-04-19,Electronics,Phone,4,21390,0,85560,480,15400.8,101440.8,Card,Shipped,Express
8695039,936565,2025-12-07,Home,Mixer,1,26952,15,26952,244,4123.66,27276.86,COD,Processing,Standard
8835299,587355,2025-04-27,Electronics,Laptop,5,20346,0,101730,85,18311.4,120126.4,Card,Delivered,Standard
8202774,456814,2024-07-26,Home,Chair,1,22524,0,22524,284,4054.32,26862.32,COD,Delivered,Express
5074831,956096,2025-08-21,Electronics,Laptop,4,49432,15,197728,50,30252.38,198371.18,Card,Processing,Standard
7808046,936016,2024-02-22,Fashion,Shoes,2,36244,10,72488,80,11743.06,77062.26,Card,Delivered,Standard
3950221,335994,2025-06-06,Electronics,Phone,3,280,15,840,420,128.52,1262.52,COD,Shipped,Express
2740421,379482,2024-03-25,Home,Mixer,1,15146,5,15146,137,2589.97,17115.67,COD,Processing,Express
5072514,634008,2025-08-25,Home,Chair,1,42069,5,42069,471,7193.8,47630.35,UPI,Delivered,Standard
5779700,958102,2024-08-13,Fashion,Shoes,5,5168,10,25840,27,4186.08,27469.08,COD,Delivered,Standard
6107184,916256,2025-01-10,Electronics,Phone,5,7434,15,37170,490,5687.01,37771.51,COD,Processing,Standard
4861090,696963,2024-03-05,Electronics,Laptop,1,44564,0,44564,381,8021.52,52966.52,Card,Delivered,Express
1420385,286204,2024-01-28,Home,Mixer,1,3635,5,3635,350,621.58,4424.84,UPI,Returned,Standard
2769794,987302,2025-05-19,Home,Mixer,4,41406,0,165624,323,29812.32,195759.32,UPI,Shipped,Standard
4447880,413111,2024-08-30,Electronics,Phone,4,32496,0,129984,446,23397.12,153827.12,Card,Shipped,Express
8205886,123406,2025-06-07,Fashion,Shirt,4,22856,5,91424,190,15633.5,102676.3,Card,Processing,Standard
5789239,226762,2024-01-04,Electronics,Laptop,5,29386,5,146930,133,25125.03,164841.53,COD,Returned,Standard
9318263,624677,2024-08-05,Home,Mixer,2,39283,0,78566,1,14141.88,92708.88,COD,Processing,Standard
5704085,630462,2025-02-04,Home,Mixer,4,9089,10,36356,255,5889.67,38865.07,UPI,Delivered,Standard
6143870,640075,2024-12-23,Home,Mixer,1,17658,10,17658,2,2860.6,18754.8,UPI,Delivered,Standard
2840337,437643,2025-07-22,Fashion,Shirt,2,46753,15,93506,275,14306.42,94061.52,UPI,Returned,Express
8823701,931239,2025-01-17,Home,Chair,3,3960,10,11880,203,1924.56,12819.56,UPI,Delivered,Standard
3329116,209496,2024-12-13,Home,Chair,2,31302,0,62604,479,11268.72,74351.72,COD,Delivered,Express
5716921,435317,2025-05-22,Home,Chair,2,4054,5,8108,158,1386.47,9247.07,Card,Shipped,Express
6250395,921126,2024-12-11,Fashion,Shirt,3,22807,10,68421,416,11084.2,73079.1,UPI,Delivered,Express
6224275,698507,2025-06-28,Home,Mixer,2,13382,0,26764,23,4817.52,31604.52,UPI,Returned,Express
6698091,800216,2024-04-12,Electronics,Phone,4,35263,10,141052,389,22850.42,150186.22,COD,Shipped,Express
1597476,879974,2024-05-03,Fashion,Shoes,4,1145,0,4580,131,824.4,5535.4,Card,Shipped,Express
5983099,329408,2025-10-15,Fashion,Shirt,3,21426,15,64278,143,9834.53,64613.83,Card,Shipped,Express
4299539,917907,2024-06-04,Electronics,Phone,2,45447,5,90894,348,15542.87,102240.17,Card,Returned,Standard
5280918,810161,2024-02-29,Fashion,Shoes,3,10315,5,30945,13,5291.6,34702.35,COD,Delivered,Express
8793961,924646,2025-07-08,Home,Chair,5,14113,0,70565,286,12701.7,83552.7,COD,Processing,Standard
9433922,669285,2025-05-02,Fashion,Shirt,1,6186,10,6186,230,1002.13,6799.53,UPI,Returned,Standard
9908640,508744,2025-01-18,Electronics,Phone,2,17934,0,35868,481,6456.24,42805.24,Card,Processing,Express
4736115,349953,2024-12-22,Home,Chair,4,21585,15,86340,385,13210.02,86984.02,UPI,Shipped,Standard
1056551,417518,2024-10-18,Fashion,Shirt,4,9962,15,39848,166,6096.74,40133.54,COD,Shipped,Standard
6254756,747817,2025-01-02,Home,Chair,2,41967,5,83934,493,14352.71,94583.01,COD,Delivered,Express
8660556,925244,2025-02-20,Home,Mixer,2,26113,10,52226,243,8460.61,55707.01,UPI,Shipped,Express
2860470,917620,2025-03-05,Electronics,Phone,1,39452,10,39452,316,6391.22,42214.02,Card,Shipped,Express
2082501,453319,2024-07-11,Fashion,Shirt,5,34427,10,172135,46,27885.87,182853.37,UPI,Shipped,Express
8155173,688626,2024-06-29,Fashion,Shoes,4,40164,0,160656,231,28918.08,189805.08,UPI,Processing,Standard
6926572,131011,2024-01-09,Fashion,Shoes,4,44135,5,176540,398,30188.34,198299.34,Card,Processing,Express
5233234,810161,2024-07-02,Electronics,Phone,4,22970,5,91880,231,15711.48,103228.48,Card,Returned,Express
1706665,866649,2025-05-24,Fashion,Shirt,4,3076,5,12304,381,2103.98,14173.78,UPI,Processing,Express
3349041,658388,2025-12-31,Home,Mixer,3,26337,15,79011,253,12088.68,79501.03,UPI,Processing,Express
9468003,926399,2024-02-05,Electronics,Laptop,2,19997,10,39994,86,6479.03,42559.63,COD,Returned,Standard
6122799,180852,2024-02-25,Fashion,Shoes,5,12215,15,61075,205,9344.48,61463.22,COD,Returned,Standard
7285865,958102,2024-05-02,Fashion,Shoes,1,20257,15,20257,479,3099.32,20796.77,COD,Delivered,Express
6761117,814747,2024-03-27,Electronics,Laptop,3,14757,15,44271,165,6773.46,44568.81,COD,Returned,Express
7697933,284838,2025-03-17,Fashion,Shirt,5,48310,0,241550,113,43479.0,285142.0,UPI,Delivered,Standard
4003100,455850,2025-03-19,Electronics,Laptop,1,25612,5,25612,105,4379.65,28816.05,COD,Returned,Express
1879751,541365,2025-04-17,Home,Chair,4,36492,0,145968,146,26274.24,172388.24,COD,Shipped,Express
8853196,391160,2025-05-27,Fashion,Shoes,3,1523,10,4569,180,740.18,5032.28,COD,Processing,Express
6473589,276312,2024-06-14,Home,Chair,3,21731,15,65193,244,9974.53,65632.58,UPI,Returned,Express
3742046,248413,2025-04-11,Home,Mixer,3,4121,5,12363,472,2114.07,14330.92,Card,Delivered,Standard
4849739,455567,2025-09-30,Home,Mixer,2,2010,15,4020,93,615.06,4125.06,COD,Shipped,Standard
9056363,477973,2025-05-20,Fashion,Shirt,2,36121,5,72242,333,12353.38,81316.28,UPI,Delivered,Standard
3733908,730662,2024-06-03,Electronics,Phone,4,16161,15,64644,334,9890.53,65171.93,COD,Processing,Express
8157726,956728,2025-12-14,Electronics,Phone,1,32317,10,32317,429,5235.35,34749.65,COD,Returned,Express
7680461,921722,2024-02-01,Home,Chair,2,46431,10,92862,299,15043.64,98918.44,UPI,Returned,Express
2836740,407746,2025-07-19,Electronics,Laptop,3,39695,10,119085,326,19291.77,126794.27,UPI,Shipped,Standard
6240057,988627,2024-03-14,Fashion,Shoes,1,15709,15,15709,187,2403.48,15943.13,UPI,Processing,Standard
2531979,620611,2025-06-22,Fashion,Shoes,1,48180,15,48180,391,7371.54,48715.54,Card,Processing,Express
8701950,409906,2025-12-28,Electronics,Laptop,2,4071,5,8142,202,1392.28,9329.18,Card,Returned,Standard
3727561,820487,2024-05-03,Home,Chair,5,421,15,2105,293,322.06,2404.32,Card,Processing,Standard
8302003,219446,2024-01-29,Home,Mixer,1,28004,10,28004,137,4536.65,29877.25,Card,Shipped,Standard
9229614,755152,2024-08-27,Fashion,Shoes,1,5809,15,5809,150,888.78,5976.43,UPI,Shipped,Express
3351443,646243,2024-03-01,Home,Mixer,5,33119,5,165595,314,28316.74,185945.99,COD,Processing,Standard
2058945,521290,2024-08-06,Home,Chair,3,39951,10,119853,448,19416.19,127731.89,UPI,Delivered,Express
1520618,611554,2024-03-23,Home,Mixer,2,25371,10,50742,350,8220.2,54238.0,Card,Returned,Standard
9958420,196136,2024-07-13,Electronics,Phone,5,45317,5,226585,95,38746.03,254096.79,UPI,Delivered,Standard
9040928,773494,2024-06-28,Home,Mixer,4,14476,15,57904,168,8859.31,58245.71,UPI,Shipped,Express
3222239,118971,2025-09-27,Electronics,Phone,4,1880,0,7520,105,1353.6,8978.6,Card,Shipped,Express
5005993,460020,2024-06-30,Electronics,Phone,2,20228,15,40456,157,6189.77,40734.37,UPI,Processing,Standard
1747160,104203,2025-10-13,Electronics,Laptop,5,11019,0,55095,499,9917.1,65511.1,COD,Returned,Express
6059396,992645,2025-08-13,Home,Chair,3,5893,0,17679,172,3182.22,21033.22,COD,Returned,Express
7946450,925244,2025-01-24,Fashion,Shoes,5,30722,10,153610,364,24884.82,163497.82,COD,Delivered,Standard
8771976,894212,2025-09-18,Electronics,Laptop,4,22870,10,91480,120,14819.76,97271.76,UPI,Delivered,Standard
5314324,986534,2025-05-11,Home,Chair,2,34727,5,69454,352,11876.63,78209.93,COD,Returned,Standard
6850221,917907,2024-02-08,Electronics,Laptop,2,26176,5,52352,208,8952.19,58894.59,Card,Delivered,Standard
6588658,512719,2024-07-04,Fashion,Shoes,2,42264,5,84528,394,14454.29,95149.89,Card,Processing,Express
9660380,567317,2025-08-21,Fashion,Shoes,2,13404,15,26808,46,4101.62,26934.42,COD,Returned,Standard
7131171,462493,2025-06-28,Electronics,Phone,4,13795,10,55180,387,8939.16,58988.16,Card,Processing,Express
1568952,956096,2025-06-18,Home,Chair,5,39905,0,199525,197,35914.5,235636.5,Card,Processing,Express
4021645,278624,2025-11-08,Fashion,Shoes,5,47540,15,237700,340,36368.1,238753.1,Card,Processing,Express
8167642,364616,2024-09-15,Electronics,Phone,4,49980,5,199920,375,34186.32,224485.32,UPI,Returned,Express
4735075,872703,2025-03-31,Home,Mixer,4,31956,0,127824,474,23008.32,151306.32,COD,Returned,Express
9331285,235527,2025-08-21,Home,Mixer,5,28233,15,141165,137,21598.24,141725.49,Card,Shipped,Standard
7230861,708129,2025-05-31,Fashion,Shirt,4,16780,15,67120,446,10269.36,67767.36,UPI,Processing,Express
5245917,980753,2024-06-09,Fashion,Shoes,5,46998,0,234990,275,42298.2,277563.2,Card,Delivered,Standard
5079479,838221,2024-12-04,Home,Mixer,2,21735,0,43470,211,7824.6,51505.6,COD,Processing,Express
2108416,167543,2024-02-11,Electronics,Laptop,3,33746,5,101238,40,17311.7,113527.8,Card,Returned,Express
5355576,214044,2025-12-06,Electronics,Phone,3,9918,5,29754,53,5087.93,33407.23,Card,Delivered,Standard
5910267,358349,2024-05-14,Fashion,Shirt,2,15341,10,30682,58,4970.48,32642.28,COD,Delivered,Standard
9617889,319247,2024-11-14,Fashion,Shirt,2,6430,15,12860,51,1967.58,12949.58,Card,Processing,Standard
1567226,517915,2024-05-08,Fashion,Shirt,4,36416,10,145664,399,23597.57,155094.17,Card,Shipped,Express
5925463,370500,2024-05-23,Home,Mixer,4,9731,10,38924,243,6305.69,41580.29,UPI,Processing,Standard
9022182,708129,2025-09-08,Fashion,Shirt,5,45849,10,229245,91,37137.69,243549.19,UPI,Delivered,Standard
9082221,696963,2025-10-06,Fashion,Shirt,5,45876,5,229380,306,39223.98,257440.98,UPI,Returned,Express
3745112,666345,2024-11-27,Fashion,Shirt,2,38661,5,77322,186,13222.06,86863.96,COD,Returned,Express
2551980,920720,2025-08-25,Home,Chair,3,25679,0,77037,494,13866.66,91397.66,Card,Shipped,Express
9898946,359309,2025-06-14,Fashion,Shirt,4,46327,15,185308,91,28352.12,185954.92,COD,Returned,Standard
4340380,620611,2024-03-31,Home,Chair,4,22517,10,90068,324,14591.02,95976.22,COD,Returned,Standard
1840635,654061,2024-08-11,Home,Chair,3,21153,15,63459,256,9709.23,63905.38,UPI,Returned,Standard
9772515,317699,2025-12-02,Fashion,Shoes,1,19436,10,19436,55,3148.63,20696.03,Card,Processing,Express
6693596,245223,2025-09-01,Home,Chair,2,15958,15,31916,73,4883.15,32084.75,COD,Returned,Standard
5797737,294936,2024-06-29,Electronics,Laptop,3,3786,5,11358,388,1942.22,13120.32,Card,Shipped,Express
2108336,420468,2024-08-03,Home,Mixer,5,35649,5,178245,347,30479.9,200159.64,Card,Returned,Express
4788887,791236,2025-11-25,Electronics,Laptop,3,39803,15,119409,84,18269.58,119851.23,COD,Delivered,Standard
3844743,992625,2024-03-04,Home,Mixer,5,826,5,4130,390,706.23,5019.73,UPI,Returned,Standard
3438010,925244,2025-04-14,Electronics,Phone,3,23333,10,69999,155,11339.84,74493.94,Card,Processing,Standard
8268297,960341,2024-02-13,Home,Chair,3,22590,5,67770,303,11588.67,76273.17,Card,Delivered,Express
6267140,778592,2025-10-22,Fashion,Shoes,1,30731,5,30731,292,5255.0,34741.45,COD,Shipped,Standard
4350668,547482,2025-11-10,Home,Chair,2,23600,5,47200,361,8071.2,53272.2,COD,Returned,Express
8801445,978384,2024-07-24,Electronics,Phone,4,19872,15,79488,423,12161.66,80149.46,COD,Processing,Standard
4105240,380521,2025-03-12,Electronics,Laptop,4,3771,15,15084,137,2307.85,15266.25,UPI,Delivered,Express
1014770,923669,2024-04-26,Home,Chair,1,14706,10,14706,491,2382.37,16108.77,COD,Returned,Express
4392515,436850,2025-05-18,Electronics,Phone,5,30911,0,154555,327,27819.9,182701.9,UPI,Returned,Express
1849992,180375,2024-02-16,Fashion,Shoes,4,31313,15,125252,400,19163.56,126027.76,UPI,Returned,Standard
1294179,567022,2025-12-21,Electronics,Phone,5,7530,0,37650,430,6777.0,44857.0,COD,Returned,Standard
2283015,580401,2025-07-20,Home,Mixer,5,780,15,3900,142,596.7,4053.7,Card,Delivered,Express
7489887,185991,2025-06-24,Electronics,Laptop,4,38150,15,152600,368,23347.8,153425.8,COD,Delivered,Express
7065575,528053,2025-09-05,Home,Mixer,5,6895,15,34475,321,5274.68,34899.43,Card,Shipped,Express
8332899,997871,2024-07-02,Fashion,Shoes,1,26940,15,26940,34,4121.82,27054.82,Card,Processing,Express
4148810,578001,2025-04-13,Fashion,Shoes,4,18804,0,75216,489,13538.88,89243.88,COD,Delivered,Express
3705179,755152,2025-03-27,Home,Mixer,2,789,10,1578,415,255.64,2090.84,Card,Processing,Express
1082473,420168,2024-06-23,Home,Chair,3,37235,15,111705,481,17090.86,112521.11,UPI,Returned,Standard
8145245,920720,2024-04-17,Electronics,Laptop,3,37899,5,113697,178,19442.19,127632.34,COD,Delivered,Express
1530811,122056,2024-09-29,Fashion,Shoes,4,32854,0,131416,172,23654.88,155242.88,Card,Delivered,Express
5125423,315756,2025-04-26,Fashion,Shoes,3,17203,5,51609,219,8825.14,58072.69,COD,Delivered,Standard
2040675,946776,2024-05-15,Fashion,Shirt,5,48711,15,243555,163,37263.92,244448.67,UPI,Shipped,Standard
7591571,759924,2024-01-21,Electronics,Phone,4,31153,5,124612,423,21308.65,140113.05,COD,Returned,Express
2888672,185321,2025-04-20,Fashion,Shirt,1,16921,5,16921,113,2893.49,19081.44,COD,Shipped,Standard
7200890,243229,2024-05-10,Home,Chair,1,25009,5,25009,441,4276.54,28476.09,Card,Returned,Express
7279629,966249,2025-01-01,Electronics,Phone,4,4177,15,16708,269,2556.32,17027.12,UPI,Returned,Standard
3242262,231788,2024-08-04,Fashion,Shoes,5,3283,5,16415,325,2806.96,18726.22,COD,Delivered,Express
7388757,436850,2025-10-28,Home,Mixer,5,27262,15,136310,281,20855.43,136999.93,COD,Returned,Express
9780490,168495,2024-05-17,Electronics,Laptop,3,1865,5,5595,105,956.75,6376.99,COD,Processing,Standard
2576842,807217,2025-11-30,Fashion,Shirt,4,41674,15,166696,172,25504.49,167368.09,Card,Delivered,Standard
6341127,892290,2025-07-26,Home,Mixer,3,12514,5,37542,458,6419.68,42542.58,UPI,Delivered,Standard
9220503,780008,2024-01-11,Home,Mixer,5,41051,5,205255,62,35098.6,230152.85,COD,Delivered,Express
1064464,560086,2024-05-27,Fashion,Shirt,3,13269,10,39807,84,6448.73,42359.03,COD,Processing,Express
8846459,203835,2024-08-21,Electronics,Phone,3,36930,10,110790,11,17947.98,117669.98,UPI,Returned,Express
4941874,317699,2025-02-22,Home,Mixer,1,6729,15,6729,365,1029.54,7114.19,UPI,Delivered,Express
7772786,109652,2025-10-25,Fashion,Shoes,5,23383,10,116915,404,18940.23,124567.73,Card,Processing,Express
2341889,167543,2024-12-05,Electronics,Phone,1,31377,10,31377,149,5083.07,33471.37,Card,Shipped,Express
8264839,559608,2024-02-29,Home,Mixer,2,4663,0,9326,38,1678.68,11042.68,UPI,Returned,Express
7308153,422249,2025-07-13,Fashion,Shoes,5,11806,0,59030,205,10625.4,69860.4,UPI,Processing,Standard
1319732,612536,2024-09-20,Fashion,Shirt,3,33319,5,99957,324,17092.65,112375.8,UPI,Returned,Express
6774910,288289,2024-09-17,Fashion,Shirt,2,8621,0,17242,464,3103.56,20809.56,Card,Processing,Standard
9634439,268010,2024-04-22,Electronics,Phone,4,44424,0,177696,135,31985.28,209816.28,COD,Shipped,Standard
5919366,536388,2024-11-07,Home,Chair,3,40796,5,122388,263,20928.35,137459.95,COD,Returned,Standard
4888572,575003,2025-10-09,Home,Chair,5,43464,10,217320,212,35205.84,231005.84,UPI,Processing,Standard
7683683,236725,2024-12-18,Home,Mixer,1,26217,5,26217,306,4483.11,29695.26,Card,Delivered,Standard
9328961,254485,2025-07-10,Home,Chair,2,8302,0,16604,62,2988.72,19654.72,UPI,Processing,Express
7781506,268010,2024-01-19,Fashion,Shoes,2,25729,0,51458,206,9262.44,60926.44,COD,Returned,Standard
7194501,213174,2025-10-29,Home,Mixer,2,11703,5,23406,79,4002.43,26317.13,Card,Returned,Standard
1836013,989508,2024-07-07,Fashion,Shirt,4,30975,15,123900,432,18956.7,124703.7,Card,Delivered,Standard
2035340,398615,2024-04-05,Fashion,Shoes,3,28527,10,85581,98,13864.12,90985.02,Card,Processing,Standard
7839471,947190,2024-05-09,Fashion,Shoes,1,45477,10,45477,368,7367.27,48664.57,UPI,Delivered,Standard
8186390,677980,2025-09-15,Electronics,Laptop,1,4664,0,4664,392,839.52,5895.52,Card,Processing,Standard
3637318,303548,2025-07-14,Fashion,Shoes,4,23957,15,95828,222,14661.68,96337.48,Card,Shipped,Express
3433907,958102,2025-05-03,Electronics,Phone,4,8957,5,35828,402,6126.59,40565.19,UPI,Processing,Standard
6546632,426948,2025-10-14,Fashion,Shirt,2,19973,15,39946,266,6111.74,40331.84,COD,Returned,Standard
4198555,193582,2024-08-28,Electronics,Laptop,4,16756,0,67024,137,12064.32,79225.32,UPI,Delivered,Standard
3366054,627467,2024-04-11,Fashion,Shoes,5,28629,5,143145,186,24477.79,160651.54,Card,Returned,Standard
9251247,276312,2025-10-29,Home,Chair,5,34231,10,171155,418,27727.11,182184.61,UPI,Delivered,Standard
7934436,677795,2025-11-04,Fashion,Shoes,4,17698,0,70792,487,12742.56,84021.56,Card,Delivered,Standard
6260356,552209,2024-07-25,Fashion,Shoes,2,22767,0,45534,156,8196.12,53886.12,COD,Processing,Express
1099936,595185,2024-11-04,Fashion,Shirt,1,35364,0,35364,492,6365.52,42221.52,COD,Shipped,Standard
7132271,337961,2024-04-15,Home,Chair,4,43551,15,174204,92,26653.21,174818.61,UPI,Processing,Express
7251737,124782,2025-05-09,Electronics,Phone,1,1289,5,1289,154,220.42,1598.97,Card,Delivered,Standard
7082488,675457,2024-04-17,Home,Chair,1,20978,0,20978,76,3776.04,24830.04,Card,Shipped,Express
2343810,731130,2024-08-03,Home,Chair,2,38793,5,77586,380,13267.21,87353.91,Card,Delivered,Express
7438879,664635,2024-11-26,Fashion,Shirt,4,46362,10,185448,208,30042.58,197153.78,COD,Processing,Express
3210811,248413,2024-07-17,Home,Mixer,5,45793,5,228965,46,39153.01,256715.77,UPI,Delivered,Standard
1608039,536396,2025-04-27,Home,Mixer,2,26691,15,53382,493,8167.45,54035.15,UPI,Returned,Express
3374007,667911,2025-11-07,Home,Chair,3,10220,15,30660,497,4690.98,31248.98,UPI,Returned,Express
1828862,226762,2025-11-23,Fashion,Shoes,2,8396,0,16792,455,3022.56,20269.56,Card,Shipped,Express
6179607,714190,2024-02-19,Fashion,Shoes,4,49718,10,198872,321,32217.26,211523.06,Card,Returned,Express
5437687,712851,2025-09-12,Electronics,Laptop,5,8006,10,40030,189,6484.86,42700.86,COD,Shipped,Standard
6585908,187786,2024-03-03,Electronics,Phone,1,46006,10,46006,172,7452.97,49030.37,Card,Processing,Standard
1680485,553981,2024-09-03,Home,Mixer,2,3408,10,6816,91,1104.19,7329.59,Card,Returned,Standard
2328325,935817,2024-06-30,Fashion,Shoes,3,941,5,2823,460,482.73,3624.58,Card,Processing,Express
3141536,267379,2024-12-16,Home,Chair,1,10183,15,10183,78,1558.0,10291.55,UPI,Shipped,Express
3303470,132191,2024-01-22,Electronics,Phone,5,41430,5,207150,405,35422.65,232620.15,COD,Shipped,Express
5025373,275514,2025-08-22,Fashion,Shoes,2,36767,15,73534,335,11250.7,74089.6,Card,Shipped,Standard
6326788,447222,2025-10-11,Fashion,Shoes,3,13055,0,39165,145,7049.7,46359.7,COD,Delivered,Express
4536684,998576,2024-02-02,Electronics,Phone,1,34688,5,34688,349,5931.65,39234.25,COD,Delivered,Express
3641567,417518,2025-04-25,Home,Chair,1,9638,5,9638,224,1648.1,11028.2,COD,Returned,Standard
8447697,461153,2025-02-13,Home,Chair,1,22460,10,22460,128,3638.52,23980.52,Card,Delivered,Standard
4340467,145599,2024-03-31,Fashion,Shirt,1,1469,0,1469,226,264.42,1959.42,UPI,Returned,Standard
7853957,743486,2024-05-07,Electronics,Laptop,5,15203,0,76015,405,13682.7,90102.7,UPI,Processing,Standard
7248931,936565,2025-02-09,Home,Chair,2,13032,15,26064,198,3987.79,26340.19,Card,Processing,Standard
3209167,730662,2025-09-07,Fashion,Shirt,3,39947,10,119841,227,19414.24,127498.14,COD,Delivered,Standard
6220498,512719,2024-01-10,Home,Chair,3,26966,15,80898,272,12377.39,81412.69,Card,Processing,Express
4076459,285819,2024-03-31,Electronics,Laptop,2,24256,10,48512,363,7858.94,51882.74,Card,Delivered,Express
8719828,667911,2024-11-12,Electronics,Phone,1,30362,5,30362,124,5191.9,34159.8,UPI,Shipped,Express
1413996,627467,2024-06-01,Electronics,Phone,4,28920,10,115680,395,18740.16,123247.16,COD,Processing,Express
3990186,121829,2025-01-01,Electronics,Phone,2,41236,0,82472,466,14844.96,97782.96,UPI,Shipped,Standard
3044073,988598,2025-08-08,Fashion,Shirt,1,10745,0,10745,31,1934.1,12710.1,COD,Delivered,Express
1530749,969711,2025-05-20,Fashion,Shirt,1,38030,5,38030,360,6503.13,42991.63,UPI,Delivered,Standard
3363641,426370,2024-12-06,Electronics,Laptop,3,33435,5,100305,71,17152.15,112512.9,Card,Delivered,Standard
7949880,578001,2024-06-21,Electronics,Phone,1,14235,0,14235,366,2562.3,17163.3,Card,Shipped,Standard
5896780,394856,2025-12-07,Home,Chair,5,28425,0,142125,451,25582.5,168158.5,COD,Shipped,Standard
9606104,328160,2024-05-07,Electronics,Phone,2,34212,0,68424,291,12316.32,81031.32,COD,Delivered,Express
4565998,667911,2025-10-27,Fashion,Shoes,4,20994,10,83976,326,13604.11,89508.51,COD,Processing,Express
1955308,940775,2024-07-06,Electronics,Phone,3,47144,10,141432,199,22911.98,150399.78,UPI,Delivered,Express
2188599,837035,2024-04-26,Home,Chair,1,48177,10,48177,447,7804.67,51610.97,UPI,Returned,Express
9798228,358349,2024-11-16,Fashion,Shoes,1,39578,5,39578,309,6767.84,44675.94,COD,Processing,Standard
9617034,671869,2025-12-30,Fashion,Shoes,1,46589,0,46589,274,8386.02,55249.02,Card,Delivered,Express
8115736,142686,2025-05-31,Fashion,Shirt,2,33393,10,66786,208,10819.33,71134.73,UPI,Processing,Express
5505027,154665,2025-05-09,Fashion,Shoes,1,42899,10,42899,433,6949.64,45991.74,UPI,Delivered,Express
8885947,168495,2025-06-23,Electronics,Laptop,3,5480,10,16440,337,2663.28,17796.28,Card,Processing,Standard
8398837,351273,2024-08-28,Home,Chair,5,29521,10,147605,245,23912.01,157001.51,Card,Shipped,Standard
8810932,111016,2025-12-20,Electronics,Laptop,1,4858,15,4858,495,743.27,5367.57,COD,Processing,Express
2367893,313819,2025-07-22,Fashion,Shoes,4,30524,10,122096,411,19779.55,130076.95,UPI,Returned,Express
6755754,497655,2025-02-12,Home,Chair,2,16015,10,32030,141,5188.86,34156.86,COD,Delivered,Standard
2783823,540366,2024-03-27,Home,Mixer,2,49147,0,98294,214,17692.92,116200.92,Card,Returned,Standard
6033829,807249,2025-04-01,Electronics,Laptop,4,21130,10,84520,104,13692.24,89864.24,COD,Processing,Express
4846098,204857,2025-06-06,Electronics,Phone,1,46956,0,46956,400,8452.08,55808.08,Card,Returned,Standard
1746665,334037,2025-09-24,Electronics,Phone,1,17496,15,17496,235,2676.89,17783.49,COD,Returned,Standard
4985710,820487,2025-01-01,Electronics,Phone,4,29187,10,116748,211,18913.18,124197.38,UPI,Processing,Standard
2945686,992307,2025-11-02,Electronics,Phone,4,5478,15,21912,472,3352.54,22449.74,Card,Shipped,Standard
4449123,679147,2025-07-15,Home,Mixer,2,42374,15,84748,114,12966.44,85116.24,COD,Shipped,Express
4005155,209340,2025-04-21,Electronics,Laptop,1,957,15,957,247,146.42,1206.87,COD,Returned,Standard
7592022,316783,2025-04-11,Home,Mixer,5,16753,10,83765,143,13569.93,89101.43,COD,Delivered,Express
7797843,281411,2025-04-13,Home,Chair,3,32153,10,96459,252,15626.36,102691.46,UPI,Delivered,Express
3160825,879858,2025-06-30,Home,Mixer,5,42474,5,212370,47,36315.27,238113.77,UPI,Processing,Express
4877421,572745,2024-12-20,Home,Chair,5,1768,5,8840,419,1511.64,10328.64,COD,Delivered,Express
4467145,667675,2024-07-01,Electronics,Laptop,4,13961,0,55844,383,10051.92,66278.92,UPI,Delivered,Standard
9184459,547390,2025-09-05,Electronics,Phone,4,36497,0,145988,67,26277.84,172332.84,UPI,Delivered,Standard
3572416,367695,2025-02-16,Electronics,Laptop,5,20392,5,101960,254,17435.16,114551.16,Card,Returned,Express
2956669,322313,2024-09-30,Fashion,Shoes,1,11618,15,11618,180,1777.55,11832.85,COD,Shipped,Express
7428307,592117,2024-04-17,Home,Mixer,2,23868,10,47736,211,7733.23,50906.63,UPI,Delivered,Express
8464680,692383,2025-06-05,Home,Chair,2,26024,10,52048,200,8431.78,55474.98,Card,Shipped,Standard
7022246,408306,2025-06-28,Electronics,Laptop,3,47441,5,142323,289,24337.23,159833.08,COD,Shipped,Express
1352015,118035,2024-07-06,Fashion,Shoes,4,38621,15,154484,123,23636.05,155070.45,COD,Delivered,Express
9076753,320153,2024-01-17,Fashion,Shoes,1,43125,0,43125,300,7762.5,51187.5,Card,Returned,Standard
9186516,885988,2025-05-22,Home,Mixer,4,45590,5,182360,85,31183.56,204510.56,COD,Shipped,Express
1983287,847473,2025-01-21,Electronics,Phone,3,13188,5,39564,80,6765.44,44431.24,Card,Shipped,Standard
5181453,422249,2025-01-30,Home,Mixer,2,28021,5,56042,245,9583.18,63068.08,UPI,Returned,Express
5763447,722378,2025-09-24,Electronics,Laptop,1,20669,10,20669,241,3348.38,22191.48,COD,Shipped,Standard
3909651,778592,2024-10-21,Home,Chair,2,3219,15,6438,203,985.01,6660.31,UPI,Processing,Standard
9497950,303548,2024-09-21,Fashion,Shirt,2,48777,0,97554,30,17559.72,115143.72,UPI,Returned,Standard
8866464,150917,2024-02-28,Home,Mixer,5,43501,10,217505,463,35235.81,231453.31,UPI,Shipped,Express
2144516,999192,2024-07-10,Fashion,Shirt,3,12613,0,37839,287,6811.02,44937.02,UPI,Returned,Express
6334099,149744,2024-03-16,Home,Chair,3,37499,10,112497,91,18224.51,119562.81,UPI,Delivered,Standard
2451413,721998,2024-04-29,Electronics,Laptop,3,22380,10,67140,135,10876.68,71437.68,COD,Delivered,Standard
5379430,664352,2025-06-25,Home,Chair,3,2046,0,6138,3,1104.84,7245.84,COD,Shipped,Standard
9725476,213174,2025-10-26,Fashion,Shoes,2,14712,10,29424,391,4766.69,31639.29,UPI,Delivered,Standard
6066512,409828,2025-05-04,Fashion,Shirt,2,25839,15,51678,318,7906.73,52151.03,COD,Processing,Standard
3175419,512461,2024-11-23,Electronics,Laptop,1,26674,5,26674,212,4561.25,30113.55,COD,Delivered,Express
1995829,670659,2025-03-17,Fashion,Shoes,4,1203,0,4812,131,866.16,5809.16,UPI,Delivered,Express
6291663,677795,2025-05-21,Home,Chair,2,27844,15,55688,456,8520.26,56311.06,COD,Delivered,Standard
2328727,815208,2024-08-23,Home,Mixer,4,1854,0,7416,101,1334.88,8851.88,UPI,Shipped,Standard
3471833,124782,2024-05-31,Fashion,Shoes,3,7303,5,21909,481,3746.44,25040.99,Card,Returned,Standard
9388791,299060,2024-08-30,Home,Chair,2,8767,5,17534,24,2998.31,19679.61,COD,Delivered,Express
3185560,608480,2025-04-30,Electronics,Phone,1,9668,5,9668,449,1653.23,11286.83,COD,Returned,Standard
3896664,759924,2025-10-19,Electronics,Phone,4,32282,0,129128,281,23243.04,152652.04,COD,Delivered,Express
1410648,344406,2025-07-04,Electronics,Phone,3,31685,5,95055,207,16254.4,106763.65,COD,Returned,Standard
9976682,426249,2024-08-22,Electronics,Laptop,5,12950,0,64750,432,11655.0,76837.0,COD,Shipped,Express
1011320,409906,2025-12-04,Home,Chair,1,12704,0,12704,68,2286.72,15058.72,COD,Processing,Express
2028495,547482,2024-09-26,Home,Chair,1,41265,0,41265,435,7427.7,49127.7,Card,Processing,Standard
2159699,220260,2024-07-23,Home,Mixer,2,10723,10,21446,99,3474.25,22874.65,UPI,Returned,Express
7057295,443661,2024-01-28,Fashion,Shirt,5,46681,10,233405,299,37811.61,248175.11,Card,Processing,Express
9007345,496329,2024-08-30,Fashion,Shoes,1,34707,0,34707,241,6247.26,41195.26,COD,Returned,Express
1805685,496403,2025-10-26,Electronics,Laptop,5,12571,10,62855,287,10182.51,67039.01,COD,Shipped,Express
9804205,936016,2025-04-25,Fashion,Shoes,3,38243,10,114729,183,18586.1,122025.2,UPI,Processing,Express
9956082,611669,2025-12-22,Home,Mixer,2,15476,15,30952,45,4735.66,31089.86,UPI,Processing,Express
2299719,580005,2025-05-20,Home,Mixer,1,31784,0,31784,183,5721.12,37688.12,UPI,Shipped,Express
8710851,780008,2024-04-15,Fashion,Shoes,2,5827,10,11654,216,1887.95,12592.55,COD,Processing,Express
8624259,395018,2025-12-18,Fashion,Shirt,3,39931,0,119793,24,21562.74,141379.74,COD,Processing,Express
1296220,223826,2025-12-10,Fashion,Shoes,1,18253,15,18253,243,2792.71,18550.76,UPI,Returned,Standard
5623560,791875,2024-07-10,Fashion,Shoes,1,16022,0,16022,35,2883.96,18940.96,UPI,Shipped,Standard
6970937,306948,2025-11-06,Fashion,Shirt,3,5873,5,17619,345,3012.85,20095.9,COD,Shipped,Express
8526754,560743,2025-11-15,Fashion,Shirt,1,35464,10,35464,272,5745.17,37934.77,COD,Processing,Express
2348266,268010,2024-11-14,Home,Mixer,1,14284,15,14284,19,2185.45,14345.85,UPI,Shipped,Express
6824350,512461,2025-03-23,Electronics,Laptop,5,28491,15,142455,157,21795.61,143039.36,UPI,Shipped,Express
2080003,109652,2025-05-23,Fashion,Shirt,2,33874,15,67748,316,10365.44,68267.24,Card,Returned,Standard
3933868,873273,2024-12-02,Fashion,Shoes,4,18949,10,75796,339,12278.95,80834.35,UPI,Returned,Express
3971380,640075,2024-09-04,Electronics,Phone,5,32673,15,163365,55,24994.84,163910.1,UPI,Returned,Express
1073091,367613,2024-07-29,Electronics,Laptop,5,253,10,1265,22,204.93,1365.43,UPI,Returned,Standard
7621385,861773,2025-01-04,Home,Mixer,2,7912,15,15824,28,2421.07,15899.47,COD,Shipped,Standard
4248857,198418,2024-11-11,Electronics,Phone,5,2899,15,14495,293,2217.74,14831.49,Card,Returned,Express
4756958,500960,2025-04-11,Electronics,Laptop,3,7239,0,21717,433,3909.06,26059.06,Card,Delivered,Standard
3592963,109652,2025-10-11,Home,Chair,3,5855,10,17565,366,2845.53,19020.03,UPI,Processing,Express
9162844,460020,2025-09-25,Fashion,Shoes,1,15046,0,15046,159,2708.28,17913.28,Card,Shipped,Express
3059118,624677,2024-05-24,Home,Mixer,2,2003,15,4006,33,612.92,4051.02,Card,Processing,Standard
6836677,370500,2024-05-22,Home,Mixer,4,10812,5,43248,255,7395.41,48736.01,Card,Shipped,Express
9784393,872190,2024-11-25,Fashion,Shoes,1,35472,5,35472,100,6065.71,39864.11,COD,Shipped,Express
9233348,273202,2025-03-15,Home,Mixer,5,19893,15,99465,480,15218.14,100243.4,Card,Processing,Express
2727807,429734,2024-07-07,Fashion,Shoes,4,30156,5,120624,97,20626.7,135316.5,UPI,Processing,Standard
3966512,207829,2025-10-03,Home,Chair,4,20648,5,82592,433,14123.23,93018.63,UPI,Returned,Express
9390429,547007,2025-03-03,Fashion,Shirt,5,14207,10,71035,240,11507.67,75679.17,Card,Processing,Express
6181482,125594,2025-01-26,Home,Mixer,2,3781,5,7562,328,1293.1,8805.0,COD,Processing,Standard
2632560,541365,2024-03-29,Fashion,Shoes,2,25768,5,51536,8,8812.66,57779.86,COD,Returned,Express
6032518,455567,2024-12-08,Home,Mixer,4,16079,10,64316,386,10419.19,68689.59,UPI,Returned,Express
2482164,101661,2024-02-14,Fashion,Shirt,3,49741,15,149223,235,22831.12,149905.67,UPI,Returned,Express
2954811,741863,2024-01-02,Home,Chair,2,24311,15,48622,231,7439.17,48998.87,Card,Returned,Express
6406601,895460,2024-09-22,Home,Mixer,1,9165,15,9165,450,1402.24,9642.49,COD,Processing,Express
8404748,897926,2025-08-21,Home,Chair,1,36190,0,36190,479,6514.2,43183.2,COD,Delivered,Standard
5838745,919885,2024-09-07,Home,Chair,2,31714,0,63428,250,11417.04,75095.04,UPI,Returned,Standard
8377886,770156,2024-02-23,Electronics,Phone,3,20718,10,62154,49,10068.95,66056.55,COD,Processing,Express
5841586,591608,2024-02-19,Home,Chair,5,25640,15,128200,42,19614.6,128626.6,Card,Shipped,Standard
9494223,115254,2024-05-29,Home,Chair,5,44976,5,224880,397,38454.48,252487.48,Card,Shipped,Express
8368678,804851,2025-01-18,Electronics,Phone,5,34596,15,172980,455,26465.94,173953.94,UPI,Delivered,Express
9936904,805810,2025-03-24,Electronics,Phone,5,36466,0,182330,193,32819.4,215342.4,COD,Delivered,Standard
8745122,532271,2025-06-10,Home,Mixer,1,10502,10,10502,207,1701.32,11360.12,Card,Returned,Express
3507720,937223,2025-09-27,Home,Chair,1,4673,10,4673,146,757.03,5108.73,UPI,Processing,Express
6099142,553951,2024-07-25,Home,Chair,2,6808,15,13616,77,2083.25,13733.85,UPI,Returned,Express
5522535,132075,2025-09-06,Electronics,Laptop,4,48699,5,194796,320,33310.12,218686.32,COD,Delivered,Standard
2300327,897911,2025-11-26,Home,Mixer,1,44838,5,44838,35,7667.3,50298.4,COD,Returned,Express
5800450,569659,2024-06-13,Fashion,Shirt,1,14732,0,14732,81,2651.76,17464.76,UPI,Returned,Express
1568794,992307,2025-06-10,Fashion,Shirt,5,12845,0,64225,122,11560.5,75907.5,COD,Delivered,Standard
7648001,367613,2025-12-10,Home,Mixer,5,6078,5,30390,459,5196.69,34526.19,COD,Processing,Express
3181525,681331,2024-08-22,Electronics,Phone,1,33331,15,33331,377,5099.64,33807.99,UPI,Shipped,Standard
9214494,960341,2025-03-19,Fashion,Shoes,2,17301,15,34602,418,5294.11,35123.81,COD,Delivered,Express
6426658,414117,2024-11-03,Electronics,Phone,2,49595,15,99190,274,15176.07,99761.57,UPI,Returned,Standard
5401923,495898,2025-09-03,Electronics,Laptop,4,33333,10,133332,360,21599.78,141958.58,UPI,Shipped,Standard
3038898,229919,2025-01-08,Home,Mixer,5,38019,10,190095,18,30795.39,201898.89,UPI,Returned,Standard
5855617,547390,2025-05-01,Electronics,Phone,2,24131,0,48262,256,8687.16,57205.16,Card,Processing,Standard
8310816,461153,2024-02-01,Fashion,Shirt,5,35304,10,176520,106,28596.24,187570.24,COD,Delivered,Standard
4720690,421269,2024-08-17,Electronics,Laptop,5,817,5,4085,221,698.53,4800.28,COD,Shipped,Express
5093150,667675,2025-09-10,Fashion,Shirt,1,1672,0,1672,147,300.96,2119.96,COD,Delivered,Express
7552468,512461,2024-04-01,Electronics,Laptop,3,34647,10,103941,175,16838.44,110560.34,COD,Processing,Express
2223447,743486,2024-02-09,Electronics,Laptop,4,4656,15,18624,394,2849.47,19073.87,COD,Shipped,Standard
7747843,664352,2025-09-08,Fashion,Shirt,4,47239,10,188956,60,30610.87,200731.27,Card,Processing,Express
3120388,533481,2025-01-14,Home,Mixer,2,44332,10,88664,267,14363.57,94428.17,UPI,Delivered,Standard
5257927,329408,2025-05-15,Home,Chair,3,35052,5,105156,266,17981.68,118145.88,Card,Delivered,Express
1707329,361681,2025-12-23,Fashion,Shirt,3,46618,5,139854,456,23915.03,157232.33,UPI,Shipped,Express
5253977,857730,2024-05-16,Home,Mixer,5,2949,0,14745,306,2654.1,17705.1,Card,Returned,Standard
4944927,654061,2024-04-17,Home,Mixer,4,40257,0,161028,374,28985.04,190387.04,UPI,Delivered,Standard
6685735,367692,2024-06-29,Home,Mixer,5,43993,0,219965,44,39593.7,259602.7,UPI,Shipped,Express
2352127,213392,2024-04-30,Home,Mixer,3,6333,10,18999,159,3077.84,20335.94,UPI,Processing,Express
5336131,221171,2024-04-22,Electronics,Laptop,1,26143,10,26143,15,4235.17,27778.87,UPI,Delivered,Express
7399246,533481,2025-08-20,Home,Mixer,4,46340,10,185360,52,30028.32,196904.32,COD,Processing,Express
2750678,880147,2025-07-13,Home,Mixer,5,26596,10,132980,493,21542.76,141717.76,UPI,Shipped,Standard
3205376,229230,2024-03-16,Fashion,Shoes,2,15714,5,31428,285,5374.19,35515.79,UPI,Processing,Standard
5055632,455311,2025-12-10,Fashion,Shirt,1,41665,15,41665,493,6374.74,42283.0,UPI,Returned,Express
9156211,235527,2025-01-02,Fashion,Shirt,5,4986,5,24930,256,4263.03,28202.53,Card,Returned,Express
6436702,205954,2025-08-01,Fashion,Shoes,1,28351,15,28351,101,4337.7,28537.05,Card,Returned,Express
8756044,180375,2025-11-17,Electronics,Phone,1,13850,10,13850,301,2243.7,15009.7,Card,Delivered,Standard
7825262,205837,2024-11-25,Electronics,Phone,3,15941,5,47823,13,8177.73,53622.58,COD,Returned,Express
2363174,322313,2024-01-03,Electronics,Laptop,2,38986,5,77972,227,13333.21,87633.61,UPI,Processing,Express
9554207,611554,2025-10-20,Fashion,Shirt,4,9723,0,38892,278,7000.56,46170.56,UPI,Returned,Standard
8859217,649636,2024-10-07,Home,Chair,1,38165,5,38165,422,6526.22,43204.96,COD,Returned,Express
1603225,501873,2024-06-19,Fashion,Shirt,1,10916,5,10916,379,1866.64,12615.84,COD,Delivered,Express
8289364,255619,2024-01-16,Electronics,Phone,1,21859,15,21859,348,3344.43,22272.58,Card,Delivered,Standard
4333894,194793,2024-03-13,Home,Chair,5,34607,15,173035,281,26474.35,173835.11,Card,Returned,Express
7611220,654383,2025-04-22,Fashion,Shoes,3,40977,15,122931,264,18808.44,123563.79,COD,Shipped,Express
5370036,310609,2024-03-03,Fashion,Shirt,1,45190,10,45190,109,7320.78,48100.78,COD,Delivered,Standard
3147557,496652,2025-02-13,Fashion,Shoes,2,1387,15,2774,353,424.42,3135.32,Card,Delivered,Express
3236113,981557,2024-06-17,Fashion,Shirt,4,41026,10,164104,420,26584.85,174698.45,Card,Delivered,Standard
7336235,686546,2024-04-19,Home,Mixer,5,47620,0,238100,97,42858.0,281055.0,Card,Shipped,Express
1927307,807686,2024-06-13,Fashion,Shoes,1,31378,5,31378,100,5365.64,35274.74,COD,Delivered,Express
1300490,367613,2024-11-28,Electronics,Laptop,5,16630,15,83150,380,12721.95,83779.45,COD,Delivered,Express
1899854,327120,2024-03-15,Electronics,Laptop,1,22534,10,22534,165,3650.51,24096.11,Card,Returned,Standard
8394933,533481,2024-11-05,Fashion,Shirt,1,3783,10,3783,65,612.85,4082.55,UPI,Shipped,Standard
1065509,123406,2024-09-03,Fashion,Shirt,3,19070,15,57210,205,8753.13,57586.63,UPI,Returned,Standard
6804194,346038,2025-03-27,Home,Mixer,5,25869,5,129345,17,22117.99,145012.74,UPI,Delivered,Express
9640192,900875,2024-12-02,Fashion,Shirt,3,11451,15,34353,364,5256.01,34820.06,UPI,Processing,Standard
8473032,560743,2024-09-16,Home,Mixer,3,19208,10,57624,259,9335.09,61455.69,UPI,Returned,Express
6479332,426370,2024-04-24,Fashion,Shirt,4,1282,15,5128,236,784.58,5379.38,Card,Returned,Standard
4114688,980753,2025-04-25,Home,Chair,3,45874,5,137622,131,23533.36,154405.26,UPI,Delivered,Standard
4507351,960912,2025-04-06,Home,Chair,5,39436,10,197180,30,31943.16,209435.16,UPI,Returned,Standard
8394440,316783,2025-05-16,Fashion,Shirt,3,43085,10,129255,53,20939.31,137321.81,Card,Shipped,Standard
4594539,686546,2024-09-18,Home,Mixer,2,34826,5,69652,210,11910.49,78289.89,UPI,Shipped,Standard
4357460,925244,2024-05-30,Home,Chair,1,4234,5,4234,49,724.01,4795.31,UPI,Processing,Express
7530403,498700,2025-11-28,Home,Chair,5,33467,5,167335,265,28614.28,187847.54,UPI,Processing,Express
6569602,309546,2025-04-29,Fashion,Shirt,4,39764,0,159056,320,28630.08,188006.08,COD,Processing,Standard
8430097,903238,2024-09-13,Fashion,Shoes,3,40811,10,122433,384,19834.15,130407.85,UPI,Returned,Express
5680369,278624,2024-10-16,Fashion,Shoes,1,42714,5,42714,465,7304.09,48347.39,Card,Delivered,Express
5602965,477973,2024-07-10,Home,Chair,2,29220,10,58440,119,9467.28,62182.28,COD,Shipped,Standard
3710558,996626,2025-11-24,Home,Chair,3,38693,15,116079,211,17760.09,116638.24,COD,Processing,Express
6036877,502628,2024-09-19,Fashion,Shirt,3,27680,10,83040,96,13452.48,88284.48,UPI,Shipped,Standard
2465563,625126,2024-12-03,Home,Chair,1,32909,5,32909,201,5627.44,37091.99,COD,Processing,Express
2179781,679147,2024-04-13,Electronics,Phone,5,33184,5,165920,333,28372.32,186329.32,COD,Delivered,Express
9877010,272803,2025-11-28,Home,Mixer,4,20457,15,81828,293,12519.68,82366.48,COD,Returned,Standard
9045769,978393,2025-02-27,Electronics,Laptop,1,15019,5,15019,239,2568.25,17075.3,Card,Returned,Express
5088548,747817,2024-08-19,Home,Mixer,1,39674,0,39674,367,7141.32,47182.32,UPI,Shipped,Express
2603993,232466,2024-02-17,Fashion,Shirt,3,1037,0,3111,28,559.98,3698.98,UPI,Shipped,Standard
9382767,571217,2025-08-14,Fashion,Shoes,4,33901,10,135604,302,21967.85,144313.45,COD,Returned,Standard
3013966,224976,2024-01-14,Home,Chair,4,41039,15,164156,432,25115.87,165080.47,Card,Processing,Express
8548594,721998,2024-10-05,Fashion,Shirt,2,33963,0,67926,139,12226.68,80291.68,UPI,Delivered,Standard
9483315,990231,2025-01-26,Fashion,Shirt,1,24133,5,24133,11,4126.74,27064.09,UPI,Processing,Express
3800939,205954,2025-10-09,Home,Mixer,5,36893,5,184465,241,31543.51,207026.27,UPI,Shipped,Express
2892664,502327,2024-04-04,Home,Mixer,5,25081,15,125405,233,19186.97,126014.21,COD,Returned,Express
6447839,474294,2025-07-02,Home,Mixer,1,27293,0,27293,283,4912.74,32488.74,COD,Delivered,Express
9754003,501873,2025-04-04,Electronics,Laptop,5,31018,10,155090,22,25124.58,164727.58,Card,Delivered,Express
7331054,632380,2025-02-28,Electronics,Laptop,2,29897,10,59794,107,9686.63,63608.23,UPI,Returned,Express
4761556,204993,2025-11-06,Fashion,Shirt,3,20022,5,60066,197,10271.29,67530.99,UPI,Returned,Standard
9739526,603554,2024-07-12,Electronics,Laptop,4,47737,0,190948,227,34370.64,225545.64,Card,Shipped,Express
2607694,972787,2024-09-02,Home,Mixer,4,23818,0,95272,135,17148.96,112555.96,UPI,Processing,Standard
8562029,269890,2024-03-16,Electronics,Laptop,1,28360,15,28360,32,4339.08,28477.08,COD,Delivered,Standard
4835479,669285,2024-10-12,Fashion,Shoes,2,24405,10,48810,121,7907.22,51957.22,UPI,Delivered,Standard
2878134,220260,2025-06-21,Home,Chair,4,18983,0,75932,209,13667.76,89808.76,COD,Shipped,Express
2465084,474121,2025-11-07,Electronics,Laptop,1,5045,5,5045,297,862.69,5952.44,Card,Processing,Express
8988950,722378,2025-09-15,Home,Chair,1,16501,5,16501,371,2821.67,18868.62,Card,Delivered,Express
5224047,362768,2025-05-15,Fashion,Shoes,1,29255,10,29255,99,4739.31,31167.81,Card,Shipped,Express
9627500,904423,2025-10-17,Fashion,Shirt,2,24491,0,48982,52,8816.76,57850.76,COD,Delivered,Standard
6073673,143046,2025-05-17,Electronics,Laptop,5,43112,5,215560,256,36860.76,241898.76,UPI,Processing,Standard
1333247,496329,2025-12-17,Electronics,Laptop,5,7280,15,36400,117,5569.2,36626.2,UPI,Shipped,Express
6598859,837549,2025-07-08,Home,Mixer,4,33190,0,132760,292,23896.8,156948.8,Card,Processing,Express
7448079,334037,2025-02-03,Home,Mixer,5,35351,5,176755,286,30225.1,198428.36,COD,Returned,Standard
5094635,226762,2024-11-19,Home,Mixer,5,12424,0,62120,290,11181.6,73591.6,Card,Delivered,Standard
8235378,559608,2024-12-05,Fashion,Shirt,3,11054,15,33162,124,5073.79,33385.49,Card,Shipped,Standard
3562260,986534,2025-03-24,Fashion,Shirt,4,38493,15,153972,62,23557.72,154495.92,UPI,Shipped,Standard
9415085,306948,2024-05-13,Electronics,Phone,1,31708,5,31708,314,5422.07,35858.67,UPI,Returned,Express
8528743,528831,2024-11-06,Fashion,Shirt,5,43710,15,218550,17,33438.15,219222.65,COD,Delivered,Express
2139404,900875,2025-09-27,Fashion,Shoes,5,3435,5,17175,382,2936.92,19635.17,UPI,Returned,Standard
8982268,496329,2024-06-14,Home,Chair,1,35006,0,35006,329,6301.08,41636.08,Card,Processing,Standard
5303627,666345,2025-02-28,Electronics,Laptop,4,28228,0,112912,417,20324.16,133653.16,UPI,Shipped,Standard
7870206,798307,2024-06-04,Fashion,Shoes,2,44858,5,89716,42,15341.44,100613.64,UPI,Delivered,Express
2139607,426249,2024-01-27,Fashion,Shirt,4,36836,5,147344,281,25195.82,165453.62,COD,Returned,Standard
3051161,426370,2025-04-10,Home,Mixer,3,1677,5,5031,489,860.3,6128.75,UPI,Returned,Standard
7446537,571389,2025-12-13,Electronics,Phone,3,47981,0,143943,188,25909.74,170040.74,COD,Shipped,Express
2987644,742202,2024-11-04,Electronics,Laptop,1,49393,0,49393,178,8890.74,58461.74,COD,Delivered,Standard
5486436,137042,2025-03-07,Fashion,Shoes,3,4155,10,12465,206,2019.33,13443.83,Card,Delivered,Standard
7345468,354006,2024-09-03,Home,Chair,1,19602,10,19602,408,3175.52,21225.32,UPI,Delivered,Standard
1539254,580005,2024-12-04,Home,Chair,3,32697,10,98091,302,15890.74,104474.64,UPI,Shipped,Standard
2544101,693458,2024-08-31,Home,Mixer,2,28497,10,56994,496,9233.03,61023.63,Card,Processing,Standard
6774564,346614,2025-02-18,Home,Chair,3,5384,15,16152,344,2471.26,16544.46,Card,Shipped,Standard
2253346,829633,2024-09-16,Electronics,Phone,3,18974,5,56922,58,9733.66,63867.56,UPI,Delivered,Express
7577205,975235,2025-12-07,Home,Chair,1,22957,0,22957,73,4132.26,27162.26,Card,Returned,Standard
8883108,915707,2024-01-26,Electronics,Laptop,5,36967,10,184835,83,29943.27,196377.77,UPI,Returned,Standard
9041398,533481,2025-06-07,Electronics,Laptop,4,40586,10,162344,223,26299.73,172632.33,COD,Processing,Standard
3636367,423516,2024-04-17,Home,Chair,5,11427,10,57135,255,9255.87,60932.37,UPI,Returned,Express
7713204,559411,2025-05-06,Fashion,Shirt,4,27248,5,108992,488,18637.63,122668.03,UPI,Shipped,Express
1711918,969711,2024-03-28,Fashion,Shirt,3,12294,5,36882,34,6306.82,41378.72,UPI,Returned,Standard
5386035,422249,2025-04-20,Electronics,Phone,2,5696,5,11392,11,1948.03,12781.43,UPI,Delivered,Standard
7684171,936138,2025-05-08,Fashion,Shoes,2,30881,5,61762,482,10561.3,69717.2,Card,Processing,Express
7574293,381085,2024-02-19,Fashion,Shirt,5,40160,5,200800,274,34336.8,225370.8,Card,Processing,Standard
7465672,551067,2025-06-29,Electronics,Laptop,4,39473,15,157892,411,24157.48,158776.68,Card,Returned,Standard
8592087,828813,2024-03-09,Electronics,Phone,1,19989,15,19989,299,3058.32,20347.97,COD,Returned,Express
1261188,774723,2024-03-01,Electronics,Laptop,5,21131,15,105655,442,16165.22,106413.96,Card,Returned,Express
5072257,431422,2024-01-05,Electronics,Phone,4,45757,15,183028,64,28003.28,183641.08,UPI,Delivered,Express
3193347,501873,2024-03-24,Electronics,Laptop,5,40395,0,201975,486,36355.5,238816.5,COD,Delivered,Standard
2229097,349953,2025-03-19,Electronics,Phone,1,18672,5,18672,326,3192.91,21257.31,UPI,Delivered,Standard
9370079,819861,2024-04-03,Fashion,Shoes,1,28792,15,28792,128,4405.18,29006.38,COD,Delivered,Standard
7779927,489665,2025-07-27,Home,Mixer,4,39647,10,158588,118,25691.26,168538.46,Card,Delivered,Express
4515231,829633,2024-05-27,Electronics,Laptop,3,6439,0,19317,62,3477.06,22856.06,UPI,Processing,Express
2799790,837191,2024-10-08,Electronics,Phone,4,19852,15,79408,187,12149.42,79833.22,Card,Delivered,Standard
8749154,397962,2025-02-04,Home,Mixer,2,37447,15,74894,420,11458.78,75538.68,COD,Processing,Express
4295130,706261,2025-10-25,Fashion,Shirt,3,45360,0,136080,86,24494.4,160660.4,Card,Shipped,Standard
7782140,767914,2024-03-08,Home,Chair,5,41514,15,207570,497,31758.21,208689.71,COD,Delivered,Express
7815273,604471,2024-10-01,Electronics,Phone,3,4915,5,14745,113,2521.39,16642.15,Card,Delivered,Standard
8292600,125594,2024-10-19,Fashion,Shirt,1,37681,0,37681,405,6782.58,44868.58,UPI,Shipped,Express
1431285,638916,2024-02-20,Fashion,Shirt,4,13166,15,52664,7,8057.59,52828.99,UPI,Returned,Standard
5709956,591698,2024-12-04,Fashion,Shirt,5,34134,15,170670,252,26112.51,171434.01,Card,Shipped,Standard
1367380,351273,2024-07-19,Electronics,Phone,5,21713,15,108565,202,16610.44,109092.7,COD,Delivered,Standard
1731284,917907,2024-07-13,Fashion,Shoes,3,24917,0,74751,362,13455.18,88568.18,UPI,Processing,Standard
9160120,371699,2025-05-15,Home,Mixer,1,34232,10,34232,441,5545.58,36795.38,COD,Delivered,Express
8020210,370973,2024-08-25,Electronics,Laptop,3,16082,10,48246,342,7815.85,51579.25,COD,Returned,Standard
3194094,567022,2025-10-25,Home,Mixer,4,31843,5,127372,214,21780.61,142998.01,COD,Shipped,Standard
3954537,933600,2024-06-26,Fashion,Shoes,5,29569,5,147845,160,25281.49,165894.24,Card,Returned,Express
4171678,455567,2024-04-23,Electronics,Phone,1,3001,0,3001,288,540.18,3829.18,Card,Returned,Express
9462109,810161,2025-04-19,Home,Chair,1,7342,15,7342,373,1123.33,7737.03,UPI,Delivered,Standard
7312821,420468,2025-12-07,Home,Chair,4,24121,15,96484,297,14762.05,97070.45,Card,Returned,Express
5762490,861111,2024-10-24,Home,Mixer,2,19179,15,38358,373,5868.77,38846.07,UPI,Delivered,Standard
2328955,792594,2024-07-24,Fashion,Shoes,3,21021,5,63063,372,10783.77,71065.62,UPI,Delivered,Standard
1708968,464885,2025-02-26,Fashion,Shirt,1,456,10,456,117,73.87,601.27,COD,Shipped,Express
7932539,166023,2025-04-09,Fashion,Shirt,3,45751,10,137253,264,22234.99,146026.69,Card,Shipped,Express
3452194,643873,2024-12-18,Electronics,Phone,3,454,10,1362,193,220.64,1639.44,Card,Processing,Express
8834714,587355,2025-11-16,Home,Chair,3,40155,0,120465,228,21683.7,142376.7,Card,Shipped,Standard
3667341,879974,2025-11-14,Fashion,Shirt,5,46093,10,230465,493,37335.33,245246.83,Card,Shipped,Express
5984412,883564,2025-06-06,Fashion,Shirt,4,28108,0,112432,481,20237.76,133150.76,COD,Returned,Standard
1666278,669298,2025-08-19,Home,Chair,1,3822,0,3822,165,687.96,4674.96,UPI,Processing,Express
6045012,935817,2024-03-21,Fashion,Shoes,4,19977,0,79908,139,14383.44,94430.44,Card,Shipped,Express
5910573,632380,2025-07-07,Electronics,Laptop,1,24454,15,24454,240,3741.46,24767.36,UPI,Shipped,Standard
1526137,568080,2024-06-18,Electronics,Phone,3,34703,0,104109,398,18739.62,123246.62,COD,Processing,Standard
9782099,781098,2025-09-27,Fashion,Shirt,4,49712,0,198848,181,35792.64,234821.64,COD,Returned,Standard
6493519,115267,2025-07-21,Fashion,Shoes,5,13713,15,68565,438,10490.44,69208.7,Card,Processing,Express
5931448,323377,2025-05-16,Home,Chair,3,41617,10,124851,79,20225.86,132670.76,Card,Shipped,Standard
1534496,753223,2025-01-29,Home,Mixer,2,43527,15,87054,485,13319.26,87800.16,UPI,Shipped,Standard
9180172,700391,2025-02-02,Home,Mixer,4,49395,0,197580,204,35564.4,233348.4,UPI,Shipped,Express
2456235,330130,2025-11-23,Home,Mixer,2,44681,0,89362,245,16085.16,105692.16,UPI,Returned,Express
3742196,969711,2025-10-15,Electronics,Phone,5,2122,0,10610,401,1909.8,12920.8,Card,Returned,Express
7430687,697182,2025-03-10,Fashion,Shirt,4,42454,10,169816,196,27510.19,180540.59,COD,Processing,Express
9272056,560743,2025-07-31,Home,Mixer,2,27776,10,55552,259,8999.42,59255.22,COD,Processing,Express
5427714,125323,2024-11-26,Electronics,Laptop,5,14277,10,71385,288,11564.37,76098.87,COD,Returned,Express
8535752,342081,2024-01-21,Fashion,Shoes,2,26090,0,52180,454,9392.4,62026.4,Card,Delivered,Express
1376901,205954,2024-08-19,Home,Mixer,4,3048,10,12192,70,1975.1,13017.9,UPI,Delivered,Standard
8045868,992625,2024-01-03,Electronics,Laptop,1,19934,15,19934,425,3049.9,20418.8,COD,Shipped,Express
1586527,349953,2025-04-23,Home,Chair,1,28060,15,28060,122,4293.18,28266.18,Card,Processing,Express
5948953,315413,2025-07-20,Fashion,Shoes,1,12208,10,12208,357,1977.7,13321.9,COD,Delivered,Express
1824318,421269,2025-09-30,Electronics,Phone,5,7916,5,39580,335,6768.18,44704.18,Card,Returned,Express
6822059,404948,2024-11-04,Fashion,Shoes,3,6031,15,18093,159,2768.23,18306.28,UPI,Returned,Standard
4346588,510275,2025-05-27,Electronics,Laptop,2,29975,10,59950,491,9711.9,64157.9,COD,Shipped,Standard
6742638,409906,2024-05-12,Home,Mixer,3,30273,5,90819,10,15530.05,101818.1,Card,Returned,Express
4034814,501873,2024-07-21,Electronics,Laptop,2,9323,10,18646,475,3020.65,20277.05,Card,Delivered,Express
5107087,174162,2024-06-15,Fashion,Shirt,3,46801,5,140403,71,24008.91,157462.76,COD,Processing,Express
3320045,330849,2024-11-26,Fashion,Shirt,3,19521,10,58563,267,9487.21,62460.91,UPI,Delivered,Express
2527243,213174,2024-03-28,Fashion,Shirt,3,12935,10,38805,420,6286.41,41630.91,COD,Processing,Standard
1682586,944605,2025-04-03,Fashion,Shoes,2,42175,15,84350,357,12905.55,84960.05,Card,Returned,Standard
2582166,132191,2025-04-30,Fashion,Shoes,4,25917,10,103668,50,16794.22,110145.42,Card,Shipped,Standard
3592750,547390,2024-10-29,Fashion,Shirt,5,20278,0,101390,195,18250.2,119835.2,UPI,Shipped,Standard
6155104,753776,2024-08-24,Fashion,Shirt,4,15748,5,62992,258,10771.63,70872.03,UPI,Returned,Standard
6300931,629237,2025-12-01,Home,Mixer,4,1105,5,4420,286,755.82,5240.82,UPI,Processing,Express
9270881,721998,2024-05-13,Home,Mixer,5,38786,0,193930,369,34907.4,229206.4,UPI,Returned,Standard
8952781,365719,2025-08-03,Fashion,Shoes,4,5208,5,20832,315,3562.27,23667.67,Card,Processing,Standard
1359957,397845,2024-10-14,Fashion,Shoes,2,27327,0,54654,352,9837.72,64843.72,UPI,Returned,Standard
7459484,923669,2025-06-23,Electronics,Laptop,2,19473,15,38946,379,5958.74,39441.84,Card,Delivered,Standard
7364216,550091,2024-06-11,Home,Mixer,1,15342,0,15342,285,2761.56,18388.56,Card,Shipped,Express
4934730,750152,2025-09-10,Home,Mixer,5,19062,0,95310,365,17155.8,112830.8,Card,Processing,Express
9814684,404948,2024-09-06,Home,Chair,5,7329,0,36645,293,6596.1,43534.1,Card,Shipped,Express
3387959,619896,2024-05-18,Electronics,Phone,1,36100,10,36100,390,5848.2,38728.2,Card,Shipped,Express
2754366,391160,2025-03-02,Home,Mixer,2,6270,15,12540,170,1918.62,12747.62,Card,Returned,Express
7999080,141544,2025-10-12,Fashion,Shoes,3,48169,5,144507,454,24710.7,162446.35,UPI,Processing,Standard
7471885,188793,2025-10-06,Fashion,Shirt,1,26928,15,26928,217,4119.98,27225.78,COD,Returned,Express
4753871,263346,2025-07-29,Home,Chair,1,7836,5,7836,474,1339.96,9258.16,UPI,Delivered,Express
1141607,807249,2025-03-11,Home,Mixer,5,24691,15,123455,179,18888.61,124004.36,UPI,Processing,Express
6306056,476639,2025-11-26,Electronics,Phone,5,15461,0,77305,466,13914.9,91685.9,Card,Delivered,Express
7879977,708248,2025-08-14,Electronics,Phone,4,29220,15,116880,78,17882.64,117308.64,Card,Returned,Express
7516788,578001,2024-09-01,Home,Chair,3,14587,0,43761,330,7876.98,51967.98,UPI,Shipped,Standard
4665386,167310,2024-04-21,Fashion,Shirt,1,33829,15,33829,207,5175.84,34137.49,UPI,Returned,Express
3226126,667712,2024-07-25,Fashion,Shoes,5,19174,0,95870,274,17256.6,113400.6,COD,Returned,Express
8333764,335994,2024-03-06,Fashion,Shoes,1,15239,0,15239,198,2743.02,18180.02,COD,Shipped,Express
3963546,807686,2024-10-25,Fashion,Shoes,1,28761,15,28761,348,4400.43,29195.28,UPI,Processing,Express
2835044,485989,2024-11-29,Electronics,Phone,2,27723,5,55446,272,9481.27,62426.97,Card,Returned,Express
2889721,365770,2025-09-06,Electronics,Laptop,5,29910,15,149550,116,22881.15,150114.65,COD,Returned,Express
5997358,288289,2024-10-07,Electronics,Laptop,2,6300,0,12600,156,2268.0,15024.0,COD,Returned,Express
3945728,857373,2024-01-01,Home,Mixer,5,9727,15,48635,277,7441.15,49057.9,Card,Returned,Standard
6901913,410787,2025-07-10,Electronics,Laptop,5,19399,0,96995,281,17459.1,114735.1,UPI,Shipped,Express
8927298,960341,2024-03-31,Home,Mixer,4,11120,15,44480,279,6805.44,44892.44,UPI,Processing,Standard
9348049,213392,2024-12-04,Fashion,Shirt,1,10558,0,10558,33,1900.44,12491.44,COD,Shipped,Standard
9839594,435807,2025-09-08,Home,Chair,1,32154,5,32154,329,5498.33,36373.63,UPI,Returned,Express
3692637,942410,2025-10-29,Electronics,Laptop,3,25351,10,76053,26,12320.59,80794.29,UPI,Shipped,Standard
5484613,761596,2024-07-19,Fashion,Shoes,1,6063,0,6063,235,1091.34,7389.34,COD,Delivered,Express
5024766,165348,2024-05-20,Home,Mixer,4,10651,10,42604,91,6901.85,45336.45,COD,Processing,Standard
5429513,811118,2024-11-13,Home,Chair,5,22786,10,113930,25,18456.66,121018.66,UPI,Returned,Express
2183001,936565,2025-12-13,Home,Chair,5,27939,0,139695,422,25145.1,165262.1,Card,Shipped,Standard
9543412,671869,2024-03-12,Home,Chair,2,49907,15,99814,250,15271.54,100363.44,Card,Delivered,Standard
6459459,738524,2025-01-06,Home,Chair,3,24380,5,73140,196,12506.94,82185.94,COD,Processing,Express
5107053,880147,2025-08-24,Electronics,Phone,5,32859,15,164295,305,25137.13,165092.89,UPI,Returned,Express
4683197,676936,2025-04-28,Fashion,Shirt,3,43963,10,131889,381,21366.02,140447.12,Card,Returned,Standard
5408121,780008,2025-07-31,Home,Mixer,3,9563,5,28689,144,4905.82,32304.37,COD,Processing,Standard
3709014,679715,2024-12-27,Home,Chair,5,17040,10,85200,246,13802.4,90728.4,COD,Processing,Express
3199315,367579,2025-05-27,Home,Chair,2,16732,0,33464,466,6023.52,39953.52,Card,Shipped,Express
1952947,141038,2025-08-06,Electronics,Phone,4,30713,15,122852,364,18796.36,123584.56,COD,Processing,Standard
8764563,563800,2025-04-10,Electronics,Laptop,2,27490,5,54980,259,9401.58,61891.58,Card,Shipped,Standard
6982964,180159,2025-04-09,Home,Mixer,1,44745,0,44745,285,8054.1,53084.1,COD,Delivered,Express
3163850,636484,2024-11-29,Home,Mixer,4,19463,0,77852,129,14013.36,91994.36,COD,Processing,Express
5169604,777815,2025-09-18,Electronics,Laptop,4,38035,5,152140,400,26015.94,170948.94,Card,Shipped,Standard
6108344,553653,2024-07-08,Electronics,Phone,4,26241,10,104964,295,17004.17,111766.77,COD,Processing,Standard
1695526,976914,2024-08-11,Home,Mixer,2,45164,10,90328,180,14633.14,96108.34,UPI,Processing,Standard
8119575,474121,2024-11-27,Home,Mixer,2,48529,10,97058,306,15723.4,103381.6,UPI,Shipped,Standard
8494298,477973,2025-11-26,Electronics,Laptop,3,12864,0,38592,404,6946.56,45942.56,COD,Returned,Express
9267188,967977,2025-10-27,Fashion,Shoes,2,14017,0,28034,234,5046.12,33314.12,COD,Processing,Express
1890338,528831,2025-01-04,Home,Chair,3,44652,0,133956,464,24112.08,158532.08,COD,Shipped,Standard
3912049,698259,2025-01-15,Electronics,Phone,2,49656,0,99312,431,17876.16,117619.16,UPI,Shipped,Standard
7345758,180852,2025-10-20,Electronics,Phone,5,27656,0,138280,362,24890.4,163532.4,Card,Shipped,Express
9361475,956728,2024-07-23,Home,Chair,5,17900,10,89500,89,14499.0,95138.0,Card,Processing,Express
6243873,236725,2024-03-10,Fashion,Shirt,4,15422,15,61688,492,9438.26,62365.06,Card,Shipped,Standard
6148274,777840,2025-03-18,Electronics,Phone,1,30670,15,30670,407,4692.51,31169.01,UPI,Processing,Standard
5667570,354006,2024-04-02,Fashion,Shirt,4,41544,0,166176,407,29911.68,196494.68,UPI,Returned,Express
3656438,189100,2025-08-14,Electronics,Laptop,4,7230,5,28920,380,4945.32,32799.32,UPI,Delivered,Standard
7001225,780008,2024-05-05,Home,Mixer,4,3450,0,13800,167,2484.0,16451.0,COD,Delivered,Standard
9900076,729364,2024-07-09,Home,Mixer,4,33586,10,134344,306,21763.73,142979.33,COD,Delivered,Express
7184850,837191,2025-07-06,Fashion,Shoes,5,19090,5,95450,451,16321.95,107450.45,COD,Shipped,Standard
2556057,330130,2024-09-05,Home,Mixer,2,31013,10,62026,277,10048.21,66148.61,COD,Shipped,Express
8201768,629237,2025-08-29,Fashion,Shoes,3,48385,15,145155,90,22208.72,145680.46,COD,Shipped,Express
5064199,339874,2025-02-06,Fashion,Shirt,3,22060,0,66180,171,11912.4,78263.4,UPI,Shipped,Express
7095150,362374,2024-11-03,Home,Chair,3,12574,0,37722,255,6789.96,44766.96,Card,Shipped,Standard
2584278,432849,2024-05-24,Electronics,Laptop,2,20271,5,40542,389,6932.68,45836.58,COD,Delivered,Express
6911942,423516,2025-07-26,Fashion,Shoes,1,26773,5,26773,400,4578.18,30412.53,Card,Processing,Standard
5074665,113857,2024-07-24,Fashion,Shirt,5,13626,5,68130,242,11650.23,76615.73,COD,Delivered,Standard
2107828,669298,2025-10-22,Electronics,Phone,3,48270,10,144810,334,23459.22,154122.22,Card,Shipped,Express
7149359,921126,2024-03-06,Fashion,Shirt,1,2637,0,2637,108,474.66,3219.66,UPI,Delivered,Express
9963947,542611,2024-08-02,Electronics,Phone,4,1020,5,4080,34,697.68,4607.68,UPI,Processing,Standard
6211535,122533,2024-06-15,Electronics,Laptop,1,28186,5,28186,263,4819.81,31859.51,UPI,Delivered,Standard
1721104,310142,2025-09-11,Fashion,Shirt,5,27913,5,139565,236,23865.61,156688.36,COD,Delivered,Standard
6941180,900875,2024-06-11,Home,Chair,4,15718,10,62872,457,10185.26,67227.06,Card,Delivered,Standard
9696998,708129,2024-12-06,Home,Chair,1,18718,0,18718,116,3369.24,22203.24,UPI,Returned,Express
1209684,226762,2025-01-21,Home,Mixer,5,21749,0,108745,1,19574.1,128320.1,Card,Returned,Express
7460488,484957,2025-02-02,Fashion,Shirt,5,47580,10,237900,202,38539.8,252851.8,COD,Shipped,Express
2610575,502327,2024-07-31,Electronics,Phone,2,2281,10,4562,300,739.04,5144.84,Card,Delivered,Express
1037454,308893,2024-01-29,Home,Chair,1,35100,5,35100,134,6002.1,39481.1,UPI,Shipped,Standard
1038323,320153,2024-02-23,Home,Mixer,2,3507,10,7014,27,1136.27,7475.87,UPI,Shipped,Express
4003957,741863,2025-07-11,Fashion,Shirt,1,33924,5,33924,389,5801.0,38417.8,COD,Processing,Standard
8753618,266665,2025-07-20,Fashion,Shirt,1,34196,5,34196,370,5847.52,38703.72,COD,Delivered,Standard
2830029,428188,2024-12-02,Electronics,Laptop,4,22549,10,90196,247,14611.75,96035.15,UPI,Processing,Express
4632828,660285,2024-12-20,Home,Mixer,4,16196,10,64784,56,10495.01,68856.61,Card,Returned,Express
7260308,665492,2025-03-21,Fashion,Shoes,5,11289,10,56445,170,9144.09,60114.59,COD,Processing,Express
2114161,975134,2024-03-09,Electronics,Laptop,1,14018,10,14018,353,2270.92,15240.12,Card,Shipped,Standard
9590378,779689,2024-09-29,Electronics,Laptop,2,40129,0,80258,408,14446.44,95112.44,Card,Delivered,Standard
3314261,913914,2025-02-18,Home,Mixer,5,26434,15,132170,400,20222.01,132966.51,UPI,Returned,Express
7722498,231788,2024-02-08,Electronics,Laptop,2,17232,15,34464,172,5272.99,34739.39,UPI,Delivered,Standard
4092026,849547,2024-12-01,Fashion,Shirt,3,45304,10,135912,244,22017.74,144582.54,Card,Delivered,Express
8345315,806649,2025-05-04,Home,Mixer,3,32169,10,96507,400,15634.13,102890.43,COD,Processing,Express
2589568,261669,2025-05-03,Electronics,Laptop,5,21604,5,108020,179,18471.42,121269.42,COD,Shipped,Standard
9648479,342081,2024-10-28,Home,Mixer,2,37760,10,75520,103,12234.24,80305.24,Card,Processing,Standard
5570074,758976,2024-11-11,Electronics,Laptop,1,18508,15,18508,120,2831.72,18683.52,COD,Shipped,Express
9039720,132191,2025-07-20,Home,Chair,1,42008,0,42008,346,7561.44,49915.44,Card,Processing,Standard
4056308,379267,2024-11-06,Fashion,Shirt,1,22157,15,22157,119,3390.02,22342.47,Card,Shipped,Express
7283109,900875,2024-08-30,Electronics,Phone,3,12662,0,37986,114,6837.48,44937.48,Card,Delivered,Standard
3533202,129724,2024-01-28,Electronics,Laptop,2,5766,10,11532,229,1868.18,12475.98,COD,Shipped,Express
3028950,900875,2024-07-31,Home,Mixer,4,36160,0,144640,4,26035.2,170679.2,UPI,Processing,Express
3239183,536396,2025-10-20,Fashion,Shoes,3,12605,10,37815,2,6126.03,40161.53,COD,Delivered,Standard
2303541,736944,2025-04-05,Electronics,Laptop,1,48475,10,48475,475,7852.95,51955.45,COD,Processing,Standard
7646165,923274,2025-08-12,Fashion,Shoes,3,26438,10,79314,307,12848.87,84538.47,COD,Shipped,Express
3705635,880801,2025-03-02,Home,Chair,5,31359,10,156795,159,25400.79,166675.29,COD,Delivered,Standard
4060227,625126,2025-07-07,Electronics,Laptop,5,20611,10,103055,316,16694.91,109760.41,COD,Returned,Standard
4765162,126681,2024-04-29,Fashion,Shoes,3,5984,0,17952,189,3231.36,21372.36,UPI,Returned,Standard
5817104,167543,2025-10-03,Fashion,Shoes,1,3668,0,3668,117,660.24,4445.24,UPI,Processing,Standard
2795452,221171,2024-08-19,Electronics,Laptop,1,3963,5,3963,137,677.67,4579.52,Card,Delivered,Express
1826210,272803,2024-09-20,Fashion,Shoes,3,20872,5,62616,459,10707.34,70651.54,COD,Delivered,Express
4652226,632380,2024-08-19,Fashion,Shoes,1,6389,10,6389,97,1035.02,6882.12,Card,Shipped,Express
1106012,608480,2025-11-11,Home,Chair,5,23825,10,119125,93,19298.25,126603.75,Card,Shipped,Express
4611485,276139,2024-07-09,Home,Mixer,2,16385,10,32770,461,5308.74,35262.74,Card,Returned,Standard
1209984,223646,2024-02-03,Electronics,Laptop,3,4617,10,13851,425,2243.86,15134.76,UPI,Delivered,Express
8419223,143046,2025-05-13,Home,Mixer,4,20452,10,81808,185,13252.9,87065.1,COD,Delivered,Standard
4215668,729364,2025-01-01,Fashion,Shoes,2,6123,5,12246,310,2094.07,14037.77,UPI,Shipped,Standard
7311696,913440,2024-08-30,Home,Mixer,5,49289,15,246445,194,37706.08,247378.33,Card,Returned,Express
5983437,636484,2024-07-01,Electronics,Phone,4,35331,0,141324,473,25438.32,167235.32,COD,Processing,Express
3504589,664196,2025-06-23,Electronics,Phone,5,48054,15,240270,308,36761.31,241298.81,Card,Shipped,Express
6692189,223806,2025-07-03,Electronics,Phone,1,1844,5,1844,10,315.32,2077.12,UPI,Returned,Express
7238263,777815,2024-06-18,Fashion,Shoes,3,7157,0,21471,257,3864.78,25592.78,UPI,Shipped,Express
7352912,205837,2024-02-27,Home,Mixer,5,47971,5,239855,431,41015.21,269308.46,Card,Processing,Express
2815134,937223,2024-04-13,Electronics,Laptop,2,32685,10,65370,171,10589.94,69593.94,Card,Shipped,Express
4257629,819982,2025-09-13,Home,Chair,4,23139,10,92556,43,14994.07,98337.47,UPI,Processing,Express
6692164,536388,2025-12-15,Home,Mixer,5,42315,0,211575,83,38083.5,249741.5,UPI,Delivered,Standard
1136895,185714,2025-04-17,Fashion,Shoes,5,36500,10,182500,308,29565.0,194123.0,UPI,Delivered,Standard
8088507,209496,2025-03-29,Home,Mixer,3,8227,0,24681,444,4442.58,29567.58,Card,Returned,Express
8488338,986534,2024-09-12,Home,Chair,5,21162,15,105810,477,16188.93,106604.43,UPI,Processing,Standard
4240093,913914,2024-07-04,Fashion,Shirt,2,34166,15,68332,169,10454.8,68706.0,UPI,Shipped,Express
3775177,691472,2024-10-05,Electronics,Phone,2,26063,0,52126,207,9382.68,61715.68,UPI,Returned,Express
1371516,591698,2025-05-27,Home,Chair,2,3394,0,6788,312,1221.84,8321.84,COD,Delivered,Express
9405126,559608,2025-08-26,Electronics,Laptop,1,41832,10,41832,171,6776.78,44596.58,COD,Delivered,Standard
5418701,320153,2025-10-12,Fashion,Shoes,4,22250,15,89000,234,13617.0,89501.0,COD,Shipped,Express
8856774,134035,2024-06-08,Home,Chair,5,26787,10,133935,66,21697.47,142304.97,Card,Delivered,Standard
4903525,856589,2025-06-13,Electronics,Phone,4,19984,5,79936,484,13669.06,90092.26,Card,Processing,Standard
2383790,915557,2024-01-22,Electronics,Phone,4,22091,5,88364,494,15110.24,99550.04,UPI,Shipped,Standard
2093583,405361,2024-04-18,Home,Mixer,3,35984,10,107952,374,17488.22,115019.02,UPI,Delivered,Standard
4607535,559411,2025-10-18,Fashion,Shoes,4,17525,10,70100,294,11356.2,74740.2,COD,Delivered,Standard
3352284,720137,2024-02-08,Electronics,Phone,3,18330,0,54990,169,9898.2,65057.2,COD,Processing,Standard
5171302,447222,2025-09-12,Electronics,Phone,2,24691,0,49382,158,8888.76,58428.76,COD,Returned,Express
5018533,194793,2025-10-07,Home,Mixer,3,796,5,2388,163,408.35,2839.95,UPI,Returned,Express
7057699,556238,2024-07-22,Fashion,Shoes,3,49849,10,149547,267,24226.61,159085.91,COD,Shipped,Express
9733275,838221,2024-04-10,Electronics,Laptop,5,14976,15,74880,419,11456.64,75523.64,UPI,Delivered,Standard
9760594,319247,2024-06-03,Electronics,Laptop,3,32853,10,98559,389,15966.56,105058.66,COD,Delivered,Standard
1312845,632380,2024-05-26,Fashion,Shirt,5,49160,0,245800,116,44244.0,290160.0,UPI,Processing,Standard
9612091,837549,2024-07-26,Electronics,Laptop,3,24327,5,72981,360,12479.75,82171.7,Card,Shipped,Express
4319568,578001,2025-12-08,Electronics,Laptop,3,32992,5,98976,163,16924.9,111115.1,UPI,Shipped,Standard
8547061,325646,2024-09-30,Fashion,Shoes,1,22975,15,22975,94,3515.17,23137.92,COD,Processing,Express
1540124,276783,2025-02-01,Electronics,Phone,2,24554,10,49108,194,7955.5,52346.7,COD,Returned,Express
2656345,132304,2025-04-02,Fashion,Shirt,2,6171,0,12342,290,2221.56,14853.56,COD,Returned,Express
3923968,502327,2024-09-24,Fashion,Shirt,1,34561,0,34561,370,6220.98,41151.98,COD,Processing,Standard
7896565,583238,2025-12-02,Electronics,Phone,2,31956,15,63912,220,9778.54,64323.74,UPI,Delivered,Standard
3156658,124782,2024-01-18,Fashion,Shoes,5,35401,15,177005,119,27081.76,177655.02,Card,Delivered,Standard
9150620,236725,2025-01-16,Electronics,Laptop,3,34489,15,103467,475,15830.45,104252.4,Card,Returned,Standard
9478147,948444,2025-01-14,Home,Chair,3,1943,5,5829,67,996.76,6601.31,Card,Returned,Standard
4854196,521868,2024-07-12,Home,Mixer,4,41199,5,164796,168,28180.12,184904.32,Card,Returned,Express
5022776,900798,2025-01-31,Electronics,Phone,2,27824,15,55648,77,8514.14,55891.94,UPI,Processing,Express
1943747,727220,2024-10-29,Electronics,Laptop,1,22622,15,22622,467,3461.17,23156.87,UPI,Shipped,Standard
7233772,174162,2025-03-09,Fashion,Shoes,5,48688,15,243440,312,37246.32,244482.32,Card,Shipped,Express
3835085,819861,2025-05-18,Fashion,Shirt,3,29318,0,87954,311,15831.72,104096.72,Card,Delivered,Express
3739424,204993,2025-06-29,Home,Chair,1,11966,15,11966,29,1830.8,12030.9,COD,Delivered,Express
8238046,698321,2025-01-12,Home,Chair,3,14619,5,43857,239,7499.55,49402.7,COD,Returned,Standard
5128325,780008,2024-10-25,Fashion,Shirt,1,23883,0,23883,297,4298.94,28478.94,UPI,Delivered,Express
5511274,930665,2025-05-26,Fashion,Shirt,5,26945,15,134725,127,20612.92,135256.17,Card,Processing,Standard
6810500,986066,2024-01-05,Fashion,Shirt,3,16288,0,48864,67,8795.52,57726.52,UPI,Delivered,Express
4404781,550091,2024-10-03,Fashion,Shoes,4,10441,10,41764,108,6765.77,44461.37,COD,Delivered,Express
5952542,591698,2024-11-15,Home,Chair,5,21974,10,109870,458,17798.94,117139.94,UPI,Shipped,Express
4972559,489665,2024-03-09,Electronics,Laptop,1,35816,15,35816,301,5479.85,36224.45,Card,Shipped,Standard
2717725,819830,2025-06-14,Fashion,Shoes,5,15346,5,76730,269,13120.83,86283.33,Card,Shipped,Express
1690601,835341,2025-02-21,Fashion,Shirt,3,25782,0,77346,52,13922.28,91320.28,UPI,Processing,Standard
6531310,297050,2024-02-15,Home,Mixer,4,3583,15,14332,169,2192.8,14544.0,COD,Returned,Standard
6131519,517120,2024-11-01,Fashion,Shoes,5,21152,5,105760,387,18084.96,118943.96,Card,Returned,Standard
3996129,175840,2024-07-12,Electronics,Phone,1,37983,0,37983,349,6836.94,45168.94,COD,Shipped,Express
3112306,828813,2024-02-29,Fashion,Shirt,1,18403,0,18403,287,3312.54,22002.54,Card,Shipped,Standard
7933038,371671,2025-03-27,Electronics,Laptop,3,39069,0,117207,336,21097.26,138640.26,COD,Processing,Standard
6330766,652998,2024-04-17,Electronics,Phone,5,14909,5,74545,500,12747.19,84064.95,UPI,Returned,Standard
5771649,865620,2024-05-24,Home,Chair,4,6937,5,27748,304,4744.91,31409.51,Card,Returned,Standard
1390542,879858,2025-06-15,Home,Mixer,4,40012,0,160048,221,28808.64,189077.64,Card,Delivered,Standard
9955942,608033,2024-06-21,Fashion,Shirt,4,30695,5,122780,369,20995.38,138005.38,COD,Shipped,Standard
5157287,968751,2025-12-27,Home,Mixer,4,25825,10,103300,91,16734.6,109795.6,Card,Delivered,Standard
1480799,941235,2025-04-27,Home,Chair,5,24573,15,122865,340,18798.34,123573.6,UPI,Delivered,Standard
6335104,158849,2024-08-29,Fashion,Shirt,1,28386,5,28386,34,4854.01,31854.71,COD,Delivered,Standard
9004548,942904,2024-10-24,Electronics,Laptop,2,5113,10,10226,230,1656.61,11090.01,UPI,Delivered,Express
1850954,315756,2025-03-08,Home,Mixer,2,377,0,754,298,135.72,1187.72,Card,Shipped,Express
4433516,992645,2025-09-02,Home,Chair,2,16025,0,32050,437,5769.0,38256.0,COD,Shipped,Standard
7699135,309208,2024-01-09,Fashion,Shirt,4,1524,5,6096,197,1042.42,7030.62,Card,Delivered,Standard
2659161,255619,2025-08-22,Home,Chair,5,21902,15,109510,32,16755.03,109870.53,Card,Returned,Standard
8381234,683939,2024-07-20,Electronics,Laptop,4,22541,0,90164,304,16229.52,106697.52,COD,Returned,Express
7795104,207192,2024-12-20,Fashion,Shirt,2,475,15,950,215,145.35,1167.85,COD,Shipped,Express
9288622,137042,2025-06-16,Electronics,Phone,5,41529,15,207645,167,31769.68,208434.93,COD,Shipped,Standard
4396499,382359,2024-01-25,Fashion,Shoes,5,44772,15,223860,21,34250.58,224552.58,Card,Returned,Express
8508087,948444,2024-06-08,Fashion,Shoes,4,20622,5,82488,276,14105.45,92745.05,UPI,Delivered,Express
2797873,920720,2024-10-13,Fashion,Shirt,1,31803,0,31803,77,5724.54,37604.54,Card,Processing,Standard
4230113,796000,2024-06-28,Home,Chair,1,19749,10,19749,147,3199.34,21120.44,UPI,Delivered,Standard
3942655,837549,2024-08-02,Electronics,Phone,5,46562,15,232810,416,35619.93,233924.43,Card,Returned,Standard
5324498,843780,2025-07-23,Fashion,Shirt,5,40275,5,201375,388,34435.12,226129.38,UPI,Delivered,Standard
5407107,379482,2025-09-23,Fashion,Shoes,5,7069,10,35345,296,5725.89,37832.39,COD,Processing,Standard
1126215,367692,2025-03-29,Fashion,Shirt,3,32754,15,98262,162,15034.09,98718.79,UPI,Returned,Standard
2128880,791236,2025-02-03,Electronics,Laptop,4,4380,15,17520,100,2680.56,17672.56,Card,Delivered,Standard
7483097,958102,2025-01-24,Electronics,Phone,2,43106,10,86212,79,13966.34,91636.14,UPI,Delivered,Standard
1307551,336321,2025-12-07,Fashion,Shirt,1,39629,5,39629,335,6776.56,44759.11,COD,Returned,Standard
4210516,915707,2024-02-12,Fashion,Shoes,3,46458,0,139374,75,25087.32,164536.32,COD,Returned,Standard
9475362,946776,2024-05-30,Home,Mixer,2,24473,15,48946,55,7488.74,49147.84,Card,Returned,Standard
6583103,111394,2024-11-06,Electronics,Laptop,5,46441,0,232205,373,41796.9,274374.9,UPI,Delivered,Standard
5596011,428188,2024-02-19,Electronics,Laptop,1,36424,5,36424,276,6228.5,41107.3,COD,Processing,Express
4440870,583238,2024-10-17,Fashion,Shoes,1,1850,15,1850,423,283.05,2278.55,Card,Processing,Standard
9016399,595185,2024-04-26,Electronics,Phone,2,42796,15,85592,137,13095.58,85985.78,Card,Processing,Express
3482531,626635,2024-03-04,Fashion,Shirt,5,36253,10,181265,205,29364.93,192708.43,COD,Processing,Standard
8587227,141038,2025-12-18,Fashion,Shoes,5,1592,15,7960,484,1217.88,8467.88,COD,Shipped,Standard
1696231,641693,2025-03-29,Fashion,Shirt,2,2486,5,4972,154,850.21,5727.61,COD,Processing,Express
7381248,462493,2025-06-16,Home,Mixer,4,19758,10,79032,277,12803.18,84208.98,COD,Returned,Standard
9560091,267379,2025-03-26,Fashion,Shirt,4,26266,5,105064,42,17965.94,117818.74,COD,Processing,Express
7623776,420168,2024-08-14,Fashion,Shoes,5,1850,5,9250,235,1581.75,10604.25,COD,Returned,Express
7744546,280537,2025-10-24,Home,Chair,2,40276,15,80552,73,12324.46,80866.66,UPI,Returned,Express
1925824,552623,2025-04-05,Electronics,Laptop,5,26230,10,131150,381,21246.3,139662.3,Card,Returned,Express
2014117,936016,2024-03-21,Fashion,Shirt,4,26564,15,106256,277,16257.17,106851.77,COD,Processing,Standard
5852706,509008,2025-02-16,Fashion,Shoes,5,23575,5,117875,285,20156.62,132422.88,Card,Shipped,Standard
6934732,792594,2024-08-07,Electronics,Laptop,3,14663,10,43989,271,7126.22,46987.32,COD,Shipped,Express
4931908,807249,2025-07-17,Home,Chair,2,30823,5,61646,292,10541.47,69397.17,Card,Delivered,Standard
4294570,540366,2025-10-31,Home,Chair,4,16367,0,65468,315,11784.24,77567.24,UPI,Delivered,Express
8712150,563800,2024-04-10,Electronics,Phone,2,36390,0,72780,291,13100.4,86171.4,COD,Processing,Standard
8888093,873273,2024-08-11,Home,Chair,5,5375,10,26875,442,4353.75,28983.25,UPI,Delivered,Express
8873324,624677,2024-06-01,Electronics,Laptop,3,14676,15,44028,376,6736.28,44536.08,COD,Returned,Standard
1632975,853753,2025-11-30,Fashion,Shirt,1,46658,10,46658,237,7558.6,49787.8,COD,Shipped,Express
4206375,456814,2024-06-29,Fashion,Shirt,2,22602,0,45204,129,8136.72,53469.72,UPI,Shipped,Standard
2976709,944605,2025-11-12,Fashion,Shoes,1,34478,15,34478,490,5275.13,35071.43,COD,Processing,Standard
6391876,118035,2025-01-15,Fashion,Shirt,3,13695,5,41085,91,7025.53,46147.29,COD,Returned,Standard
6024743,388594,2025-10-01,Electronics,Phone,4,48461,15,193844,192,29658.13,194617.53,COD,Processing,Express
8180332,674974,2025-12-25,Home,Chair,1,28789,10,28789,458,4663.82,31031.92,COD,Delivered,Express
5174262,547007,2024-05-19,Fashion,Shirt,3,17012,5,51036,95,8727.16,57306.36,Card,Shipped,Express
3636142,738524,2024-01-28,Fashion,Shirt,2,25701,5,51402,187,8789.74,57808.64,COD,Delivered,Express
5649972,996626,2025-07-02,Electronics,Laptop,1,47559,0,47559,176,8560.62,56295.62,UPI,Shipped,Standard
5469770,294936,2024-12-15,Electronics,Phone,3,12065,15,36195,79,5537.84,36382.58,Card,Returned,Express
7283761,915525,2024-09-10,Electronics,Laptop,2,39097,15,78194,178,11963.68,78606.58,Card,Processing,Standard
2796802,952860,2025-08-05,Home,Mixer,5,22373,0,111865,490,20135.7,132490.7,COD,Processing,Standard
7032649,688626,2024-01-31,Electronics,Phone,3,29462,0,88386,486,15909.48,104781.48,Card,Shipped,Standard
8127718,473111,2024-01-14,Home,Mixer,5,40567,15,202835,192,31033.75,203635.51,COD,Shipped,Express
9496723,111394,2024-04-09,Electronics,Laptop,4,45528,15,182112,248,27863.14,182906.34,COD,Shipped,Standard
8113615,774723,2025-03-14,Fashion,Shoes,2,37272,15,74544,204,11405.23,74971.63,COD,Shipped,Express
8569723,755152,2025-12-06,Electronics,Phone,2,23924,0,47848,109,8612.64,56569.64,COD,Shipped,Standard
9037596,219446,2025-03-14,Home,Chair,5,28514,15,142570,454,21813.21,143451.71,COD,Returned,Standard
4749291,323313,2025-05-25,Fashion,Shoes,1,35799,15,35799,363,5477.25,36269.4,COD,Shipped,Standard
2648807,587355,2024-03-18,Electronics,Phone,1,42346,15,42346,180,6478.94,42653.04,UPI,Returned,Standard
3965949,426249,2024-02-09,Fashion,Shirt,1,34156,0,34156,53,6148.08,40357.08,UPI,Processing,Express
9674281,455345,2025-12-20,Electronics,Phone,1,47529,10,47529,233,7699.7,50708.8,Card,Returned,Express
8569782,370973,2024-06-28,Fashion,Shirt,5,2662,10,13310,367,2156.22,14502.22,UPI,Returned,Standard
8835895,226762,2025-03-25,Fashion,Shirt,4,25493,10,101972,442,16519.46,108736.26,UPI,Processing,Standard
1954717,753816,2025-01-15,Fashion,Shoes,4,39457,15,157828,210,24147.68,158511.48,COD,Shipped,Express
2719958,664196,2024-04-21,Electronics,Laptop,2,44050,0,88100,58,15858.0,104016.0,UPI,Shipped,Express
2416595,112983,2024-05-09,Fashion,Shoes,1,46909,15,46909,460,7177.08,47509.73,Card,Returned,Express
7729537,167543,2025-12-07,Fashion,Shoes,5,28690,15,143450,57,21947.85,143937.35,Card,Delivered,Express
7691592,219737,2025-11-06,Fashion,Shoes,5,43899,5,219495,217,37533.64,246270.89,UPI,Returned,Standard
5462481,180375,2025-09-04,Home,Mixer,5,29999,10,149995,32,24299.19,159326.69,UPI,Shipped,Standard
4211224,362209,2025-02-12,Home,Mixer,5,39072,5,195360,305,33406.56,219303.56,UPI,Shipped,Express
9257485,940775,2024-01-08,Home,Mixer,5,48229,5,241145,167,41235.79,270490.54,COD,Shipped,Express
6999891,176748,2024-07-29,Fashion,Shoes,5,17246,0,86230,338,15521.4,102089.4,UPI,Delivered,Express
7303779,421686,2025-08-14,Fashion,Shirt,3,26073,15,78219,109,11967.51,78562.66,COD,Processing,Standard
9490956,569659,2024-03-04,Home,Chair,5,42607,5,213035,247,36428.99,239059.23,Card,Shipped,Standard
2893945,972672,2025-01-03,Electronics,Laptop,5,30959,0,154795,59,27863.1,182717.1,COD,Shipped,Express
1208296,714190,2025-01-14,Electronics,Laptop,4,41347,10,165388,0,26792.86,175642.06,COD,Shipped,Express
4982358,193582,2025-05-12,Fashion,Shirt,5,21533,0,107665,486,19379.7,127530.7,UPI,Processing,Express
9197803,141544,2024-04-13,Electronics,Laptop,5,45962,0,229810,188,41365.8,271363.8,UPI,Processing,Standard
7465169,275514,2024-12-21,Fashion,Shoes,2,48075,0,96150,14,17307.0,113471.0,COD,Delivered,Standard
5412517,937223,2025-01-05,Electronics,Phone,2,18555,10,37110,163,6011.82,39573.82,Card,Processing,Standard
5474730,845738,2025-10-30,Electronics,Laptop,5,1579,5,7895,313,1350.04,9163.3,UPI,Delivered,Express
2430368,112899,2024-03-22,Home,Mixer,1,31748,0,31748,138,5714.64,37600.64,UPI,Returned,Express
3719893,976914,2024-09-01,Fashion,Shirt,3,19867,10,59601,129,9655.36,63425.26,UPI,Shipped,Express
7609790,699172,2024-02-03,Electronics,Phone,1,34341,15,34341,420,5254.17,34864.02,Card,Shipped,Express
2644970,394426,2024-07-12,Electronics,Laptop,4,12880,10,51520,306,8346.24,55020.24,Card,Shipped,Express
1861932,559158,2025-11-20,Fashion,Shoes,2,44441,15,88882,346,13598.95,89494.65,COD,Returned,Standard
4557166,923669,2025-10-16,Fashion,Shoes,3,7599,0,22797,442,4103.46,27342.46,Card,Processing,Standard
6785515,278585,2025-05-31,Fashion,Shoes,3,7672,0,23016,276,4142.88,27434.88,Card,Shipped,Express
4020036,603554,2025-12-05,Fashion,Shoes,3,28413,5,85239,348,14575.87,95900.92,Card,Returned,Standard
3919844,154665,2024-05-27,Home,Mixer,2,44664,5,89328,299,15275.09,100435.69,COD,Returned,Express
5878185,552209,2025-08-05,Electronics,Laptop,2,38198,0,76396,459,13751.28,90606.28,UPI,Shipped,Express
2934939,720137,2024-08-31,Fashion,Shoes,5,36670,10,183350,71,29702.7,194788.7,COD,Delivered,Standard
4929721,391160,2024-08-07,Electronics,Laptop,1,36758,0,36758,246,6616.44,43620.44,Card,Returned,Standard
1248735,811118,2025-09-28,Electronics,Phone,2,21590,10,43180,380,6995.16,46237.16,UPI,Returned,Express
8017598,278624,2024-02-11,Home,Mixer,5,23105,0,115525,277,20794.5,136596.5,UPI,Returned,Standard
5833634,846178,2025-10-10,Home,Mixer,2,22923,0,45846,412,8252.28,54510.28,COD,Shipped,Express
3632458,994737,2025-07-17,Electronics,Phone,1,49040,0,49040,66,8827.2,57933.2,UPI,Shipped,Express
3446548,990231,2025-05-30,Electronics,Laptop,1,29945,5,29945,267,5120.6,33835.35,COD,Returned,Standard
3239066,108892,2025-04-13,Home,Mixer,3,9293,10,27879,108,4516.4,29715.5,UPI,Returned,Express
6498176,327120,2025-08-18,Electronics,Laptop,2,42455,5,84910,455,14519.61,95639.11,UPI,Shipped,Express
4191981,315756,2025-03-07,Fashion,Shirt,3,2507,15,7521,386,1150.71,7929.56,COD,Delivered,Express
3064291,677944,2025-06-03,Electronics,Phone,4,37324,5,149296,166,25529.62,167526.82,UPI,Shipped,Standard
6609301,150538,2025-07-15,Electronics,Laptop,4,33741,5,134964,263,23078.84,151557.64,Card,Delivered,Express
9280212,946796,2024-10-03,Home,Chair,3,36012,10,108036,132,17501.83,114866.23,Card,Processing,Standard
4389184,364856,2024-01-21,Home,Chair,2,7622,5,15244,274,2606.72,17362.52,UPI,Shipped,Standard
6240469,670661,2024-04-20,Home,Mixer,3,20757,5,62271,364,10648.34,70169.79,UPI,Processing,Express
1657160,354006,2025-12-17,Fashion,Shirt,1,16753,5,16753,400,2864.76,19180.11,UPI,Delivered,Standard
4201167,141038,2024-04-21,Home,Chair,2,30758,5,61516,324,10519.24,69283.44,UPI,Shipped,Express
3957871,668684,2024-01-09,Home,Mixer,1,27523,0,27523,287,4954.14,32764.14,UPI,Returned,Standard
6541057,248413,2024-03-16,Fashion,Shoes,2,36589,10,73178,443,11854.84,78158.04,COD,Returned,Standard
9488414,470434,2024-04-30,Electronics,Laptop,3,28828,10,86484,287,14010.41,92133.01,Card,Delivered,Express
4195982,581434,2024-03-12,Home,Chair,4,28678,5,114712,173,19615.75,128765.15,UPI,Processing,Standard
4224862,505334,2025-05-02,Home,Mixer,1,21184,5,21184,4,3622.46,23751.26,Card,Processing,Standard
8110436,460020,2025-11-04,Fashion,Shirt,5,42358,15,211790,11,32403.87,212436.37,COD,Delivered,Standard
2858456,609604,2024-04-19,Home,Chair,2,33832,15,67664,342,10352.59,68208.99,COD,Returned,Express
6473646,327120,2025-11-21,Home,Mixer,1,1235,5,1235,367,211.19,1751.43,UPI,Delivered,Express
5520570,223826,2025-08-11,Home,Mixer,4,42646,15,170584,295,26099.35,171390.75,Card,Delivered,Standard
3996102,814747,2024-04-04,Home,Chair,4,10550,0,42200,58,7596.0,49854.0,UPI,Delivered,Express
1043936,335994,2024-06-11,Fashion,Shirt,2,9921,5,19842,361,3392.98,22603.88,Card,Shipped,Standard
9445641,942410,2024-09-29,Home,Mixer,3,11123,15,33369,363,5105.46,33832.11,UPI,Processing,Standard
6087887,619896,2025-06-10,Fashion,Shoes,2,46673,15,93346,86,14281.94,93712.04,COD,Processing,Standard
7421734,299060,2024-05-04,Fashion,Shoes,2,27612,10,55224,163,8946.29,58810.89,UPI,Delivered,Standard
7475566,220693,2024-05-13,Electronics,Laptop,1,10003,5,10003,217,1710.51,11430.36,COD,Shipped,Express
7782579,674615,2024-09-04,Fashion,Shirt,2,35750,5,71500,201,12226.5,80352.5,COD,Shipped,Standard
2065902,541464,2025-04-23,Home,Chair,1,5935,0,5935,487,1068.3,7490.3,UPI,Processing,Standard
6319260,687629,2024-05-17,Fashion,Shirt,5,9111,10,45555,486,7379.91,48865.41,Card,Shipped,Standard
6636341,927036,2024-02-28,Electronics,Laptop,3,44743,5,134229,289,22953.16,150759.71,COD,Delivered,Standard
3261778,485989,2025-04-22,Home,Mixer,1,15855,15,15855,158,2425.82,16060.57,Card,Delivered,Express
5347867,880801,2025-09-18,Home,Chair,4,7162,5,28648,102,4898.81,32216.41,UPI,Shipped,Standard
5490289,276139,2025-08-20,Fashion,Shirt,4,29036,10,116144,207,18815.33,123551.93,Card,Processing,Standard
8405102,508744,2025-10-28,Electronics,Laptop,5,13193,5,65965,170,11280.01,74116.76,COD,Shipped,Express
3678939,227716,2025-04-11,Home,Mixer,3,4903,15,14709,109,2250.48,14862.13,Card,Returned,Express
8736752,340758,2025-12-04,Electronics,Laptop,5,5613,0,28065,423,5051.7,33539.7,Card,Returned,Standard
4213100,857730,2025-10-22,Home,Mixer,5,9974,10,49870,390,8078.94,53351.94,COD,Shipped,Standard
7437052,491881,2025-02-13,Home,Mixer,5,41019,15,205095,68,31379.53,205778.29,COD,Processing,Standard
8873962,690705,2024-10-27,Home,Chair,3,18568,10,55704,432,9024.05,59589.65,UPI,Shipped,Standard
2568142,409906,2024-06-10,Fashion,Shirt,5,16339,15,81695,300,12499.33,82240.08,UPI,Shipped,Express
8420882,426249,2025-04-01,Fashion,Shirt,2,42833,0,85666,453,15419.88,101538.88,COD,Delivered,Standard
3043288,409828,2024-11-02,Fashion,Shirt,4,30373,10,121492,410,19681.7,129434.5,COD,Delivered,Standard
4137297,797562,2024-12-28,Electronics,Phone,4,44819,0,179276,106,32269.68,211651.68,Card,Shipped,Express
5312961,702256,2025-01-20,Home,Chair,1,40754,15,40754,325,6235.36,41201.26,Card,Shipped,Standard
6193614,972672,2025-09-22,Fashion,Shirt,3,41546,0,124638,130,22434.84,147202.84,COD,Returned,Standard
7884104,885988,2025-03-24,Fashion,Shirt,5,25675,0,128375,27,23107.5,151509.5,COD,Processing,Express
5937340,970355,2025-02-03,Home,Mixer,2,21485,10,42970,139,6961.14,45773.14,Card,Processing,Express
6009420,224976,2024-07-13,Home,Mixer,4,33702,5,134808,309,23052.17,151428.77,UPI,Processing,Express
4345040,568080,2025-06-26,Fashion,Shoes,2,16647,10,33294,315,5393.63,35673.23,COD,Delivered,Standard
6991221,284838,2025-03-25,Electronics,Phone,3,26366,15,79098,98,12101.99,79433.29,UPI,Returned,Express
3185353,410811,2024-11-18,Fashion,Shoes,3,17263,0,51789,231,9322.02,61342.02,Card,Processing,Standard
4607080,820318,2025-12-31,Electronics,Laptop,4,20857,15,83428,1,12764.48,83679.28,COD,Processing,Express
2747024,134035,2025-12-06,Fashion,Shoes,2,24241,0,48482,177,8726.76,57385.76,Card,Processing,Standard
8233001,571325,2024-01-13,Fashion,Shoes,5,26306,10,131530,375,21307.86,140059.86,COD,Shipped,Express
4636935,499721,2024-11-29,Home,Chair,4,25736,15,102944,77,15750.43,103329.83,COD,Returned,Express
5395590,496403,2024-03-18,Electronics,Laptop,4,19936,0,79744,376,14353.92,94473.92,Card,Shipped,Standard
9962665,792594,2024-09-13,Fashion,Shirt,3,12023,5,36069,290,6167.8,40723.35,COD,Delivered,Express
9971888,697982,2024-04-03,Fashion,Shoes,1,28424,10,28424,374,4604.69,30560.29,UPI,Processing,Express
4971954,960912,2025-03-13,Fashion,Shirt,2,44887,0,89774,216,16159.32,106149.32,COD,Delivered,Express
3214296,707132,2025-09-09,Home,Chair,1,40697,10,40697,197,6592.91,43417.21,UPI,Returned,Express
2142285,462493,2024-06-10,Fashion,Shoes,5,35607,10,178035,350,28841.67,189423.17,COD,Returned,Express
6657108,691472,2024-01-04,Fashion,Shoes,4,47052,10,188208,64,30489.7,199940.9,UPI,Returned,Express
1874297,814747,2025-04-09,Electronics,Phone,1,3241,15,3241,113,495.87,3363.72,COD,Returned,Express
8481004,100885,2024-02-05,Electronics,Phone,5,21625,10,108125,198,17516.25,115026.75,UPI,Shipped,Standard
5205861,797562,2024-08-06,Electronics,Phone,1,2004,10,2004,467,324.65,2595.25,UPI,Delivered,Standard
1982334,172892,2025-03-25,Fashion,Shirt,3,35489,10,106467,347,17247.65,113414.95,UPI,Delivered,Standard
1964202,947525,2025-05-05,Fashion,Shirt,5,8188,10,40940,484,6632.28,43962.28,UPI,Shipped,Standard
5123716,913914,2025-10-09,Home,Mixer,5,40019,0,200095,72,36017.1,236184.1,UPI,Delivered,Express
1615332,123406,2024-06-03,Fashion,Shoes,2,2085,0,4170,276,750.6,5196.6,UPI,Delivered,Standard
6942592,276783,2025-03-05,Electronics,Laptop,3,22072,5,66216,15,11322.94,74243.14,Card,Returned,Standard
2559423,742202,2025-08-18,Electronics,Phone,1,13660,10,13660,480,2212.92,14986.92,COD,Delivered,Express
3836020,797034,2025-11-25,Home,Mixer,5,5154,5,25770,65,4406.67,28953.17,Card,Returned,Standard
4028985,467224,2024-11-23,Home,Chair,4,49928,0,199712,12,35948.16,235672.16,UPI,Processing,Standard
4214035,753816,2024-04-10,Fashion,Shoes,1,21437,5,21437,361,3665.73,24391.88,COD,Delivered,Standard
4146106,852843,2025-06-07,Electronics,Phone,5,30489,5,152445,354,26068.09,171244.85,COD,Returned,Standard
1727571,484957,2025-04-08,Fashion,Shirt,4,45929,10,183716,248,29761.99,195354.39,Card,Processing,Express
9476539,972787,2025-01-25,Fashion,Shirt,3,26185,5,78555,80,13432.9,88140.15,Card,Returned,Express
9668241,272803,2024-09-26,Fashion,Shoes,5,13350,10,66750,3,10813.5,70891.5,UPI,Processing,Express
1193326,785147,2025-07-08,Fashion,Shirt,4,8158,15,32632,142,4992.7,32871.9,COD,Shipped,Express
7854206,436305,2024-10-26,Electronics,Phone,3,34176,0,102528,165,18455.04,121148.04,Card,Shipped,Standard
9289909,322313,2024-11-03,Home,Chair,1,5659,5,5659,277,967.69,6620.74,Card,Returned,Express
2005562,105986,2025-09-14,Electronics,Phone,5,28571,0,142855,499,25713.9,169067.9,COD,Processing,Standard
5023522,683484,2024-12-19,Fashion,Shirt,3,22667,5,68001,282,11628.17,76511.12,COD,Processing,Standard
9758257,816730,2024-04-21,Home,Chair,2,15709,10,31418,437,5089.72,33802.92,Card,Shipped,Standard
5033810,552209,2024-07-22,Electronics,Laptop,5,14583,0,72915,406,13124.7,86445.7,UPI,Shipped,Express
2810477,596784,2024-08-31,Electronics,Laptop,2,42447,5,84894,121,14516.87,95287.17,Card,Delivered,Express
6453307,391106,2025-07-03,Electronics,Laptop,1,15084,5,15084,134,2579.36,17043.16,UPI,Processing,Standard
8152380,174361,2024-06-24,Electronics,Laptop,2,5417,15,10834,143,1657.6,11009.5,UPI,Delivered,Standard
3963179,410811,2025-09-02,Home,Chair,2,48236,10,96472,285,15628.46,102738.26,UPI,Returned,Express
1540368,413447,2025-04-30,Fashion,Shoes,4,16639,15,66556,376,10183.07,67131.67,COD,Processing,Express
9646430,876474,2025-08-26,Electronics,Laptop,3,32776,15,98328,344,15044.18,98966.98,COD,Returned,Standard
7483615,174361,2025-04-21,Home,Mixer,2,29374,10,58748,8,9517.18,62398.38,UPI,Returned,Standard
6113922,752636,2025-10-31,Home,Mixer,3,22577,15,67731,479,10362.84,68413.19,Card,Returned,Standard
6937772,382359,2024-07-09,Home,Mixer,5,27417,0,137085,281,24675.3,162041.3,COD,Delivered,Standard
1516119,131011,2024-10-08,Fashion,Shirt,4,24803,15,99212,430,15179.44,99939.64,COD,Shipped,Standard
8709936,649344,2025-11-12,Fashion,Shoes,3,17998,10,53994,166,8747.03,57507.63,COD,Processing,Standard
6729913,879245,2024-10-20,Electronics,Laptop,4,25140,0,100560,279,18100.8,118939.8,UPI,Processing,Standard
7479353,665492,2024-03-29,Home,Chair,3,9601,15,28803,417,4406.86,29306.41,COD,Returned,Standard
8345030,698507,2024-06-19,Electronics,Laptop,2,27196,0,54392,33,9790.56,64215.56,Card,Shipped,Standard
9369930,975235,2024-10-17,Home,Chair,4,14189,15,56756,411,8683.67,57337.27,UPI,Delivered,Express
8943227,758009,2024-04-02,Home,Chair,5,37961,5,189805,402,32456.65,213173.4,Card,Shipped,Standard
6960500,915707,2024-12-15,Electronics,Laptop,5,31997,0,159985,22,28797.3,188804.3,COD,Returned,Express
3746114,496329,2025-07-21,Electronics,Laptop,5,39081,0,195405,494,35172.9,231071.9,UPI,Processing,Standard
8335392,462889,2024-03-02,Home,Chair,5,33837,15,169185,117,25885.31,169809.55,UPI,Processing,Express
2023390,342081,2024-07-06,Fashion,Shoes,2,16176,0,32352,137,5823.36,38312.36,COD,Delivered,Standard
9806918,868360,2025-08-20,Electronics,Laptop,3,48715,0,146145,113,26306.1,172564.1,COD,Returned,Express
6515830,677004,2024-08-26,Fashion,Shirt,1,22641,5,22641,71,3871.61,25451.56,Card,Shipped,Standard
5349058,837549,2025-11-19,Home,Mixer,2,2453,15,4906,130,750.62,5050.72,UPI,Delivered,Standard
1805337,723460,2024-03-19,Home,Chair,3,6126,0,18378,37,3308.04,21723.04,Card,Delivered,Express
1521481,534555,2025-01-16,Electronics,Laptop,5,21102,0,105510,359,18991.8,124860.8,UPI,Delivered,Standard
7443212,895460,2024-05-01,Electronics,Phone,2,22805,10,45610,2,7388.82,48439.82,Card,Processing,Standard
3582737,933600,2025-11-23,Electronics,Laptop,2,33360,0,66720,451,12009.6,79180.6,COD,Delivered,Express
8970766,317932,2024-11-14,Electronics,Laptop,2,48651,15,97302,170,14887.21,97763.91,Card,Delivered,Standard
4297127,654061,2024-10-01,Fashion,Shirt,2,42338,10,84676,453,13717.51,90378.91,UPI,Shipped,Standard
7543647,405361,2025-12-29,Electronics,Laptop,2,22412,10,44824,420,7261.49,48023.09,UPI,Returned,Express
8842616,868360,2025-06-23,Fashion,Shirt,2,596,10,1192,286,193.1,1551.9,COD,Shipped,Standard
3994255,692383,2025-10-29,Fashion,Shoes,1,1863,10,1863,396,301.81,2374.51,COD,Shipped,Standard
4797425,879245,2024-12-08,Home,Mixer,5,7863,0,39315,354,7076.7,46745.7,UPI,Returned,Standard
9628812,774723,2025-01-11,Electronics,Laptop,2,1570,5,3140,250,536.94,3769.94,Card,Returned,Express
2000264,379482,2024-03-02,Home,Chair,4,49051,5,196204,352,33550.88,220296.68,UPI,Shipped,Express
3758704,357790,2024-01-25,Electronics,Phone,4,26678,10,106712,176,17287.34,113504.14,UPI,Delivered,Standard
7898288,518804,2024-06-10,Electronics,Laptop,2,4166,10,8332,494,1349.78,9342.58,Card,Delivered,Express
8604739,137042,2024-08-27,Home,Mixer,5,3958,5,19790,430,3384.09,22614.59,COD,Processing,Express
1017210,811118,2024-01-16,Electronics,Phone,3,13217,0,39651,327,7137.18,47115.18,Card,Returned,Standard
4322972,774723,2024-06-18,Fashion,Shirt,3,24556,10,73668,311,11934.22,78546.42,Card,Processing,Express
1778754,413111,2025-12-02,Fashion,Shoes,3,44515,5,133545,145,22836.19,149848.95,Card,Processing,Express
7652461,227716,2024-03-08,Fashion,Shirt,3,46995,15,140985,150,21570.7,141557.95,COD,Processing,Express
2236471,319247,2025-01-25,Home,Mixer,5,22710,15,113550,75,17373.15,113965.65,UPI,Returned,Standard
9830551,354531,2024-10-14,Home,Mixer,3,23655,10,70965,129,11496.33,75493.83,Card,Returned,Express
7749070,907668,2024-05-13,Home,Chair,5,43864,0,219320,95,39477.6,258892.6,Card,Delivered,Standard
1097772,362209,2024-04-18,Home,Mixer,2,8449,10,16898,104,2737.48,18049.68,Card,Delivered,Standard
3374955,778592,2025-01-02,Home,Mixer,3,39328,0,117984,209,21237.12,139430.12,COD,Delivered,Express
4775248,509446,2025-09-28,Fashion,Shirt,2,11953,15,23906,44,3657.62,24021.72,UPI,Processing,Standard
7701204,344406,2025-08-18,Fashion,Shoes,3,19587,15,58761,234,8990.43,59171.28,Card,Processing,Express
6689824,635780,2025-01-03,Home,Mixer,3,11391,15,34173,200,5228.47,34475.52,COD,Processing,Standard
4492480,949935,2024-12-18,Home,Chair,2,22647,15,45294,378,6929.98,45807.88,UPI,Shipped,Standard
2718016,150538,2025-04-28,Home,Mixer,1,42936,10,42936,311,6955.63,45909.03,UPI,Returned,Standard
7526975,495520,2024-07-07,Home,Chair,4,21417,0,85668,56,15420.24,101144.24,UPI,Returned,Standard
6314076,691472,2025-07-15,Home,Chair,4,48941,10,195764,481,31713.77,208382.37,Card,Processing,Standard
1550879,219446,2025-04-11,Fashion,Shirt,1,11151,10,11151,139,1806.46,11981.36,Card,Returned,Standard
2285924,696853,2025-05-28,Electronics,Laptop,2,39025,0,78050,441,14049.0,92540.0,UPI,Delivered,Standard
4388645,373045,2024-10-28,Home,Mixer,2,13876,5,27752,32,4745.59,31141.99,UPI,Shipped,Express
6873888,975134,2024-03-01,Home,Mixer,3,22772,5,68316,385,11682.04,76967.24,Card,Returned,Standard
6905318,278624,2025-08-16,Home,Mixer,2,1197,5,2394,319,409.37,3002.67,UPI,Shipped,Express
1716574,567022,2024-12-31,Electronics,Laptop,3,49310,15,147930,290,22633.29,148663.79,COD,Returned,Standard
8171935,558405,2024-04-25,Home,Chair,4,22096,5,88384,38,15113.66,99116.46,Card,Shipped,Standard
6129597,633123,2024-11-28,Electronics,Phone,4,1217,5,4868,0,832.43,5457.03,COD,Processing,Express
8304507,746869,2025-09-03,Electronics,Laptop,2,34698,10,69396,423,11242.15,74121.55,UPI,Processing,Standard
5919841,829633,2024-01-13,Electronics,Phone,3,38505,0,115515,319,20792.7,136626.7,COD,Shipped,Express
9470546,780357,2025-06-04,Electronics,Laptop,1,4790,10,4790,319,775.98,5405.98,COD,Returned,Standard
3698721,961457,2025-12-28,Fashion,Shoes,3,47040,5,141120,424,24131.52,158619.52,UPI,Processing,Express
3831035,758976,2025-01-24,Electronics,Laptop,5,24506,5,122530,60,20952.63,137416.13,COD,Returned,Express
9626360,670661,2025-12-30,Fashion,Shoes,3,43488,0,130464,1,23483.52,153948.52,COD,Delivered,Express
3250852,937223,2025-02-19,Electronics,Phone,3,13505,10,40515,454,6563.43,43480.93,Card,Returned,Standard
1211466,968129,2025-02-21,Electronics,Laptop,4,10849,15,43396,213,6639.59,43739.19,Card,Processing,Standard
1011554,996626,2025-03-31,Home,Mixer,1,16571,5,16571,461,2833.64,19037.09,UPI,Returned,Express
8310942,814747,2025-06-29,Home,Mixer,2,14780,5,29560,146,5054.76,33282.76,Card,Delivered,Express
4608907,801330,2025-11-14,Fashion,Shoes,4,42943,15,171772,491,26281.12,172778.32,Card,Delivered,Express
4726561,874075,2025-08-18,Home,Chair,5,30450,10,152250,326,24664.5,162015.5,Card,Processing,Express
8364726,231207,2025-01-19,Fashion,Shirt,1,823,10,823,184,133.33,1058.03,COD,Returned,Standard
2611415,634008,2024-08-05,Fashion,Shirt,3,39141,0,117423,391,21136.14,138950.14,UPI,Returned,Express
1126519,937223,2024-08-05,Fashion,Shoes,3,24488,10,73464,211,11901.17,78229.77,COD,Delivered,Standard
8319620,988627,2024-11-12,Fashion,Shoes,1,34787,0,34787,192,6261.66,41240.66,COD,Delivered,Standard
3672888,625787,2025-07-10,Home,Mixer,1,26471,10,26471,413,4288.3,28525.2,UPI,Returned,Standard
5830978,961457,2024-02-11,Electronics,Phone,2,20293,0,40586,32,7305.48,47923.48,Card,Processing,Express
9663941,286808,2024-03-09,Home,Mixer,5,46673,5,233365,156,39905.42,261758.17,UPI,Processing,Standard
8752450,367692,2024-04-23,Fashion,Shirt,4,16941,0,67764,85,12197.52,80046.52,Card,Shipped,Express
4118829,688626,2025-09-17,Fashion,Shirt,1,33237,5,33237,463,5683.53,37721.68,COD,Processing,Standard
7553891,382359,2025-07-22,Home,Mixer,3,10334,15,31002,444,4743.31,31539.01,Card,Delivered,Express
4222743,139241,2024-11-24,Home,Chair,2,35719,10,71438,321,11572.96,76188.16,Card,Delivered,Express
5866411,742202,2025-09-02,Fashion,Shirt,2,8999,5,17998,236,3077.66,20411.76,COD,Shipped,Standard
6315519,741863,2025-06-27,Electronics,Laptop,1,26954,5,26954,151,4609.13,30366.43,Card,Returned,Standard
2927705,231207,2025-08-26,Home,Mixer,3,23530,5,70590,477,12070.89,79608.39,Card,Delivered,Express
2984939,968129,2025-06-30,Home,Mixer,3,13462,5,40386,41,6906.01,45313.71,UPI,Delivered,Express
2989471,219446,2025-10-14,Electronics,Phone,2,7013,5,14026,100,2398.45,15823.15,COD,Processing,Express
9117849,630903,2025-02-25,Electronics,Phone,4,5270,10,21080,494,3414.96,22880.96,UPI,Returned,Express
1861637,166023,2025-01-22,Electronics,Phone,4,22723,15,90892,304,13906.48,91468.68,COD,Processing,Express
7443050,167543,2025-03-30,Home,Mixer,2,43469,10,86938,426,14083.96,92754.16,UPI,Returned,Standard
6963995,837191,2024-09-15,Home,Mixer,5,17212,5,86060,140,14716.26,96613.26,UPI,Processing,Standard
1927315,435317,2024-03-03,Fashion,Shirt,1,29777,10,29777,458,4823.87,32081.17,COD,Processing,Standard
2773200,448372,2024-09-04,Electronics,Phone,2,4145,5,8290,380,1417.59,9673.09,Card,Returned,Standard
8784707,239478,2025-06-19,Home,Chair,2,47025,15,94050,404,14389.65,94736.15,COD,Processing,Express
5482499,640075,2024-07-28,Home,Chair,4,5823,5,23292,50,3982.93,26160.33,COD,Delivered,Express
1976131,269890,2025-06-22,Electronics,Phone,5,3121,5,15605,136,2668.45,17629.21,UPI,Processing,Express
6498296,514932,2024-09-12,Electronics,Laptop,5,38756,15,193780,193,29648.34,194554.34,Card,Processing,Standard
8341359,779689,2024-02-26,Fashion,Shirt,2,45293,10,90586,156,14674.93,96358.33,UPI,Returned,Standard
3099601,512727,2024-07-26,Fashion,Shirt,4,7223,15,28892,7,4420.48,28985.68,Card,Processing,Express
6210723,317699,2024-08-28,Fashion,Shirt,3,21368,15,64104,90,9807.91,64386.31,Card,Shipped,Standard
8687429,482616,2025-11-21,Electronics,Phone,5,12403,15,62015,447,9488.3,62648.04,Card,Processing,Express
1802302,553981,2025-10-13,Fashion,Shoes,2,18463,5,36926,484,6314.35,41878.05,Card,Shipped,Standard
3125960,629828,2025-08-22,Electronics,Laptop,5,9487,0,47435,90,8538.3,56063.3,UPI,Returned,Express
5834803,864831,2025-12-03,Electronics,Phone,1,7360,5,7360,395,1258.56,8645.56,UPI,Processing,Standard
9916697,931591,2024-12-25,Home,Chair,2,6530,0,13060,24,2350.8,15434.8,COD,Delivered,Standard
2901901,857730,2025-02-21,Electronics,Phone,5,30582,15,152910,17,23395.23,153385.73,COD,Shipped,Standard
3052039,328160,2025-05-23,Fashion,Shirt,3,6937,0,20811,299,3745.98,24855.98,UPI,Shipped,Express
2364780,633592,2025-07-01,Fashion,Shirt,5,26483,5,132415,262,22642.97,148699.21,UPI,Delivered,Express
8186917,129333,2024-05-29,Fashion,Shirt,2,13915,0,27830,303,5009.4,33142.4,UPI,Shipped,Standard
8222459,278585,2025-11-05,Fashion,Shirt,5,47599,5,237995,122,40697.14,266914.4,UPI,Returned,Standard
9527099,132075,2024-05-25,Home,Chair,4,19613,5,78452,273,13415.29,88217.69,Card,Processing,Express
2438149,826198,2025-01-06,Fashion,Shirt,1,11011,10,11011,212,1783.78,11905.68,Card,Delivered,Express
8094997,142362,2024-03-26,Home,Chair,2,18396,10,36792,218,5960.3,39291.1,UPI,Shipped,Standard
6971622,245001,2024-08-01,Home,Chair,5,41913,0,209565,426,37721.7,247712.7,COD,Returned,Standard
3824836,980753,2024-04-18,Fashion,Shoes,4,40040,10,160160,188,25945.92,170277.92,Card,Delivered,Express
9264234,542621,2024-04-23,Electronics,Laptop,3,34285,5,102855,164,17588.2,115464.46,Card,Delivered,Express
9376544,436850,2025-04-25,Home,Mixer,2,42435,10,84870,280,13748.94,90411.94,UPI,Returned,Express
9519624,358349,2024-07-01,Fashion,Shirt,2,34324,10,68648,109,11120.98,73013.18,Card,Shipped,Standard
7956507,653259,2024-11-16,Fashion,Shirt,3,27503,0,82509,384,14851.62,97744.62,Card,Processing,Standard
5926579,365719,2025-07-26,Fashion,Shirt,1,40166,15,40166,181,6145.4,40467.5,UPI,Shipped,Standard
8750590,669298,2025-06-20,Home,Mixer,5,30005,10,150025,259,24304.05,159585.55,Card,Delivered,Standard
8838850,715941,2025-05-29,Fashion,Shirt,3,31709,0,95127,137,17122.86,112386.86,UPI,Delivered,Standard
5059224,727220,2024-05-25,Electronics,Laptop,2,11492,15,22984,133,3516.55,23185.95,COD,Delivered,Express
4504719,354006,2025-05-14,Electronics,Laptop,4,48183,10,192732,103,31222.58,204784.38,COD,Processing,Standard
4228524,517120,2024-12-05,Fashion,Shoes,2,48423,0,96846,219,17432.28,114497.28,UPI,Returned,Express
3215673,779689,2025-10-19,Electronics,Laptop,1,41219,5,41219,448,7048.45,46654.5,COD,Delivered,Standard
2042853,629237,2024-12-29,Home,Chair,2,44218,15,88436,44,13530.71,88745.31,Card,Shipped,Express
5648026,500926,2024-08-29,Electronics,Laptop,5,16445,10,82225,336,13320.45,87658.95,Card,Processing,Standard
1230915,354006,2025-05-29,Home,Mixer,1,43327,0,43327,472,7798.86,51597.86,Card,Shipped,Express
8411705,758009,2025-03-31,Home,Mixer,1,33968,10,33968,62,5502.82,36136.02,COD,Delivered,Express
8524448,482453,2025-08-10,Electronics,Phone,1,41131,15,41131,496,6293.04,41750.39,UPI,Delivered,Express
3943723,925244,2024-06-13,Fashion,Shirt,1,17556,15,17556,434,2686.07,18042.67,UPI,Returned,Express
4496776,970355,2025-11-13,Fashion,Shoes,1,33921,10,33921,45,5495.2,36069.1,Card,Shipped,Express
5853434,630903,2025-01-14,Fashion,Shirt,5,32201,0,161005,436,28980.9,190421.9,COD,Shipped,Standard
6078513,143046,2024-09-17,Electronics,Phone,1,3869,10,3869,22,626.78,4130.88,COD,Returned,Express
3438568,668684,2024-11-14,Fashion,Shoes,4,5696,15,22784,416,3485.95,23268.35,Card,Processing,Standard
2425518,219869,2024-04-02,Fashion,Shirt,5,22204,15,111020,369,16986.06,111722.06,Card,Delivered,Standard
4093297,213392,2024-09-12,Electronics,Laptop,5,6663,10,33315,218,5397.03,35598.53,Card,Processing,Standard
9902959,731130,2024-11-03,Fashion,Shoes,5,17292,10,86460,451,14006.52,92271.52,Card,Delivered,Express
2513953,567317,2024-11-15,Home,Chair,1,42149,15,42149,242,6448.8,42517.45,UPI,Delivered,Express
3795743,121829,2025-12-20,Home,Mixer,2,1908,10,3816,180,618.19,4232.59,Card,Delivered,Express
3860447,674615,2025-11-25,Home,Chair,1,47810,10,47810,392,7745.22,51166.22,UPI,Delivered,Express
7833511,213174,2024-05-25,Home,Mixer,1,24289,0,24289,352,4372.02,29013.02,UPI,Returned,Express
3822544,806649,2025-05-09,Electronics,Phone,3,729,0,2187,130,393.66,2710.66,Card,Shipped,Standard
4577370,500960,2025-06-01,Home,Chair,2,9790,15,19580,398,2995.74,20036.74,UPI,Delivered,Express
8075632,386497,2025-08-04,Electronics,Laptop,3,10960,15,32880,418,5030.64,33396.64,Card,Processing,Standard
5241536,123406,2024-03-16,Fashion,Shoes,4,25869,10,103476,431,16763.11,110322.51,Card,Processing,Express
6692192,823092,2024-07-19,Electronics,Phone,5,21802,5,109010,259,18640.71,122459.21,COD,Returned,Express
3573044,616213,2024-09-05,Home,Mixer,3,22920,15,68760,74,10520.28,69040.28,COD,Shipped,Express
4893017,118035,2024-11-26,Electronics,Laptop,5,24332,0,121660,117,21898.8,143675.8,UPI,Returned,Express
7955376,512357,2025-01-16,Electronics,Phone,3,6171,5,18513,121,3165.72,20874.07,Card,Delivered,Standard
6507833,976914,2025-01-20,Fashion,Shirt,1,18707,15,18707,379,2862.17,19142.12,Card,Shipped,Standard
1191881,322313,2024-11-25,Home,Mixer,3,15395,10,46185,168,7481.97,49216.47,COD,Processing,Express
4874256,223646,2025-11-30,Fashion,Shoes,1,27401,15,27401,292,4192.35,27775.2,UPI,Shipped,Express
3863149,719272,2025-05-26,Electronics,Phone,3,17472,0,52416,207,9434.88,62057.88,Card,Returned,Express
5906733,942904,2024-08-30,Home,Mixer,5,17052,0,85260,199,15346.8,100805.8,Card,Processing,Express
1954289,166023,2024-01-25,Electronics,Laptop,4,34199,5,136796,192,23392.12,153540.32,UPI,Processing,Standard
2879861,889878,2025-11-05,Electronics,Laptop,4,11318,15,45272,357,6926.62,45764.82,UPI,Processing,Standard
4787215,194793,2024-05-27,Electronics,Laptop,4,31818,10,127272,102,20618.06,135264.86,UPI,Delivered,Standard
1508969,758976,2024-09-09,Fashion,Shoes,5,19255,15,96275,70,14730.07,96633.82,Card,Returned,Express
8155462,205837,2025-08-10,Fashion,Shirt,4,45456,5,181824,491,31091.9,204315.7,Card,Delivered,Express
1075054,791236,2025-08-04,Fashion,Shoes,4,28394,0,113576,51,20443.68,134070.68,Card,Processing,Standard
9687864,835348,2024-01-12,Electronics,Laptop,2,49564,0,99128,425,17843.04,117396.04,Card,Delivered,Express
1566366,134035,2025-10-07,Electronics,Phone,2,28010,15,56020,255,8571.06,56443.06,COD,Returned,Express
3921380,432120,2025-09-11,Home,Mixer,5,37454,5,187270,228,32023.17,210157.67,UPI,Processing,Express
1317902,167310,2024-05-05,Electronics,Laptop,4,20695,5,82780,497,14155.38,93293.38,UPI,Returned,Express
8374432,688626,2024-08-27,Home,Chair,1,5457,0,5457,426,982.26,6865.26,Card,Processing,Standard
8104512,450573,2024-10-10,Fashion,Shirt,2,5488,5,10976,33,1876.9,12337.1,UPI,Returned,Express
3458947,849845,2025-03-22,Fashion,Shoes,4,4310,15,17240,271,2637.72,17562.72,Card,Processing,Express
7110287,143046,2024-11-21,Home,Mixer,4,2666,10,10664,14,1727.57,11339.17,Card,Returned,Express
7726289,108892,2024-10-27,Home,Mixer,5,6130,5,30650,333,5241.15,34691.65,Card,Shipped,Standard
4783500,213392,2025-01-13,Home,Chair,3,40302,10,120906,231,19586.77,128633.17,COD,Returned,Standard
9310734,137042,2024-08-06,Home,Chair,3,4312,5,12936,16,2212.06,14517.26,UPI,Returned,Standard
5686269,780357,2024-05-23,Home,Chair,1,25838,15,25838,6,3953.21,25921.51,UPI,Returned,Standard
3046967,467224,2025-11-30,Electronics,Laptop,1,40442,15,40442,455,6187.63,41018.33,UPI,Processing,Express
9423819,367459,2025-09-23,Electronics,Phone,5,17148,0,85740,230,15433.2,101403.2,COD,Delivered,Express
5836361,866649,2024-02-14,Fashion,Shirt,3,26513,15,79539,476,12169.47,80253.62,Card,Returned,Standard
1395727,731130,2024-01-02,Fashion,Shoes,1,34065,10,34065,446,5518.53,36623.03,Card,Shipped,Standard
5922233,814747,2025-06-18,Fashion,Shoes,3,37089,15,111267,438,17023.85,112038.8,UPI,Delivered,Standard
9821206,609604,2025-07-20,Electronics,Phone,3,30822,5,92466,445,15811.69,104099.39,UPI,Shipped,Standard
2038551,581434,2025-09-24,Electronics,Laptop,1,33090,10,33090,120,5360.58,35261.58,UPI,Delivered,Standard
5800797,630462,2024-04-11,Home,Chair,3,41234,10,123702,455,20039.72,131826.52,Card,Delivered,Standard
1921709,981991,2024-07-09,Electronics,Phone,4,14614,10,58456,216,9469.87,62296.27,COD,Delivered,Express
2548047,308540,2025-08-22,Electronics,Phone,4,5030,10,20120,484,3259.44,21851.44,UPI,Delivered,Express
7213399,277937,2024-09-08,Electronics,Phone,1,40022,5,40022,283,6843.76,45147.66,UPI,Delivered,Standard
6972806,900875,2024-10-07,Electronics,Phone,1,17851,5,17851,336,3052.52,20346.97,UPI,Processing,Express
2922996,897926,2025-11-19,Home,Mixer,5,21220,15,106100,434,16233.3,106852.3,COD,Processing,Standard
9456917,547482,2025-04-02,Fashion,Shoes,5,44343,5,221715,255,37913.26,248797.52,COD,Processing,Standard
8553042,547390,2024-08-24,Fashion,Shoes,4,27806,15,111224,79,17017.27,111636.67,COD,Processing,Standard
5607653,584002,2024-12-25,Electronics,Phone,3,12869,15,38607,472,5906.87,39194.82,COD,Returned,Standard
1576874,625126,2024-04-08,Home,Mixer,4,17907,5,71628,474,12248.39,80768.99,COD,Returned,Standard
1933398,226762,2024-08-29,Fashion,Shoes,2,316,5,632,197,108.07,905.47,UPI,Delivered,Express
5581529,381085,2024-02-17,Fashion,Shirt,3,22700,5,68100,179,11645.1,76519.1,COD,Processing,Standard
6681874,636547,2025-11-14,Fashion,Shoes,4,7828,0,31312,218,5636.16,37166.16,UPI,Processing,Express
6849970,823092,2024-07-16,Fashion,Shoes,1,16399,5,16399,112,2804.23,18495.28,UPI,Delivered,Express
5113001,633592,2024-01-30,Electronics,Laptop,4,38496,10,153984,205,24945.41,163736.01,UPI,Returned,Standard
5707765,313819,2024-01-13,Electronics,Laptop,2,49343,0,98686,187,17763.48,116636.48,Card,Delivered,Standard
9223679,166023,2025-02-13,Fashion,Shirt,1,45215,0,45215,285,8138.7,53638.7,COD,Delivered,Express
5434805,189100,2024-02-11,Fashion,Shoes,1,12571,0,12571,481,2262.78,15314.78,Card,Returned,Standard
2134152,828813,2025-06-03,Electronics,Phone,3,12449,10,37347,355,6050.21,40017.51,Card,Processing,Express
4847980,820318,2024-01-16,Electronics,Laptop,2,45915,15,91830,324,14049.99,92429.49,Card,Processing,Express
7849708,687954,2025-11-07,Electronics,Laptop,2,45996,10,91992,398,14902.7,98093.5,Card,Processing,Express
7386108,847473,2024-10-15,Fashion,Shirt,2,29467,10,58934,452,9547.31,63039.91,UPI,Returned,Express
8883931,619501,2025-07-30,Home,Chair,3,31454,0,94362,77,16985.16,111424.16,Card,Processing,Express
3720349,476639,2024-10-25,Home,Chair,2,516,15,1032,287,157.9,1322.1,COD,Returned,Standard
7927540,643873,2025-02-04,Fashion,Shirt,4,3209,10,12836,29,2079.43,13660.83,UPI,Delivered,Standard
8688199,128586,2024-07-24,Fashion,Shoes,2,1713,10,3426,159,555.01,3797.41,UPI,Delivered,Express
8289027,929518,2025-01-16,Electronics,Laptop,2,25465,5,50930,188,8709.03,57280.53,COD,Returned,Standard
4718373,572811,2024-12-17,Fashion,Shirt,2,24404,5,48808,469,8346.17,55182.77,COD,Shipped,Express
8660156,280537,2025-02-24,Fashion,Shoes,2,29325,0,58650,471,10557.0,69678.0,Card,Returned,Standard
9612834,381028,2024-03-16,Electronics,Laptop,2,18926,10,37852,421,6132.02,40619.82,UPI,Delivered,Express
2373892,936565,2024-05-12,Fashion,Shoes,3,31295,10,93885,443,15209.37,100148.87,Card,Returned,Express
9517726,517120,2025-11-04,Fashion,Shirt,4,27898,0,111592,442,20086.56,132120.56,Card,Processing,Standard
7619205,654028,2025-03-31,Home,Mixer,2,35978,10,71956,381,11656.87,76798.27,Card,Delivered,Standard
7373875,187786,2025-08-20,Electronics,Phone,3,43393,15,130179,201,19917.39,130770.54,UPI,Returned,Standard
4165214,753223,2024-06-15,Home,Mixer,2,4853,10,9706,176,1572.37,10483.77,Card,Processing,Standard
4370136,180852,2024-09-08,Fashion,Shoes,1,29094,10,29094,161,4713.23,31058.83,COD,Returned,Standard
3234705,331315,2024-01-17,Home,Chair,5,7349,5,36745,25,6283.39,41216.14,Card,Delivered,Express
1629853,931591,2025-01-17,Fashion,Shirt,3,15853,0,47559,284,8560.62,56403.62,Card,Shipped,Standard
3399614,271650,2024-05-31,Fashion,Shirt,4,9450,0,37800,148,6804.0,44752.0,UPI,Shipped,Standard
8664107,221171,2024-11-25,Home,Mixer,5,24297,0,121485,363,21867.3,143715.3,COD,Returned,Standard
6892612,700391,2024-03-08,Fashion,Shirt,1,36942,0,36942,227,6649.56,43818.56,COD,Delivered,Express
6913868,946776,2024-03-04,Fashion,Shoes,3,34474,15,103422,385,15823.57,104117.27,UPI,Shipped,Express
2573801,491881,2024-09-21,Electronics,Laptop,5,15792,0,78960,28,14212.8,93200.8,Card,Processing,Standard
5252396,679715,2025-06-10,Electronics,Phone,1,36678,0,36678,176,6602.04,43456.04,Card,Processing,Standard
5043065,496403,2025-12-26,Fashion,Shoes,4,10207,10,40828,379,6614.14,43738.34,COD,Returned,Express
6363305,173875,2024-11-11,Electronics,Laptop,1,43425,15,43425,472,6644.02,44027.28,UPI,Processing,Standard
6197121,632380,2024-10-28,Fashion,Shirt,1,49784,5,49784,39,8513.06,55846.86,COD,Processing,Standard
1297390,960912,2024-01-06,Home,Chair,2,14553,10,29106,173,4715.17,31083.57,COD,Delivered,Express
5280839,923669,2024-03-19,Home,Mixer,1,38491,5,38491,247,6581.96,43395.41,COD,Returned,Standard
8290979,499721,2025-11-28,Fashion,Shirt,1,47698,5,47698,76,8156.36,53545.46,UPI,Shipped,Express
8634617,659996,2024-09-14,Fashion,Shoes,3,10365,5,31095,345,5317.24,35202.5,Card,Delivered,Standard
5453570,813964,2024-10-08,Fashion,Shirt,1,26376,0,26376,311,4747.68,31434.68,Card,Delivered,Standard
6717861,876474,2025-09-09,Home,Mixer,3,6763,0,20289,175,3652.02,24116.02,COD,Delivered,Standard
2396317,677980,2025-03-19,Home,Mixer,2,24355,0,48710,232,8767.8,57709.8,COD,Shipped,Express
1208198,978264,2024-05-29,Home,Chair,1,35693,10,35693,494,5782.27,38399.97,UPI,Shipped,Standard
5508095,125594,2025-01-08,Electronics,Laptop,4,12116,15,48464,423,7414.99,49032.39,UPI,Delivered,Express
8141171,591608,2025-10-11,Electronics,Phone,4,43339,10,173356,499,28083.67,184603.07,COD,Delivered,Standard
3594413,572745,2024-02-24,Fashion,Shirt,1,5008,10,5008,205,811.3,5523.5,COD,Processing,Express
4878864,998576,2024-05-26,Home,Chair,5,31179,10,155895,255,25254.99,165815.49,UPI,Shipped,Express
7231044,575003,2024-07-31,Home,Mixer,1,30375,15,30375,343,4647.38,30809.12,UPI,Shipped,Express
7461048,413228,2024-12-28,Fashion,Shoes,2,32875,0,65750,368,11835.0,77953.0,COD,Delivered,Express
1082055,950540,2025-11-13,Home,Mixer,5,38389,10,191945,320,31095.09,204165.59,COD,Shipped,Standard
4964209,742195,2024-07-18,Home,Mixer,5,22179,5,110895,189,18963.04,124502.29,UPI,Processing,Standard
3939187,723460,2025-12-07,Electronics,Laptop,2,549,0,1098,334,197.64,1629.64,COD,Processing,Express
4725070,343454,2025-06-12,Fashion,Shoes,5,2369,15,11845,163,1812.28,12043.53,COD,Delivered,Standard
3010913,189100,2024-04-03,Electronics,Phone,3,17280,10,51840,98,8398.08,55152.08,Card,Returned,Express
4220207,547482,2024-08-09,Electronics,Laptop,2,44991,10,89982,376,14577.08,95936.88,Card,Delivered,Express
2580397,742202,2025-10-17,Home,Mixer,1,21929,5,21929,134,3749.86,24716.41,COD,Returned,Standard
4239481,604471,2024-03-08,Home,Mixer,1,1722,15,1722,116,263.47,1843.17,UPI,Returned,Standard
4873933,987302,2024-12-13,Fashion,Shoes,4,38865,15,155460,194,23785.38,156120.38,COD,Returned,Express
1711848,354006,2024-03-27,Fashion,Shirt,3,1670,10,5010,288,811.62,5608.62,COD,Processing,Express
7945840,436850,2025-01-13,Electronics,Phone,1,36388,0,36388,140,6549.84,43077.84,UPI,Processing,Standard
6736590,725549,2024-12-14,Fashion,Shirt,3,8438,15,25314,262,3873.04,25651.94,UPI,Returned,Express
3417763,533622,2025-05-05,Home,Mixer,1,30842,15,30842,354,4718.83,31288.53,UPI,Returned,Express
1211559,509446,2025-04-28,Electronics,Laptop,4,49077,15,196308,1,30035.12,196897.92,Card,Returned,Express
8822427,245001,2024-05-22,Electronics,Phone,3,10382,0,31146,3,5606.28,36755.28,COD,Processing,Express
4632464,175027,2024-05-29,Fashion,Shoes,4,2420,0,9680,84,1742.4,11506.4,UPI,Returned,Standard
2015976,462889,2025-01-11,Electronics,Phone,2,47831,10,95662,245,15497.24,101838.04,COD,Processing,Express
1576096,920720,2024-08-26,Electronics,Laptop,4,28700,15,114800,492,17564.4,115636.4,Card,Shipped,Standard
2679285,213174,2024-11-25,Home,Chair,5,26132,0,130660,273,23518.8,154451.8,COD,Returned,Express
1605434,115254,2025-04-09,Electronics,Laptop,5,265,0,1325,457,238.5,2020.5,Card,Returned,Standard
4148133,816610,2025-11-14,Fashion,Shirt,1,19315,0,19315,365,3476.7,23156.7,UPI,Shipped,Standard
6930672,264590,2025-10-08,Home,Mixer,4,41831,5,167324,6,28612.4,187576.2,UPI,Delivered,Express
2055822,677980,2024-02-07,Home,Chair,2,11103,10,22206,420,3597.37,24002.77,Card,Delivered,Standard
7317039,677980,2025-12-20,Electronics,Phone,1,44518,0,44518,154,8013.24,52685.24,Card,Processing,Standard
4639545,903238,2024-11-07,Fashion,Shirt,1,2276,10,2276,340,368.71,2757.11,Card,Returned,Standard
6341975,154665,2024-07-09,Electronics,Phone,4,14362,10,57448,67,9306.58,61076.78,UPI,Delivered,Standard
7562277,913914,2024-04-08,Electronics,Laptop,4,29939,5,119756,257,20478.28,134503.48,Card,Delivered,Express
5882861,213174,2024-02-28,Fashion,Shirt,2,13553,15,27106,129,4147.22,27316.32,Card,Processing,Standard
3878110,308893,2025-04-06,Home,Mixer,4,21920,5,87680,429,14993.28,98718.28,Card,Processing,Standard
5900942,542621,2025-06-14,Fashion,Shoes,1,25876,10,25876,258,4191.91,27738.31,UPI,Shipped,Standard
6177874,941235,2024-06-05,Fashion,Shirt,4,29966,5,119864,34,20496.74,134401.54,COD,Processing,Express
5684951,327120,2024-10-11,Home,Chair,2,8276,15,16552,186,2532.46,16787.66,COD,Delivered,Standard
7080036,636547,2024-04-20,Fashion,Shirt,1,48623,15,48623,121,7439.32,48889.87,UPI,Processing,Express
4830653,608480,2024-03-03,Electronics,Phone,4,28249,15,112996,49,17288.39,113383.99,COD,Returned,Express
4694451,723460,2024-09-10,Fashion,Shirt,1,3309,15,3309,433,506.28,3751.93,Card,Delivered,Standard
3003013,820487,2025-10-07,Home,Chair,4,19264,0,77056,94,13870.08,91020.08,UPI,Delivered,Express
7339877,856531,2025-10-26,Home,Chair,5,47397,5,236985,277,40524.43,265937.18,Card,Shipped,Express
3387485,753223,2025-05-10,Fashion,Shoes,3,12866,15,38598,69,5905.49,38782.79,COD,Processing,Express
7040157,730662,2024-04-18,Fashion,Shoes,4,21887,10,87548,151,14182.78,93126.98,COD,Delivered,Express
5765440,447222,2024-01-14,Electronics,Laptop,3,48503,10,145509,236,23572.46,154766.56,Card,Delivered,Express
6899042,838221,2024-10-21,Fashion,Shirt,1,7921,0,7921,283,1425.78,9629.78,UPI,Shipped,Standard
9839628,903238,2025-04-17,Electronics,Laptop,1,14861,15,14861,43,2273.73,14948.58,Card,Processing,Standard
6977001,722378,2025-03-20,Fashion,Shirt,1,35796,5,35796,89,6121.12,40216.32,COD,Delivered,Standard
1884308,923274,2025-12-21,Fashion,Shirt,4,12206,0,48824,388,8788.32,58000.32,UPI,Returned,Express
9790247,407746,2024-10-27,Electronics,Phone,2,38716,10,77432,262,12543.98,82494.78,UPI,Delivered,Standard
1954028,611669,2025-09-15,Electronics,Laptop,3,6734,15,20202,51,3090.91,20313.61,UPI,Processing,Express
2515609,317699,2025-01-18,Fashion,Shirt,4,35586,15,142344,223,21778.63,142994.03,Card,Shipped,Express
8282859,122559,2025-10-18,Electronics,Laptop,4,22111,10,88444,45,14327.93,93972.53,Card,Delivered,Express
6685545,802866,2025-12-16,Fashion,Shirt,4,4952,15,19808,295,3030.62,20162.42,Card,Processing,Standard
9817647,178835,2025-02-09,Home,Mixer,5,38407,15,192035,180,29381.35,192791.11,COD,Returned,Standard
6983840,551067,2025-10-29,Home,Mixer,4,39325,15,157300,426,24066.9,158197.9,UPI,Returned,Express
5038986,917620,2024-05-11,Electronics,Laptop,3,30355,15,91065,280,13932.94,91618.2,Card,Shipped,Express
6119023,410454,2024-11-24,Fashion,Shoes,2,2283,15,4566,453,698.6,5032.7,Card,Processing,Standard
9715785,113857,2024-08-07,Fashion,Shoes,3,1684,10,5052,320,818.42,5685.22,Card,Returned,Standard
5791183,581434,2024-04-22,Electronics,Laptop,1,22988,10,22988,273,3724.06,24686.26,Card,Processing,Standard
7480378,501873,2024-12-11,Fashion,Shoes,2,23376,5,46752,110,7994.59,52518.99,COD,Delivered,Express
9668311,658388,2025-10-13,Fashion,Shirt,3,45339,10,136017,310,22034.75,144760.05,COD,Processing,Standard
6413783,667675,2024-07-23,Electronics,Laptop,3,8625,0,25875,121,4657.5,30653.5,COD,Shipped,Standard
3799388,209340,2024-03-25,Fashion,Shirt,5,664,5,3320,324,567.72,4045.72,Card,Delivered,Express
3495492,659996,2024-11-12,Fashion,Shirt,1,34691,15,34691,273,5307.72,35068.07,Card,Delivered,Standard
2681260,248413,2025-06-08,Electronics,Phone,5,23943,15,119715,52,18316.4,120126.15,Card,Delivered,Standard
3546176,614650,2025-04-12,Electronics,Phone,4,25201,15,100804,77,15423.01,101183.41,COD,Delivered,Express
4732812,836756,2025-03-11,Fashion,Shirt,5,2476,10,12380,48,2005.56,13195.56,Card,Shipped,Standard
6075116,194793,2024-09-13,Home,Mixer,5,14261,15,71305,13,10909.66,71531.91,COD,Delivered,Standard
8291588,619501,2024-07-20,Home,Mixer,5,11280,5,56400,28,9644.4,63252.4,UPI,Shipped,Standard
8078434,998576,2025-06-05,Home,Mixer,5,33909,10,169545,236,27466.29,180292.79,Card,Shipped,Express
5421676,358349,2024-10-07,Fashion,Shoes,3,9747,15,29241,349,4473.87,29677.72,COD,Processing,Express
9452351,670661,2025-04-03,Home,Mixer,2,39240,0,78480,154,14126.4,92760.4,UPI,Returned,Standard
7136754,112899,2025-01-31,Fashion,Shirt,2,26072,5,52144,285,8916.62,58738.42,COD,Shipped,Express
6184147,654383,2025-09-27,Fashion,Shirt,2,46188,5,92376,451,15796.3,104004.5,COD,Returned,Standard
8425412,949935,2024-04-27,Home,Chair,2,36148,15,72296,138,11061.29,72650.89,Card,Shipped,Express
8504404,158849,2024-11-06,Fashion,Shirt,3,36487,15,109461,151,16747.53,109940.38,UPI,Processing,Express
1947004,972672,2024-07-19,Fashion,Shoes,2,12363,15,24726,92,3783.08,24892.18,UPI,Shipped,Standard
8632608,719869,2025-08-21,Electronics,Laptop,4,5499,15,21996,281,3365.39,22342.99,COD,Delivered,Standard
7882551,958102,2025-03-11,Fashion,Shoes,1,43610,15,43610,377,6672.33,44117.83,COD,Returned,Express
1004258,496329,2025-08-01,Electronics,Phone,1,17253,10,17253,17,2794.99,18339.69,Card,Processing,Standard
3076552,277937,2025-10-08,Electronics,Laptop,2,10955,0,21910,24,3943.8,25877.8,COD,Returned,Standard
5997878,198418,2025-03-25,Electronics,Phone,4,44572,0,178288,23,32091.84,210402.84,COD,Shipped,Standard
9407055,567317,2025-07-11,Home,Mixer,5,15394,0,76970,164,13854.6,90988.6,Card,Processing,Express
4041041,634895,2024-04-24,Home,Chair,4,10636,5,42544,5,7275.02,47696.82,UPI,Processing,Express
2222434,245884,2025-06-07,Electronics,Laptop,4,14512,5,58048,263,9926.21,65334.81,Card,Returned,Express
2891657,553653,2025-04-03,Fashion,Shoes,1,13573,15,13573,312,2076.67,13925.72,COD,Shipped,Standard
5012355,335994,2025-11-22,Home,Chair,3,44248,0,132744,237,23893.92,156874.92,Card,Delivered,Standard
7087771,435807,2024-04-23,Fashion,Shoes,3,35712,0,107136,294,19284.48,126714.48,Card,Returned,Express
8516512,934879,2025-12-31,Home,Mixer,2,45470,5,90940,471,15550.74,102414.74,COD,Processing,Express
7148341,638916,2025-09-06,Fashion,Shirt,5,34712,10,173560,323,28116.72,184643.72,COD,Processing,Express
5856741,158849,2025-12-26,Fashion,Shoes,3,28429,5,85287,260,14584.08,95866.73,UPI,Delivered,Standard
3521081,255619,2024-09-12,Electronics,Phone,4,21856,10,87424,68,14162.69,92912.29,COD,Delivered,Express
5655371,626635,2025-09-28,Home,Chair,1,6204,10,6204,128,1005.05,6716.65,COD,Returned,Express
2717547,492904,2025-01-17,Electronics,Laptop,5,8509,15,42545,161,6509.38,42833.64,COD,Returned,Standard
3163260,920268,2024-09-28,Fashion,Shoes,3,17443,15,52329,97,8006.34,52582.99,UPI,Processing,Express
9202493,432849,2024-03-11,Home,Chair,2,29948,15,59896,21,9164.09,60096.69,UPI,Processing,Express
6558722,641693,2025-06-20,Electronics,Phone,4,13379,0,53516,37,9632.88,63185.88,COD,Returned,Express
4894774,753223,2024-08-24,Electronics,Phone,4,23485,0,93940,180,16909.2,111029.2,COD,Processing,Express
6911091,847473,2024-01-24,Home,Chair,2,18781,10,37562,60,6085.04,39950.84,COD,Shipped,Express
1633236,343454,2025-05-05,Fashion,Shoes,4,36676,5,146704,171,25086.38,164626.18,Card,Returned,Express
1934013,715296,2024-12-22,Home,Chair,4,12251,15,49004,160,7497.61,49311.01,UPI,Processing,Standard
2972707,313819,2024-11-26,Fashion,Shirt,1,49629,15,49629,387,7593.24,50164.89,COD,Delivered,Express
4084145,518804,2024-11-29,Home,Mixer,2,13591,0,27182,96,4892.76,32170.76,COD,Returned,Standard
9337550,642022,2024-12-30,Electronics,Laptop,3,24892,0,74676,66,13441.68,88183.68,COD,Returned,Express
8631549,337961,2025-04-05,Fashion,Shoes,1,13853,10,13853,179,2244.19,14890.89,COD,Processing,Standard
9530769,753776,2024-09-29,Fashion,Shoes,2,11155,10,22310,126,3614.22,23819.22,COD,Processing,Express
2565038,405361,2024-12-27,Fashion,Shoes,3,1984,15,5952,324,910.66,6293.86,UPI,Processing,Standard
7814475,584002,2024-10-08,Home,Mixer,3,26256,5,78768,193,13469.33,88491.93,Card,Processing,Express
2025612,231788,2024-05-04,Fashion,Shirt,4,35220,10,140880,188,22822.56,149802.56,COD,Delivered,Express
3515887,336695,2025-02-03,Fashion,Shirt,4,40697,5,162788,458,27836.75,182943.35,COD,Returned,Express
2213293,600181,2025-03-19,Home,Chair,5,16480,0,82400,390,14832.0,97622.0,COD,Returned,Express
6098650,432835,2025-11-22,Fashion,Shoes,4,21023,10,84092,236,13622.9,89541.7,UPI,Returned,Standard
1187684,696853,2024-05-03,Electronics,Phone,5,2261,5,11305,113,1933.15,12785.91,UPI,Shipped,Express
8699415,551067,2025-05-06,Home,Mixer,3,33453,5,100359,365,17161.39,112867.44,Card,Shipped,Standard
5069103,360273,2025-11-17,Electronics,Laptop,2,9127,0,18254,271,3285.72,21810.72,Card,Processing,Standard
4873969,626635,2025-07-07,Electronics,Laptop,2,34564,10,69128,472,11198.74,73885.94,UPI,Delivered,Standard
4622856,740980,2024-11-10,Fashion,Shirt,1,35652,15,35652,33,5454.76,35791.96,Card,Shipped,Standard
3189344,161640,2024-03-20,Fashion,Shirt,1,33227,10,33227,498,5382.77,35785.07,UPI,Returned,Express
7809472,391106,2025-09-16,Home,Mixer,3,30879,5,92637,149,15840.93,103995.08,Card,Returned,Standard
3217544,835348,2024-07-30,Electronics,Laptop,4,8113,10,32452,433,5257.22,34897.02,Card,Processing,Express
3499274,362374,2024-10-13,Home,Chair,3,278,15,834,418,127.6,1254.5,Card,Shipped,Express
3625684,667911,2024-05-14,Electronics,Laptop,2,5866,15,11732,247,1795.0,12014.2,COD,Processing,Express
6935175,746869,2024-02-15,Home,Mixer,1,1999,10,1999,175,323.84,2297.94,Card,Processing,Express
1939033,915160,2025-10-05,Home,Chair,3,40590,15,121770,326,18630.81,122461.31,COD,Delivered,Express
7241252,111016,2024-07-25,Fashion,Shoes,4,15937,15,63748,392,9753.44,64331.24,COD,Shipped,Express
1491796,989508,2025-05-15,Fashion,Shirt,3,31131,0,93393,106,16810.74,110309.74,Card,Returned,Standard
9326023,857730,2024-09-25,Home,Mixer,4,39123,15,156492,2,23943.28,156963.48,Card,Processing,Standard
8582739,846156,2025-01-29,Home,Chair,5,33499,10,167495,36,27134.19,177915.69,Card,Processing,Standard
2544420,982633,2025-09-24,Home,Chair,4,27168,0,108672,461,19560.96,128693.96,Card,Shipped,Express
1586960,271650,2024-09-15,Electronics,Laptop,1,4120,5,4120,15,704.52,4633.52,UPI,Processing,Standard
8516188,512719,2024-08-28,Fashion,Shirt,5,46288,0,231440,100,41659.2,273199.2,COD,Returned,Express
3303951,735046,2025-09-21,Fashion,Shoes,3,25969,0,77907,363,14023.26,92293.26,Card,Returned,Standard
7416928,633123,2025-05-15,Home,Mixer,4,27906,10,111624,223,18083.09,118767.69,UPI,Returned,Express
5460176,823092,2024-11-30,Home,Mixer,4,7545,5,30180,367,5160.78,34198.78,COD,Returned,Express
2014612,686546,2024-04-12,Electronics,Laptop,5,19157,15,95785,89,14655.1,96161.35,UPI,Delivered,Standard
1638090,137042,2024-03-24,Home,Chair,4,25861,10,103444,124,16757.93,109981.53,UPI,Processing,Standard
9803161,128586,2024-08-05,Fashion,Shoes,1,33017,0,33017,52,5943.06,39012.06,Card,Returned,Standard
1637430,698507,2025-04-21,Home,Chair,1,43719,0,43719,298,7869.42,51886.42,COD,Returned,Standard
4091989,137042,2025-11-27,Electronics,Laptop,1,543,10,543,399,87.97,975.67,UPI,Shipped,Standard
4728469,992625,2025-01-08,Home,Chair,2,28657,10,57314,147,9284.87,61014.47,Card,Delivered,Standard
5732549,625126,2025-09-21,Home,Mixer,2,25030,10,50060,65,8109.72,53228.72,UPI,Delivered,Express
9838535,231207,2025-02-05,Electronics,Laptop,3,26863,10,80589,438,13055.42,86023.52,UPI,Shipped,Express
2992058,915160,2024-01-31,Electronics,Phone,3,37386,0,112158,29,20188.44,132375.44,COD,Delivered,Express
6115774,663601,2025-06-09,Fashion,Shirt,4,26828,15,107312,302,16418.74,107935.94,Card,Returned,Standard
4098522,245884,2024-07-15,Electronics,Phone,1,44558,10,44558,216,7218.4,47536.6,COD,Shipped,Express
1599145,367695,2025-07-09,Home,Chair,2,11013,15,22026,352,3369.98,22444.08,COD,Delivered,Standard
2797480,460527,2024-06-16,Fashion,Shirt,4,3652,10,14608,87,2366.5,15600.7,Card,Returned,Express
9027868,736944,2025-06-07,Fashion,Shoes,2,31537,15,63074,449,9650.32,63712.22,UPI,Processing,Standard
3492928,697982,2025-03-03,Fashion,Shirt,3,12284,0,36852,372,6633.36,43857.36,UPI,Shipped,Express
5264919,337961,2025-11-27,Home,Chair,4,46127,10,184508,169,29890.3,196116.5,COD,Delivered,Express
2934009,880801,2025-03-24,Fashion,Shoes,5,12763,5,63815,368,10912.36,71904.62,COD,Delivered,Express
2410552,281657,2025-07-11,Fashion,Shoes,4,21002,5,84008,82,14365.37,94254.97,UPI,Delivered,Standard
6518815,462493,2024-11-02,Electronics,Laptop,4,16343,15,65372,139,10001.92,65707.12,UPI,Processing,Standard
3225439,536388,2025-12-24,Home,Chair,5,42659,5,213295,406,36473.44,239509.7,COD,Processing,Express
4867213,516615,2024-11-26,Fashion,Shoes,1,11533,10,11533,147,1868.35,12395.05,Card,Returned,Standard
4814817,158849,2025-12-01,Fashion,Shirt,5,22617,15,113085,417,17302.01,113841.26,COD,Returned,Standard
6641973,810161,2025-06-23,Home,Chair,1,22524,0,22524,395,4054.32,26973.32,UPI,Delivered,Standard
8387149,907952,2024-09-25,Electronics,Phone,5,3635,0,18175,158,3271.5,21604.5,Card,Returned,Express
6845735,627467,2025-05-09,Home,Mixer,3,8088,0,24264,164,4367.52,28795.52,UPI,Delivered,Standard
1189408,969200,2025-11-22,Fashion,Shirt,2,20349,10,40698,93,6593.08,43314.28,COD,Returned,Express
2104343,933600,2025-09-14,Electronics,Phone,3,49312,5,147936,475,25297.06,166311.26,UPI,Returned,Standard
5581369,241707,2024-03-07,Electronics,Laptop,5,15226,0,76130,330,13703.4,90163.4,UPI,Processing,Express
4103008,344873,2024-09-29,Electronics,Laptop,1,26299,10,26299,220,4260.44,28149.54,UPI,Returned,Standard
1242444,484957,2024-10-01,Electronics,Phone,3,14097,0,42291,323,7612.38,50226.38,Card,Returned,Express
7204206,683484,2024-05-04,Fashion,Shoes,5,899,5,4495,312,768.64,5350.9,UPI,Shipped,Standard
5938422,703818,2025-11-10,Electronics,Phone,5,20478,10,102390,275,16587.18,109013.18,COD,Processing,Standard
3855606,857373,2024-01-28,Fashion,Shoes,3,15889,15,47667,130,7293.05,47940.0,COD,Processing,Standard
1191233,194793,2025-06-08,Fashion,Shirt,4,49280,15,197120,324,30159.36,198035.36,COD,Shipped,Express
9229330,346038,2025-02-21,Home,Chair,5,16674,10,83370,484,13505.94,89022.94,COD,Processing,Express
3811429,448856,2025-12-08,Home,Chair,2,41629,5,83258,264,14237.12,93596.22,UPI,Shipped,Standard
7084558,900875,2025-10-30,Home,Chair,3,44173,15,132519,29,20275.41,132945.56,COD,Processing,Standard
9457167,779689,2025-01-26,Electronics,Phone,2,14500,15,29000,416,4437.0,29503.0,UPI,Shipped,Express
7129826,929518,2025-01-27,Home,Chair,4,7221,10,28884,1,4679.21,30675.81,Card,Shipped,Standard
8202362,576789,2024-03-27,Home,Chair,3,22618,15,67854,496,10381.66,68553.56,COD,Processing,Express
9380547,534555,2025-09-03,Electronics,Phone,3,40855,15,122565,24,18752.44,122956.7,COD,Returned,Express
8920868,936016,2024-04-27,Home,Mixer,2,2369,0,4738,122,852.84,5712.84,Card,Shipped,Express
6781438,330849,2025-04-19,Home,Chair,1,3083,10,3083,9,499.45,3283.15,COD,Shipped,Standard
7849894,846721,2024-05-26,Home,Chair,5,33803,0,169015,29,30422.7,199466.7,COD,Returned,Standard
2640942,220260,2025-08-27,Electronics,Phone,5,42986,10,214930,92,34818.66,228347.66,Card,Shipped,Express
2269089,560743,2025-11-02,Electronics,Phone,2,30378,10,60756,234,9842.47,64756.87,UPI,Processing,Standard
2656385,320153,2025-01-12,Home,Mixer,5,38297,5,191485,390,32743.93,215044.68,Card,Shipped,Standard
4838750,528831,2025-03-07,Electronics,Phone,3,12812,10,38436,119,6226.63,40938.03,UPI,Delivered,Standard
6450205,616213,2025-06-19,Fashion,Shirt,2,4644,15,9288,296,1421.06,9611.86,Card,Shipped,Express
4461859,410811,2025-02-03,Fashion,Shirt,5,46556,10,232780,186,37710.36,247398.36,Card,Delivered,Standard
1631666,158849,2025-06-23,Fashion,Shoes,2,27920,0,55840,410,10051.2,66301.2,UPI,Delivered,Standard
2000456,235527,2024-02-21,Fashion,Shoes,2,31736,0,63472,10,11424.96,74906.96,COD,Shipped,Express
6906697,942904,2025-07-28,Electronics,Phone,3,35922,5,107766,406,18427.99,121211.69,Card,Returned,Standard
4714639,427160,2024-09-26,Home,Mixer,3,30780,15,92340,33,14128.02,92650.02,COD,Processing,Standard
7999140,614650,2025-09-15,Electronics,Laptop,4,2154,0,8616,54,1550.88,10220.88,UPI,Returned,Standard
7321805,367692,2025-01-08,Home,Chair,4,18903,5,75612,126,12929.65,84887.05,Card,Returned,Standard
1864920,706261,2024-07-09,Home,Chair,2,16682,0,33364,199,6005.52,39568.52,Card,Returned,Express
1857428,783244,2024-05-12,Electronics,Laptop,2,27192,0,54384,104,9789.12,64277.12,Card,Delivered,Express
8257418,972787,2024-01-31,Home,Chair,1,6546,5,6546,133,1119.37,7471.07,COD,Processing,Standard
5658909,216771,2024-12-17,Fashion,Shoes,5,4424,15,22120,259,3384.36,22445.36,UPI,Returned,Standard
7290782,386497,2024-05-15,Home,Chair,1,328,0,328,123,59.04,510.04,Card,Shipped,Standard
2227914,361681,2024-12-04,Electronics,Laptop,2,15013,15,30026,146,4593.98,30262.08,UPI,Delivered,Express
2734974,687629,2025-02-24,Home,Mixer,1,17685,0,17685,133,3183.3,21001.3,Card,Returned,Express
6512969,890778,2024-07-27,Fashion,Shoes,4,44584,10,178336,159,28890.43,189551.83,Card,Delivered,Standard
4012289,410103,2025-08-14,Electronics,Phone,4,32226,10,128904,202,20882.45,137098.05,UPI,Delivered,Express
6838482,443661,2025-08-11,Home,Mixer,1,10601,15,10601,104,1621.95,10736.8,Card,Shipped,Standard
7516361,381085,2024-01-26,Fashion,Shoes,4,1749,15,6996,308,1070.39,7324.99,COD,Shipped,Express
8831876,285819,2025-11-09,Electronics,Laptop,4,16446,10,65784,18,10657.01,69880.61,UPI,Delivered,Express
3665160,273202,2025-01-19,Fashion,Shoes,2,48502,0,97004,271,17460.72,114735.72,COD,Shipped,Standard
3940126,448856,2024-11-20,Electronics,Laptop,2,22016,10,44032,399,7133.18,47160.98,Card,Shipped,Standard
8036028,897911,2024-08-14,Home,Mixer,4,34669,5,138676,421,23713.6,155876.8,Card,Delivered,Standard
8917935,925244,2024-02-10,Electronics,Phone,4,15185,10,60740,437,9839.88,64942.88,Card,Returned,Standard
4173993,837191,2025-03-16,Fashion,Shoes,5,32588,0,162940,447,29329.2,192716.2,UPI,Shipped,Express
1443441,371699,2025-02-03,Home,Chair,4,17988,10,71952,159,11656.22,76572.02,UPI,Shipped,Standard
9393141,783724,2024-12-28,Electronics,Laptop,1,37543,5,37543,454,6419.85,42539.7,UPI,Shipped,Express
3670613,361681,2024-10-01,Fashion,Shoes,1,37289,5,37289,385,6376.42,42185.97,UPI,Delivered,Standard
4322705,357003,2025-11-13,Electronics,Phone,4,47416,15,189664,248,29018.59,190480.99,UPI,Processing,Express
4079130,553951,2024-06-18,Home,Chair,3,18068,10,54204,308,8781.05,57872.65,UPI,Shipped,Express
2357511,681331,2024-09-22,Electronics,Phone,5,44264,0,221320,392,39837.6,261549.6,COD,Processing,Standard
1441264,571217,2025-11-23,Electronics,Phone,2,13591,10,27182,235,4403.48,29102.28,Card,Returned,Standard
2500245,105986,2025-11-07,Fashion,Shoes,1,24377,10,24377,436,3949.07,26324.37,COD,Delivered,Standard
4200303,649636,2024-07-11,Fashion,Shirt,1,21003,0,21003,211,3780.54,24994.54,UPI,Shipped,Express
8597627,219446,2024-05-16,Fashion,Shirt,4,37687,5,150748,61,25777.91,169049.51,UPI,Delivered,Standard
5319801,286204,2025-05-23,Electronics,Phone,3,14611,0,43833,1,7889.94,51723.94,COD,Delivered,Express
2021137,935817,2025-10-12,Fashion,Shoes,1,5575,5,5575,317,953.32,6566.57,Card,Delivered,Standard
7685733,838832,2024-02-17,Fashion,Shoes,3,27690,5,83070,396,14204.97,93517.47,COD,Delivered,Express
5522830,988285,2025-02-27,Fashion,Shoes,5,9950,10,49750,42,8059.5,52876.5,UPI,Processing,Express
8075115,316783,2025-03-09,Fashion,Shoes,4,18948,10,75792,37,12278.3,80528.1,UPI,Delivered,Standard
4974226,634895,2025-04-22,Electronics,Laptop,1,13140,15,13140,73,2010.42,13252.42,UPI,Processing,Standard
8582052,860705,2025-11-25,Electronics,Laptop,3,44187,15,132561,499,20281.83,133457.68,Card,Delivered,Express
3082484,874441,2025-02-05,Home,Mixer,3,35299,5,105897,137,18108.39,118847.54,UPI,Shipped,Standard
2167090,883564,2025-06-10,Home,Mixer,2,9892,0,19784,0,3561.12,23345.12,Card,Shipped,Standard
4555683,940775,2024-01-17,Electronics,Laptop,1,24579,10,24579,86,3981.8,26188.9,Card,Delivered,Standard
4487677,941235,2025-08-28,Electronics,Laptop,3,27349,10,82047,429,13291.61,87562.91,COD,Shipped,Express
4651421,882431,2025-09-03,Fashion,Shirt,4,13936,15,55744,159,8528.83,56070.23,Card,Shipped,Express
1515283,403858,2024-02-17,Fashion,Shirt,3,46601,10,139803,83,22648.09,148553.79,UPI,Shipped,Standard
3938701,541365,2024-09-08,Home,Chair,1,25378,0,25378,164,4568.04,30110.04,UPI,Shipped,Standard
7909885,409906,2024-05-30,Electronics,Phone,3,43841,15,131523,402,20123.02,132319.57,UPI,Processing,Express
9201270,313746,2025-12-11,Fashion,Shoes,5,34864,0,174320,218,31377.6,205915.6,COD,Processing,Standard
8376466,838221,2024-05-13,Home,Mixer,2,20062,5,40124,464,6861.2,45443.0,UPI,Delivered,Standard
6556482,692383,2024-06-07,Electronics,Laptop,1,5090,5,5090,347,870.39,6052.89,COD,Shipped,Standard
3985039,987302,2025-09-08,Fashion,Shoes,5,33141,10,165705,211,26844.21,176189.71,COD,Returned,Express
4213610,935817,2024-01-26,Fashion,Shirt,1,29747,0,29747,291,5354.46,35392.46,Card,Delivered,Express
8054024,166023,2024-08-16,Fashion,Shirt,3,25035,10,75105,326,12167.01,80087.51,COD,Shipped,Express
2557191,315756,2025-09-23,Home,Mixer,5,3319,0,16595,450,2987.1,20032.1,Card,Delivered,Express
7395120,344406,2025-07-16,Electronics,Laptop,2,34387,5,68774,112,11760.35,77207.65,Card,Delivered,Express
7104743,992339,2025-01-19,Electronics,Phone,1,21078,5,21078,7,3604.34,23635.44,UPI,Returned,Standard
7072433,897911,2024-04-16,Electronics,Phone,1,4278,0,4278,232,770.04,5280.04,Card,Shipped,Express
2448739,110398,2024-03-26,Electronics,Phone,5,19326,0,96630,74,17393.4,114097.4,COD,Returned,Standard
9678119,936565,2025-11-27,Home,Chair,5,16499,10,82495,78,13364.19,87687.69,Card,Returned,Express
8714755,667712,2024-05-15,Home,Chair,4,17603,10,70412,126,11406.74,74903.54,COD,Delivered,Express
9885625,320153,2025-03-31,Home,Mixer,2,5914,0,11828,412,2129.04,14369.04,Card,Delivered,Express
1126955,811118,2024-08-25,Fashion,Shirt,3,43731,15,131193,454,20072.53,132040.58,Card,Delivered,Standard
4288146,887196,2025-02-04,Electronics,Laptop,5,2465,5,12325,369,2107.57,14185.33,COD,Returned,Standard
5681658,336321,2024-10-29,Electronics,Laptop,2,43197,0,86394,95,15550.92,102039.92,COD,Processing,Express
6985984,409909,2024-11-03,Electronics,Laptop,2,242,15,484,144,74.05,629.45,Card,Processing,Standard
7028837,180852,2024-11-05,Electronics,Phone,5,43151,10,215755,498,34952.31,229629.81,COD,Processing,Express
1469133,629237,2025-07-02,Home,Chair,2,21224,5,42448,326,7258.61,47910.21,COD,Shipped,Standard
4147697,408306,2025-04-01,Fashion,Shirt,4,1843,10,7372,57,1194.26,7886.06,COD,Shipped,Express
5126323,872703,2025-05-10,Home,Mixer,1,8179,5,8179,166,1398.61,9334.66,COD,Processing,Express
8135027,699172,2024-06-04,Fashion,Shoes,4,13445,5,53780,101,9196.38,60388.38,UPI,Returned,Standard
6446020,571389,2025-12-19,Home,Mixer,3,14632,10,43896,237,7111.15,46854.55,Card,Processing,Standard
7192611,317932,2024-04-05,Electronics,Laptop,4,16881,10,67524,198,10938.89,71908.49,UPI,Processing,Standard
8390929,118035,2025-03-22,Electronics,Phone,4,46489,0,185956,458,33472.08,219886.08,UPI,Processing,Express
8764773,559411,2025-12-27,Fashion,Shoes,3,22308,10,66924,418,10841.69,71491.29,Card,Shipped,Express
2851598,728993,2025-11-12,Fashion,Shirt,1,39749,0,39749,363,7154.82,47266.82,UPI,Shipped,Express
1597220,767914,2025-09-17,Electronics,Laptop,3,28218,10,84654,500,13713.95,90402.55,Card,Returned,Standard
4513431,988627,2025-11-15,Electronics,Laptop,2,35303,0,70606,348,12709.08,83663.08,UPI,Delivered,Standard
6745118,491881,2024-05-06,Home,Chair,5,36158,5,180790,286,30915.09,202951.59,COD,Returned,Express
2297582,913914,2025-04-11,Fashion,Shoes,5,37129,10,185645,437,30074.49,197591.99,UPI,Processing,Standard
8235505,690705,2025-05-27,Electronics,Phone,5,23565,15,117825,20,18027.22,118198.48,UPI,Returned,Express
5238992,139241,2025-09-22,Fashion,Shoes,5,23493,5,117465,207,20086.51,131885.27,COD,Delivered,Express
5085827,218589,2025-06-21,Home,Mixer,1,20475,10,20475,137,3316.95,21881.45,UPI,Processing,Express
1972565,675457,2024-10-21,Home,Mixer,2,41341,0,82682,70,14882.76,97634.76,COD,Returned,Express
6219096,168495,2025-10-31,Fashion,Shirt,2,24549,5,49098,25,8395.76,55063.86,UPI,Processing,Express
2578382,334037,2025-04-28,Home,Mixer,3,28884,15,86652,37,13257.76,86948.96,COD,Processing,Express
6220116,381085,2024-06-28,Home,Mixer,1,21263,15,21263,172,3253.24,21498.79,COD,Shipped,Express
3474704,193758,2025-05-17,Fashion,Shoes,1,39639,15,39639,279,6064.77,40036.92,COD,Delivered,Standard
8218500,698980,2025-02-11,Home,Chair,4,40605,15,162420,219,24850.26,163126.26,Card,Delivered,Standard
7061421,986066,2024-02-25,Electronics,Laptop,2,28022,5,56044,15,9583.52,62840.32,COD,Returned,Standard
9682594,175027,2024-10-19,Home,Mixer,4,19206,0,76824,97,13828.32,90749.32,Card,Returned,Standard
2394905,580401,2025-02-12,Electronics,Laptop,5,3226,5,16130,282,2758.23,18363.73,Card,Delivered,Standard
6139443,966249,2025-08-09,Home,Chair,5,11815,0,59075,345,10633.5,70053.5,UPI,Delivered,Standard
2212312,150917,2024-10-16,Fashion,Shirt,2,23000,10,46000,377,7452.0,49229.0,Card,Shipped,Standard
8422900,777840,2024-01-09,Fashion,Shirt,2,45621,0,91242,450,16423.56,108115.56,COD,Delivered,Express
9020503,703818,2025-12-02,Fashion,Shoes,1,35690,5,35690,123,6102.99,40131.49,UPI,Shipped,Express
3751265,320153,2024-10-14,Home,Chair,1,3724,5,3724,287,636.8,4461.6,Card,Delivered,Express
5017908,866649,2025-01-13,Electronics,Phone,3,31927,0,95781,322,17240.58,113343.58,COD,Delivered,Express
1017540,236725,2024-07-08,Home,Chair,1,19780,0,19780,282,3560.4,23622.4,Card,Delivered,Express
9947409,129333,2024-08-06,Fashion,Shirt,2,29186,10,58372,319,9456.26,62310.06,Card,Returned,Express
1499568,958102,2025-01-15,Electronics,Laptop,4,35112,10,140448,146,22752.58,149301.78,UPI,Returned,Express
4330873,569659,2025-11-18,Fashion,Shoes,1,41356,0,41356,427,7444.08,49227.08,UPI,Returned,Express
4538275,408798,2024-07-12,Fashion,Shirt,5,25030,0,125150,384,22527.0,148061.0,COD,Delivered,Express
6501146,223646,2025-09-30,Home,Chair,2,5538,0,11076,318,1993.68,13387.68,Card,Returned,Standard
2538455,731130,2024-09-12,Home,Mixer,4,41708,5,166832,217,28528.27,187235.67,Card,Returned,Standard
7538699,882431,2024-06-03,Electronics,Phone,2,24828,15,49656,37,7597.37,49841.97,UPI,Shipped,Standard
7883006,717613,2024-03-18,Fashion,Shoes,3,22317,0,66951,159,12051.18,79161.18,UPI,Shipped,Standard
9550209,534555,2025-07-01,Fashion,Shoes,4,30674,0,122696,431,22085.28,145212.28,UPI,Shipped,Express
7344890,897911,2025-05-25,Electronics,Phone,2,35961,10,71922,282,11651.36,76663.16,COD,Shipped,Standard
6738635,933600,2024-09-29,Electronics,Laptop,4,47922,10,191688,449,31053.46,204021.66,COD,Delivered,Standard
7353428,102208,2024-04-29,Fashion,Shoes,4,28416,10,113664,327,18413.57,121038.17,UPI,Shipped,Express
8348181,899308,2024-06-04,Home,Mixer,2,6447,0,12894,118,2320.92,15332.92,Card,Processing,Express
5726723,340758,2025-04-22,Fashion,Shirt,3,10241,10,30723,184,4977.13,32811.83,COD,Delivered,Express
9633021,791236,2024-02-08,Electronics,Laptop,1,5197,0,5197,488,935.46,6620.46,COD,Delivered,Express
6981350,956728,2025-08-10,Home,Chair,1,27766,5,27766,17,4747.99,31142.69,UPI,Processing,Express
4194392,536924,2024-01-07,Fashion,Shirt,2,30167,15,60334,152,9231.1,60667.0,COD,Processing,Express
3349832,460020,2025-09-07,Home,Mixer,1,4867,15,4867,290,744.65,5171.6,Card,Delivered,Standard
6000635,395018,2024-08-14,Fashion,Shoes,1,44087,0,44087,80,7935.66,52102.66,UPI,Returned,Standard
2589848,245884,2024-08-20,Home,Mixer,4,4998,10,19992,63,3238.7,21294.5,COD,Delivered,Standard
9176672,698980,2024-07-17,Home,Chair,1,7865,10,7865,270,1274.13,8622.63,COD,Returned,Standard
6875767,950540,2024-09-26,Home,Mixer,3,47337,5,142011,203,24283.88,159397.33,COD,Processing,Standard
7652042,227716,2025-02-12,Home,Mixer,2,43187,15,86374,85,13215.22,86718.12,UPI,Shipped,Standard
4099663,346038,2024-02-13,Home,Mixer,5,43016,5,215080,315,36778.68,241419.68,Card,Processing,Standard
1554139,308540,2024-03-31,Electronics,Laptop,1,20839,10,20839,243,3375.92,22374.02,COD,Processing,Standard
2424758,986066,2024-09-28,Fashion,Shirt,5,46337,10,231685,322,37532.97,246371.47,Card,Returned,Express
9260544,978393,2024-06-01,Fashion,Shirt,2,39146,10,78292,68,12683.3,83214.1,Card,Delivered,Standard
2004796,134035,2025-05-03,Fashion,Shoes,1,47924,0,47924,240,8626.32,56790.32,COD,Processing,Standard
7588019,428498,2024-10-10,Fashion,Shoes,3,30699,0,92097,335,16577.46,109009.46,Card,Processing,Standard
3596054,783682,2024-03-30,Home,Chair,3,42345,5,127035,38,21722.99,142444.23,UPI,Shipped,Express
3299894,687629,2024-09-16,Electronics,Phone,2,43472,5,86944,41,14867.42,97505.22,COD,Processing,Standard
4077429,330849,2024-03-10,Home,Chair,2,47550,15,95100,59,14550.3,95444.3,COD,Delivered,Standard
9612456,289565,2024-03-05,Fashion,Shoes,3,3835,5,11505,460,1967.36,13357.1,Card,Returned,Standard
2156041,441277,2025-02-15,Home,Chair,5,25553,5,127765,359,21847.81,143583.57,COD,Processing,Express
7602743,542621,2025-09-22,Electronics,Laptop,5,4289,5,21445,300,3667.09,24339.85,UPI,Delivered,Standard
4241733,677795,2024-09-13,Home,Chair,4,39828,10,159312,346,25808.54,169535.34,UPI,Processing,Standard
9738361,917907,2024-09-05,Electronics,Phone,3,46726,15,140178,443,21447.23,141041.53,COD,Shipped,Standard
7580058,889878,2024-10-04,Electronics,Phone,1,18321,10,18321,111,2968.0,19567.9,Card,Returned,Standard
6958319,361681,2024-03-02,Electronics,Phone,2,47157,15,94314,447,14430.04,95043.94,Card,Processing,Standard
7949788,681331,2024-05-31,Fashion,Shoes,5,43580,0,217900,396,39222.0,257518.0,Card,Processing,Standard
3920476,126681,2025-10-04,Home,Mixer,3,11314,10,33942,374,5498.6,36420.4,Card,Delivered,Standard
7826366,491881,2025-09-30,Electronics,Laptop,3,15476,10,46428,220,7521.34,49526.54,UPI,Processing,Express
5604187,110398,2024-02-12,Fashion,Shoes,2,9404,5,18808,286,3216.17,21369.77,UPI,Processing,Express
4917075,857730,2024-04-22,Electronics,Laptop,3,21267,10,63801,40,10335.76,67796.66,COD,Returned,Express
7289514,874441,2025-08-07,Fashion,Shoes,4,14659,5,58636,355,10026.76,66085.96,UPI,Processing,Express
9717003,925244,2024-02-28,Home,Chair,4,28675,10,114700,127,18581.4,121938.4,COD,Returned,Express
1135728,849547,2025-10-07,Fashion,Shoes,3,14970,10,44910,20,7275.42,47714.42,UPI,Returned,Express
5911571,717613,2025-09-18,Electronics,Phone,3,21480,0,64440,431,11599.2,76470.2,Card,Shipped,Express
5826161,720137,2025-03-18,Home,Chair,5,40474,0,202370,17,36426.6,238813.6,COD,Delivered,Standard
9407666,936565,2024-12-20,Home,Chair,3,10019,10,30057,266,4869.23,32186.53,Card,Processing,Standard
5489688,331315,2025-02-01,Fashion,Shirt,4,5274,15,21096,318,3227.69,21477.29,Card,Processing,Express
3446815,204993,2024-07-01,Fashion,Shoes,1,29825,0,29825,94,5368.5,35287.5,COD,Shipped,Standard
4453197,213174,2024-11-25,Home,Chair,5,44268,10,221340,442,35857.08,235505.08,UPI,Processing,Express
8811713,460020,2024-06-04,Home,Mixer,3,32034,0,96102,202,17298.36,113602.36,Card,Delivered,Express
1652306,132075,2024-04-20,Fashion,Shoes,1,30858,0,30858,64,5554.44,36476.44,COD,Shipped,Standard
5545707,992645,2024-03-16,Home,Chair,3,2728,5,8184,285,1399.46,9459.26,UPI,Delivered,Standard
2926857,595185,2025-07-06,Fashion,Shirt,1,24943,5,24943,350,4265.25,28311.1,UPI,Shipped,Standard
2471569,132075,2024-03-16,Home,Chair,3,1718,15,5154,414,788.56,5583.46,UPI,Delivered,Standard
1862542,473111,2024-11-03,Electronics,Phone,5,31681,10,158405,365,25661.61,168591.11,COD,Processing,Express
2116367,209340,2024-12-21,Fashion,Shoes,1,38578,5,38578,495,6596.84,43740.94,COD,Returned,Express
9351848,997871,2024-05-05,Fashion,Shirt,1,32189,10,32189,278,5214.62,34462.72,UPI,Returned,Standard
3269262,496652,2024-08-09,Fashion,Shirt,1,22997,0,22997,88,4139.46,27224.46,Card,Returned,Express
9166625,101661,2024-06-03,Fashion,Shoes,1,27049,5,27049,385,4625.38,30706.93,UPI,Processing,Standard
8752120,281657,2024-01-03,Electronics,Phone,5,27719,0,138595,339,24947.1,163881.1,UPI,Returned,Express
7533613,819982,2024-05-20,Home,Chair,4,32472,0,129888,341,23379.84,153608.84,COD,Returned,Express
4792631,489665,2025-10-05,Fashion,Shoes,3,12835,10,38505,459,6237.81,41351.31,Card,Returned,Standard
1890815,664352,2024-04-29,Electronics,Phone,1,1975,5,1975,246,337.72,2459.97,COD,Processing,Standard
7964447,779129,2024-07-11,Home,Chair,4,2452,15,9808,486,1500.62,10323.42,UPI,Processing,Standard
3844697,980753,2025-07-13,Electronics,Laptop,5,33442,15,167210,210,25583.13,167921.63,UPI,Returned,Standard
1884250,774723,2024-06-27,Fashion,Shirt,5,38536,0,192680,27,34682.4,227389.4,Card,Returned,Express
5874402,677004,2024-07-28,Home,Chair,5,34222,10,171110,224,27719.82,181942.82,UPI,Shipped,Express
8621494,988285,2024-03-23,Electronics,Phone,3,45006,0,135018,391,24303.24,159712.24,COD,Returned,Express
1753129,334037,2025-10-17,Home,Chair,4,14678,10,58712,242,9511.34,62594.14,UPI,Returned,Express
3606275,958102,2025-10-10,Home,Chair,4,46405,15,185620,418,28399.86,186594.86,Card,Returned,Standard
9442195,819982,2025-06-07,Fashion,Shirt,5,29733,0,148665,466,26759.7,175890.7,COD,Processing,Standard
4201977,105986,2024-04-04,Electronics,Laptop,4,41977,0,167908,49,30223.44,198180.44,COD,Shipped,Express
4491240,129724,2024-12-04,Fashion,Shirt,3,6764,5,20292,14,3469.93,22761.33,UPI,Returned,Express
3706054,185321,2024-10-24,Electronics,Laptop,5,14518,10,72590,301,11759.58,77391.58,UPI,Processing,Express
4584859,675951,2024-04-06,Fashion,Shoes,1,41689,10,41689,302,6753.62,44575.72,UPI,Delivered,Express
3121642,219446,2024-08-31,Electronics,Phone,1,38306,5,38306,370,6550.33,43311.03,Card,Processing,Standard
1317113,328189,2024-12-02,Electronics,Laptop,5,35095,15,175475,357,26847.67,176358.42,UPI,Processing,Standard
7305993,288289,2024-10-17,Electronics,Laptop,5,12081,0,60405,302,10872.9,71579.9,Card,Processing,Express
1289370,876474,2024-11-01,Fashion,Shoes,1,5768,15,5768,303,882.5,6088.3,UPI,Returned,Express
7797799,687954,2024-10-22,Fashion,Shirt,1,12074,0,12074,299,2173.32,14546.32,Card,Returned,Express
7171990,895460,2024-09-15,Electronics,Laptop,3,36069,5,108207,120,18503.4,121420.05,COD,Delivered,Standard
7053567,492904,2025-01-15,Fashion,Shirt,3,3382,0,10146,19,1826.28,11991.28,UPI,Returned,Standard
6595873,630462,2025-11-11,Fashion,Shoes,1,25972,15,25972,376,3973.72,26425.92,Card,Shipped,Standard
3538133,168495,2025-09-01,Fashion,Shirt,1,29808,5,29808,344,5097.17,33758.77,UPI,Returned,Express
6404950,427160,2024-06-10,Fashion,Shoes,5,20646,10,103230,41,16723.26,109671.26,UPI,Shipped,Express
6414688,371671,2025-08-16,Electronics,Laptop,4,40116,15,160464,370,24550.99,161315.39,Card,Returned,Standard
9921564,334581,2025-01-04,Home,Chair,4,21683,15,86732,309,13270.0,87301.2,COD,Delivered,Express
6696307,571389,2025-09-29,Fashion,Shirt,3,30363,10,91089,316,14756.42,97052.52,Card,Shipped,Express
1985702,536924,2025-03-30,Home,Mixer,2,42334,15,84668,131,12954.2,85053.0,UPI,Delivered,Standard
6432230,528831,2024-08-18,Fashion,Shoes,3,47040,0,141120,388,25401.6,166909.6,UPI,Delivered,Express
8604519,104203,2024-01-11,Home,Mixer,4,38272,15,153088,171,23422.46,153718.26,COD,Processing,Standard
3723276,793983,2024-10-22,Home,Chair,3,46761,10,140283,259,22725.85,149239.55,UPI,Returned,Express
2558953,219446,2024-06-15,Fashion,Shoes,3,18767,10,56301,371,9120.76,60162.66,COD,Returned,Standard
1250163,358349,2024-07-15,Electronics,Laptop,2,31304,15,62608,422,9579.02,63217.82,COD,Processing,Standard
1447884,552209,2025-11-18,Electronics,Laptop,1,37397,0,37397,371,6731.46,44499.46,UPI,Shipped,Express
9177751,744675,2024-12-20,Fashion,Shirt,5,2482,15,12410,77,1898.73,12524.23,UPI,Returned,Standard
2739371,616213,2024-01-16,Fashion,Shoes,3,35336,10,106008,16,17173.3,112596.5,UPI,Processing,Standard
4160528,267379,2024-05-15,Electronics,Laptop,3,12875,0,38625,279,6952.5,45856.5,COD,Delivered,Standard
7541096,735068,2025-02-06,Home,Chair,2,3424,15,6848,175,1047.74,7043.54,COD,Processing,Express
9838868,553951,2025-12-05,Electronics,Phone,3,47553,0,142659,46,25678.62,168383.62,Card,Processing,Standard
7906404,949935,2025-06-29,Home,Chair,4,32373,5,129492,151,22143.13,145311.53,UPI,Returned,Standard
2840165,532271,2024-07-04,Home,Chair,1,1316,15,1316,38,201.35,1357.95,UPI,Processing,Standard
5401418,516536,2024-10-02,Home,Chair,5,31539,15,157695,332,24127.33,158500.08,UPI,Processing,Standard
9666479,741863,2025-05-01,Home,Chair,2,6738,5,13476,493,2304.4,15599.6,COD,Processing,Standard
8319729,118971,2024-09-25,Home,Chair,2,3309,15,6618,56,1012.55,6693.85,Card,Returned,Express
1736810,344873,2024-10-01,Home,Chair,2,3518,5,7036,122,1203.16,8009.36,UPI,Returned,Standard
8702407,224976,2024-11-20,Fashion,Shoes,2,34604,0,69208,174,12457.44,81839.44,UPI,Returned,Standard
4632199,462493,2025-07-23,Electronics,Phone,5,26224,5,131120,398,22421.52,147383.52,COD,Shipped,Express
1733156,496652,2025-03-05,Electronics,Phone,4,7671,15,30684,324,4694.65,31100.05,Card,Processing,Express
1047933,439411,2025-01-17,Electronics,Laptop,3,34103,5,102309,398,17494.84,115086.39,Card,Shipped,Standard
5922023,293577,2025-12-23,Fashion,Shirt,1,2139,5,2139,169,365.77,2566.82,Card,Returned,Standard
8053878,219737,2024-08-06,Home,Chair,5,4746,15,23730,15,3630.69,23816.19,Card,Shipped,Express
2065556,145599,2024-08-05,Home,Mixer,1,548,5,548,243,93.71,857.31,COD,Returned,Standard
6617864,500926,2025-07-21,Fashion,Shoes,3,24167,10,72501,226,11745.16,77222.06,UPI,Returned,Standard
6793218,837549,2025-02-22,Fashion,Shirt,2,40104,10,80208,91,12993.7,85271.9,Card,Processing,Standard
7736881,421269,2025-12-05,Electronics,Phone,1,14276,15,14276,123,2184.23,14441.83,Card,Processing,Express
2034193,913440,2025-12-29,Electronics,Laptop,4,36211,5,144844,418,24768.32,162788.12,UPI,Returned,Express
5516391,398615,2025-05-07,Electronics,Laptop,1,10525,10,10525,37,1705.05,11214.55,Card,Shipped,Standard
3208780,131011,2025-12-10,Fashion,Shoes,4,28021,0,112084,464,20175.12,132723.12,COD,Returned,Standard
4435726,968129,2025-11-05,Fashion,Shoes,3,48230,15,144690,138,22137.57,145262.07,Card,Returned,Express
1219506,232434,2024-02-26,Electronics,Phone,5,20808,5,104040,201,17790.84,116829.84,COD,Delivered,Standard
3693552,219737,2024-09-16,Home,Chair,2,27411,15,54822,50,8387.77,55036.47,Card,Returned,Express
8490809,370500,2025-08-06,Electronics,Phone,4,12604,0,50416,272,9074.88,59762.88,UPI,Delivered,Express
1892766,802977,2025-06-25,Fashion,Shoes,3,41343,0,124029,471,22325.22,146825.22,Card,Delivered,Express
7902387,642022,2024-03-28,Home,Mixer,1,4843,0,4843,69,871.74,5783.74,COD,Processing,Express
2831402,141967,2024-08-15,Home,Chair,2,18027,5,36054,264,6165.23,40680.53,Card,Shipped,Standard
1548510,441149,2025-05-20,Electronics,Laptop,1,47825,10,47825,65,7747.65,50855.15,COD,Processing,Standard
9879063,735046,2025-10-13,Fashion,Shirt,4,383,15,1532,438,234.4,1974.6,Card,Shipped,Standard
3824917,883564,2025-10-26,Electronics,Laptop,3,38628,0,115884,329,20859.12,137072.12,Card,Shipped,Express
8733139,124782,2024-03-17,Electronics,Phone,2,43353,10,86706,89,14046.37,92170.77,COD,Shipped,Standard
2090794,943652,2024-01-23,Electronics,Phone,4,2511,15,10044,136,1536.73,10210.13,Card,Processing,Express
1193348,541464,2024-01-11,Electronics,Laptop,1,40919,0,40919,291,7365.42,48575.42,COD,Returned,Express
1144275,907668,2025-07-19,Fashion,Shoes,3,17423,10,52269,98,8467.58,55607.68,Card,Shipped,Standard
3363739,508744,2024-11-16,Fashion,Shoes,4,383,15,1532,243,234.4,1779.6,COD,Returned,Standard
4788496,638728,2025-06-09,Home,Chair,1,40437,10,40437,264,6550.79,43208.09,COD,Processing,Express
1048991,698980,2024-11-27,Fashion,Shirt,4,15720,0,62880,265,11318.4,74463.4,Card,Returned,Express
9921729,802977,2024-04-05,Home,Mixer,3,43583,10,130749,476,21181.34,139331.44,Card,Delivered,Express
1526261,904423,2024-04-27,Electronics,Phone,1,9222,5,9222,304,1576.96,10641.86,COD,Processing,Express
9560046,700391,2024-11-30,Fashion,Shoes,1,37602,5,37602,499,6429.94,42650.84,COD,Processing,Standard
4943702,474121,2024-08-28,Electronics,Laptop,1,28262,15,28262,198,4324.09,28544.79,UPI,Returned,Express
8304799,443661,2024-06-06,Electronics,Phone,1,31473,15,31473,378,4815.37,31945.42,COD,Processing,Express
2809660,126681,2024-10-04,Home,Chair,4,35876,15,143504,245,21956.11,144179.51,UPI,Shipped,Express
9173178,203835,2024-01-08,Fashion,Shoes,3,9704,5,29112,440,4978.15,33074.55,UPI,Shipped,Standard
7256148,408798,2024-11-24,Electronics,Laptop,2,3631,0,7262,400,1307.16,8969.16,UPI,Delivered,Express
6600858,145599,2025-10-27,Home,Mixer,1,47982,0,47982,98,8636.76,56716.76,COD,Delivered,Express
3751006,463783,2025-09-25,Electronics,Laptop,1,48192,10,48192,37,7807.1,51216.9,UPI,Delivered,Standard
4568390,220693,2024-09-12,Fashion,Shoes,4,49659,15,198636,90,30391.31,199321.91,COD,Returned,Express
5097505,596784,2025-09-10,Electronics,Phone,4,14504,10,58016,333,9398.59,61945.99,Card,Returned,Express
2408430,677944,2024-07-20,Home,Chair,5,9840,0,49200,374,8856.0,58430.0,Card,Delivered,Express
4650200,898035,2024-05-03,Home,Chair,4,20519,5,82076,475,14035.0,92482.2,UPI,Shipped,Express
3771844,815208,2025-11-04,Fashion,Shirt,1,30897,5,30897,459,5283.39,35094.54,UPI,Processing,Express
6051603,880801,2025-09-11,Electronics,Laptop,3,34926,0,104778,192,18860.04,123830.04,Card,Returned,Express
2553092,272803,2024-09-03,Home,Mixer,3,40146,10,120438,1,19510.96,127906.16,Card,Shipped,Standard
2320795,627467,2024-04-22,Home,Chair,2,17872,0,35744,159,6433.92,42336.92,COD,Returned,Express
4494924,380521,2024-03-19,Home,Mixer,5,33036,10,165180,24,26759.16,175445.16,Card,Returned,Standard
3167765,352696,2024-11-15,Home,Mixer,3,1019,0,3057,318,550.26,3925.26,Card,Shipped,Standard
2263608,998576,2024-06-26,Fashion,Shoes,4,3144,15,12576,83,1924.13,12696.73,COD,Processing,Standard
8546694,746869,2025-01-09,Fashion,Shoes,1,34189,5,34189,290,5846.32,38615.87,COD,Returned,Standard
5328240,496329,2024-06-14,Electronics,Phone,2,18461,5,36922,47,6313.66,41436.56,UPI,Shipped,Express
7059235,572811,2025-01-28,Electronics,Laptop,5,34110,10,170550,324,27629.1,181448.1,COD,Delivered,Express
5146399,946796,2024-04-08,Home,Mixer,4,17078,10,68312,40,11066.54,72587.34,COD,Delivered,Express
3365059,275514,2024-06-02,Home,Chair,5,273,0,1365,339,245.7,1949.7,COD,Delivered,Standard
3888569,131011,2025-03-31,Home,Mixer,4,42012,10,168048,470,27223.78,178936.98,COD,Returned,Express
5010062,524101,2024-02-27,Home,Chair,2,18063,5,36126,337,6177.55,40834.25,COD,Shipped,Express
8122944,671774,2024-09-25,Fashion,Shirt,3,14808,15,44424,326,6796.87,44883.27,Card,Processing,Standard
2252505,367695,2025-12-14,Home,Mixer,5,21361,10,106805,177,17302.41,113603.91,UPI,Delivered,Standard
7238451,394426,2025-12-16,Electronics,Phone,2,21853,5,43706,295,7473.73,49289.43,Card,Processing,Standard
9868604,717613,2025-11-26,Electronics,Laptop,3,10349,0,31047,84,5588.46,36719.46,COD,Shipped,Express
9948846,450573,2024-01-13,Home,Chair,5,16126,15,80630,85,12336.39,80956.89,COD,Shipped,Standard
3916234,359309,2024-10-25,Fashion,Shirt,2,35588,15,71176,218,10889.93,71607.53,Card,Processing,Standard
2010322,390647,2025-07-23,Home,Mixer,2,38051,0,76102,311,13698.36,90111.36,UPI,Shipped,Standard
1727477,669285,2024-11-21,Fashion,Shirt,2,38629,0,77258,470,13906.44,91634.44,COD,Returned,Express
5683113,371671,2025-12-28,Electronics,Phone,2,27930,15,55860,473,8546.58,56500.58,UPI,Returned,Standard
1109892,112899,2024-12-03,Home,Mixer,2,49036,10,98072,89,15887.66,104241.46,COD,Shipped,Express
9008347,213174,2025-06-26,Electronics,Laptop,2,15560,5,31120,494,5321.52,35379.52,Card,Shipped,Express
7983547,972787,2025-05-02,Home,Chair,1,30304,5,30304,221,5181.98,34191.78,UPI,Processing,Standard
4221469,121363,2025-04-06,Fashion,Shirt,3,43083,5,129249,366,22101.58,145254.13,Card,Processing,Standard
2887212,649636,2025-07-16,Electronics,Laptop,4,41576,5,166304,2,28437.98,186428.78,UPI,Returned,Standard
6918287,949935,2024-05-21,Fashion,Shoes,3,17300,10,51900,187,8407.8,55304.8,Card,Processing,Standard
6621557,664635,2024-04-23,Fashion,Shirt,3,17376,0,52128,420,9383.04,61931.04,Card,Returned,Standard
9403292,450573,2024-06-02,Home,Mixer,5,22879,15,114395,48,17502.43,114786.18,UPI,Returned,Express
9453407,418104,2025-05-13,Fashion,Shoes,5,24965,5,124825,34,21345.08,139962.83,Card,Returned,Standard
5336188,671774,2024-06-13,Home,Mixer,3,12762,5,38286,150,6546.91,43068.61,Card,Delivered,Express
3762602,797562,2025-07-29,Home,Mixer,5,20877,15,104385,147,15970.9,104845.15,Card,Delivered,Standard
5772920,410103,2025-10-06,Fashion,Shoes,5,22487,0,112435,226,20238.3,132899.3,Card,Shipped,Standard
5980380,275605,2025-07-10,Home,Mixer,5,27678,0,138390,349,24910.2,163649.2,UPI,Shipped,Standard
9178450,970355,2025-07-31,Home,Mixer,1,44511,0,44511,50,8011.98,52572.98,Card,Delivered,Express
9548284,978384,2025-01-12,Home,Chair,1,13828,15,13828,474,2115.68,14343.48,COD,Returned,Express
6438272,491881,2025-05-16,Fashion,Shirt,2,31335,0,62670,233,11280.6,74183.6,UPI,Processing,Express
9458197,168495,2025-06-14,Home,Chair,4,30126,15,120504,226,18437.11,121091.51,Card,Delivered,Express
8177299,279848,2025-08-17,Electronics,Phone,1,32901,5,32901,342,5626.07,37224.02,Card,Shipped,Express
2865538,272757,2025-06-16,Electronics,Phone,4,12893,5,51572,461,8818.81,58273.21,COD,Processing,Express
1805497,486599,2025-06-15,Home,Mixer,3,48496,15,145488,405,22259.66,146329.46,Card,Returned,Standard
2091211,484957,2024-02-03,Fashion,Shoes,1,47418,5,47418,245,8108.48,53400.58,Card,Shipped,Standard
2067853,604471,2024-08-04,Home,Mixer,2,49360,15,98720,354,15104.16,99370.16,COD,Processing,Standard
6232414,231090,2024-02-07,Home,Mixer,3,19833,0,59499,63,10709.82,70271.82,Card,Processing,Standard
8063108,567022,2024-11-01,Home,Chair,4,39578,0,158312,403,28496.16,187211.16,COD,Processing,Express
7482989,634008,2024-09-04,Home,Mixer,5,697,10,3485,4,564.57,3705.07,Card,Processing,Express
7245667,690705,2024-06-26,Fashion,Shoes,4,12878,15,51512,46,7881.34,51712.54,UPI,Returned,Express
6508012,431422,2024-12-27,Electronics,Laptop,3,46949,5,140847,48,24084.84,157937.49,Card,Processing,Standard
2504370,276312,2025-01-23,Home,Mixer,5,21540,0,107700,432,19386.0,127518.0,UPI,Returned,Express
3463235,724912,2024-08-17,Fashion,Shirt,3,21506,5,64518,193,11032.58,72517.68,UPI,Shipped,Express
8392733,923669,2025-01-27,Electronics,Phone,4,36942,10,147768,37,23938.42,156966.62,COD,Returned,Standard
9456516,698507,2025-07-25,Home,Mixer,1,28570,0,28570,324,5142.6,34036.6,Card,Shipped,Express
8005954,770156,2024-12-07,Fashion,Shoes,4,6411,5,25644,99,4385.12,28845.92,COD,Delivered,Standard
4773412,614650,2025-01-11,Home,Chair,5,38775,15,193875,383,29662.88,194839.62,COD,Returned,Express
5245933,846721,2025-12-07,Home,Chair,4,49106,0,196424,35,35356.32,231815.32,Card,Returned,Standard
7954254,532271,2025-06-28,Fashion,Shirt,5,47539,15,237695,465,36367.33,238873.08,COD,Shipped,Express
6641751,968751,2024-10-09,Fashion,Shoes,5,249,10,1245,0,201.69,1322.19,Card,Shipped,Standard
6231472,547007,2024-09-28,Electronics,Phone,2,6705,0,13410,425,2413.8,16248.8,COD,Shipped,Standard
3901191,925244,2025-08-01,Home,Chair,3,40484,15,121452,119,18582.16,121935.36,Card,Shipped,Express
1702324,872703,2024-08-10,Home,Mixer,3,24973,0,74919,105,13485.42,88509.42,UPI,Delivered,Express
2893788,492904,2025-08-02,Fashion,Shoes,5,27604,15,138020,319,21117.06,138753.06,UPI,Shipped,Standard
2686419,193758,2025-02-24,Electronics,Phone,2,28031,0,56062,39,10091.16,66192.16,UPI,Shipped,Standard
8344442,351273,2025-01-08,Fashion,Shoes,1,13020,15,13020,360,1992.06,13419.06,UPI,Processing,Express
3041198,526349,2025-01-30,Fashion,Shoes,3,9012,15,27036,251,4136.51,27368.11,Card,Shipped,Express
8976058,409906,2024-01-01,Home,Mixer,5,41441,10,207205,451,33567.21,220502.71,COD,Processing,Express
6853941,907952,2024-03-24,Electronics,Laptop,5,45948,0,229740,254,41353.2,271347.2,COD,Returned,Express
5620883,436850,2025-02-15,Electronics,Phone,2,7301,10,14602,135,2365.52,15642.32,UPI,Delivered,Standard
3006651,264590,2024-03-31,Electronics,Phone,3,12021,10,36063,86,5842.21,38384.91,UPI,Returned,Express
6272073,432849,2025-07-14,Fashion,Shirt,1,37138,10,37138,79,6016.36,39519.56,COD,Processing,Express
7407813,213392,2025-11-18,Fashion,Shirt,2,20219,5,40438,419,6914.9,45750.0,COD,Processing,Standard
3040763,556238,2025-01-23,Home,Chair,3,1676,15,5028,137,769.28,5180.08,COD,Returned,Express
3757012,724912,2024-05-16,Electronics,Laptop,2,2201,10,4402,465,713.12,5139.92,COD,Returned,Express
9717636,813964,2025-07-09,Fashion,Shoes,1,14127,15,14127,164,2161.43,14333.38,Card,Shipped,Standard
9947652,139758,2024-10-02,Fashion,Shirt,3,33446,15,100338,471,15351.71,101110.01,COD,Delivered,Standard
8523417,386171,2024-10-29,Fashion,Shoes,1,28776,15,28776,163,4402.73,29025.33,UPI,Shipped,Express
9473964,905255,2025-10-24,Electronics,Phone,1,24917,15,24917,467,3812.3,25458.75,Card,Shipped,Standard
2487398,413111,2024-12-25,Electronics,Laptop,5,39490,5,197450,489,33763.95,221830.45,Card,Processing,Standard
9359246,568393,2025-05-15,Fashion,Shoes,3,39060,5,117180,193,20037.78,131551.78,Card,Processing,Express
6746428,736944,2025-05-24,Home,Mixer,1,27629,0,27629,139,4973.22,32741.22,COD,Shipped,Standard
3083283,323313,2025-12-07,Fashion,Shoes,3,38328,10,114984,146,18627.41,122259.01,UPI,Delivered,Express
6397618,379267,2025-01-29,Fashion,Shirt,2,2169,0,4338,207,780.84,5325.84,COD,Shipped,Standard
2641996,753223,2024-05-17,Electronics,Phone,1,47706,15,47706,232,7299.02,48081.12,Card,Delivered,Express
2656450,609380,2025-11-14,Electronics,Phone,4,29381,5,117524,398,20096.6,132142.4,Card,Returned,Standard
5087823,591608,2024-02-01,Fashion,Shoes,3,39929,0,119787,68,21561.66,141416.66,COD,Returned,Standard
9310243,336695,2024-08-29,Electronics,Phone,4,31426,0,125704,98,22626.72,148428.72,UPI,Processing,Standard
5068878,502628,2024-05-08,Home,Mixer,4,29006,0,116024,205,20884.32,137113.32,COD,Returned,Express
9152319,558405,2024-06-28,Home,Chair,2,45301,10,90602,216,14677.52,96435.32,COD,Shipped,Express
6654707,455850,2025-12-03,Electronics,Phone,5,40322,5,201610,453,34475.31,226457.81,Card,Processing,Express
1744706,767914,2025-01-27,Fashion,Shoes,2,15313,5,30626,167,5237.05,34498.75,UPI,Delivered,Express
3793557,849547,2025-10-01,Home,Chair,2,11073,15,22146,379,3388.34,22591.44,Card,Delivered,Express
2035764,420468,2024-02-18,Home,Mixer,5,14217,0,71085,493,12795.3,84373.3,Card,Delivered,Express
1261357,635780,2025-06-29,Fashion,Shoes,4,36556,0,146224,383,26320.32,172927.32,UPI,Returned,Standard
8189395,328189,2025-11-14,Electronics,Phone,4,42180,10,168720,183,27332.64,179363.64,COD,Shipped,Standard
6563646,425439,2024-03-28,Fashion,Shoes,2,10605,0,21210,72,3817.8,25099.8,COD,Shipped,Express
6113027,575003,2025-10-05,Electronics,Phone,3,46473,5,139419,375,23840.65,156663.7,UPI,Delivered,Standard
5124987,279849,2025-03-04,Fashion,Shoes,5,10306,15,51530,262,7884.09,51946.59,Card,Delivered,Express
6960535,697182,2024-09-07,Electronics,Laptop,5,4810,10,24050,73,3896.1,25614.1,COD,Shipped,Express
3451846,658388,2024-05-31,Fashion,Shoes,5,27465,15,137325,441,21010.72,138177.98,UPI,Delivered,Standard
2187025,542611,2024-08-22,Home,Mixer,1,1094,10,1094,92,177.23,1253.83,UPI,Shipped,Standard
4160840,241920,2024-09-08,Fashion,Shoes,2,7408,15,14816,302,2266.85,15162.45,COD,Returned,Standard
1585353,921126,2024-09-11,Electronics,Laptop,2,10945,5,21890,325,3743.19,24863.69,COD,Processing,Standard
3956257,761412,2025-07-26,Fashion,Shirt,3,18609,10,55827,87,9043.97,59375.27,UPI,Delivered,Express
6996652,654383,2025-12-20,Fashion,Shirt,1,28832,10,28832,170,4670.78,30789.58,COD,Returned,Standard
8313143,669285,2025-01-15,Home,Chair,4,28585,0,114340,6,20581.2,134927.2,Card,Delivered,Express
5419720,969200,2024-10-08,Fashion,Shirt,1,39419,15,39419,319,6031.11,39856.26,UPI,Delivered,Standard
4524177,800216,2025-05-20,Home,Chair,5,32546,10,162730,500,26362.26,173319.26,Card,Processing,Standard
3701736,502327,2024-05-25,Fashion,Shoes,2,35275,5,70550,218,12064.05,79304.55,Card,Delivered,Express
4514648,879974,2024-03-25,Fashion,Shoes,3,17236,10,51708,118,8376.7,55031.9,UPI,Processing,Express
7803443,297050,2025-03-17,Home,Chair,3,13530,10,40590,199,6575.58,43305.58,COD,Processing,Standard
9839370,766234,2024-03-09,Home,Chair,1,8125,15,8125,71,1243.12,8220.38,COD,Shipped,Standard
4108168,638728,2024-03-15,Home,Chair,2,32505,0,65010,352,11701.8,77063.8,UPI,Processing,Express
3933884,502628,2025-05-13,Electronics,Phone,4,42019,15,168076,138,25715.63,168718.23,UPI,Processing,Express
5010750,167310,2025-09-02,Fashion,Shoes,5,47586,0,237930,45,42827.4,280802.4,Card,Delivered,Standard
8796721,587355,2024-08-17,Home,Chair,2,39562,15,79124,278,12105.97,79639.37,UPI,Returned,Standard
3401620,693458,2024-07-08,Home,Chair,5,27016,10,135080,73,21882.96,143527.96,UPI,Returned,Express
5727156,638728,2024-02-07,Fashion,Shoes,2,16233,15,32466,210,4967.3,32773.4,UPI,Shipped,Express
6438563,858790,2024-04-25,Electronics,Laptop,3,23282,0,69846,354,12572.28,82772.28,UPI,Returned,Express
3700096,316783,2024-11-18,Fashion,Shirt,5,47220,0,236100,42,42498.0,278640.0,COD,Shipped,Express
6359776,791875,2025-05-27,Home,Mixer,1,11319,5,11319,184,1935.55,12872.6,UPI,Returned,Standard
5729047,975909,2025-10-21,Electronics,Laptop,5,48322,5,241610,477,41315.31,271321.81,UPI,Delivered,Standard
5040232,873273,2024-12-30,Electronics,Laptop,1,1883,0,1883,127,338.94,2348.94,COD,Delivered,Standard
4274506,806900,2025-04-29,Fashion,Shirt,3,4166,15,12498,383,1912.19,12918.49,COD,Processing,Standard
3798338,352696,2024-06-29,Home,Chair,5,24091,0,120455,287,21681.9,142423.9,Card,Returned,Express
5730388,707212,2025-11-01,Home,Chair,5,14042,15,70210,299,10742.13,70719.63,COD,Delivered,Express
1536758,133302,2024-07-17,Electronics,Phone,4,28043,15,112172,69,17162.32,112577.52,UPI,Processing,Standard
3386107,485989,2024-12-06,Home,Chair,2,7203,5,14406,470,2463.43,16619.13,Card,Delivered,Standard
3183599,336321,2025-02-15,Home,Mixer,4,19175,5,76700,324,13115.7,86304.7,COD,Processing,Express
1431207,129333,2024-01-18,Electronics,Phone,5,18386,15,91930,479,14065.29,92684.79,COD,Delivered,Express
8320317,571217,2024-01-28,Electronics,Phone,3,22800,10,68400,99,11080.8,72739.8,COD,Returned,Standard
1874249,946796,2024-12-26,Electronics,Phone,4,26414,15,105656,334,16165.37,106306.97,COD,Processing,Express
6873885,560284,2024-12-13,Home,Mixer,1,21697,5,21697,72,3710.19,24394.34,Card,Returned,Express
8532125,580401,2024-10-17,Home,Mixer,5,48485,10,242425,431,39272.85,257886.35,COD,Returned,Standard
3429190,463783,2025-03-15,Fashion,Shoes,4,13289,10,53156,431,8611.27,56882.67,Card,Shipped,Express
8180168,245884,2024-10-08,Electronics,Laptop,1,16050,5,16050,91,2744.55,18083.05,COD,Processing,Standard
4624096,119829,2024-05-02,Home,Mixer,1,13782,15,13782,372,2108.65,14195.35,Card,Delivered,Express
3631448,380521,2024-01-30,Home,Chair,5,28838,15,144190,266,22061.07,144888.57,Card,Shipped,Standard
7011820,702256,2024-12-18,Fashion,Shoes,2,18212,10,36424,406,5900.69,39088.29,Card,Returned,Express
3921810,221171,2024-02-09,Home,Chair,3,33727,0,101181,166,18212.58,119559.58,Card,Returned,Standard
2149452,363069,2024-06-25,Electronics,Phone,2,13390,0,26780,351,4820.4,31951.4,UPI,Returned,Express
5397316,628594,2025-01-01,Electronics,Phone,4,27717,15,110868,238,16962.8,111438.6,COD,Processing,Standard
7232505,319094,2024-01-02,Electronics,Phone,5,3484,15,17420,397,2665.26,17869.26,Card,Returned,Express
6631941,382359,2024-01-14,Home,Mixer,3,16998,5,50994,318,8719.97,57482.27,UPI,Shipped,Standard
1811715,917620,2024-08-28,Home,Mixer,4,39115,10,156460,422,25346.52,166582.52,Card,Returned,Express
9699189,653259,2025-07-23,Home,Mixer,2,20361,5,40722,259,6963.46,45908.36,UPI,Delivered,Standard
6119568,553951,2025-03-04,Electronics,Phone,5,25912,15,129560,301,19822.68,130249.68,UPI,Processing,Express
3610170,492904,2024-07-27,Electronics,Phone,3,13227,0,39681,479,7142.58,47302.58,UPI,Delivered,Standard
9061773,744675,2025-08-03,Electronics,Laptop,1,26183,0,26183,20,4712.94,30915.94,UPI,Processing,Standard
1869691,280537,2024-10-11,Fashion,Shirt,4,11733,10,46932,387,7602.98,50228.78,COD,Processing,Express
8810433,419605,2024-06-15,Home,Mixer,4,31921,5,127684,12,21833.96,143145.76,Card,Processing,Express
7996473,740980,2024-11-02,Home,Mixer,5,38601,0,193005,450,34740.9,228195.9,UPI,Delivered,Standard
2470805,669298,2024-08-08,Home,Mixer,4,14423,5,57692,45,9865.33,64717.73,COD,Processing,Express
1305888,408306,2024-02-14,Electronics,Phone,1,35676,10,35676,71,5779.51,37958.91,COD,Returned,Standard
1137909,654061,2025-10-19,Home,Mixer,2,13337,15,26674,116,4081.12,26870.02,UPI,Processing,Express
1727787,679811,2025-03-01,Home,Mixer,1,49520,5,49520,136,8467.92,55647.92,UPI,Delivered,Express
1270680,611669,2025-01-31,Home,Chair,2,35908,10,71816,419,11634.19,76687.59,UPI,Delivered,Standard
1487336,780008,2024-11-05,Electronics,Phone,4,35143,0,140572,341,25302.96,166215.96,UPI,Delivered,Standard
4609260,423516,2024-02-15,Fashion,Shirt,1,21493,15,21493,446,3288.43,22003.48,UPI,Delivered,Express
7196086,992645,2025-12-11,Home,Mixer,2,3936,10,7872,288,1275.26,8648.06,Card,Processing,Express
4417940,746869,2024-02-02,Home,Chair,4,29701,0,118804,193,21384.72,140381.72,UPI,Shipped,Express
8558156,391160,2024-12-15,Fashion,Shoes,5,29857,5,149285,438,25527.74,167786.48,Card,Shipped,Express
1741462,381028,2025-08-08,Fashion,Shoes,4,13856,0,55424,486,9976.32,65886.32,UPI,Delivered,Standard
1832536,367579,2025-10-21,Electronics,Phone,3,36942,10,110826,76,17953.81,117773.21,UPI,Shipped,Standard
4717823,667712,2025-04-16,Electronics,Phone,3,1532,15,4596,450,703.19,5059.79,UPI,Returned,Express
6003791,849845,2025-05-11,Fashion,Shoes,2,20222,10,40444,78,6551.93,43029.53,COD,Returned,Standard
4366274,351273,2024-08-21,Fashion,Shoes,2,11654,10,23308,499,3775.9,25252.1,Card,Returned,Standard
3999823,916256,2024-07-03,Electronics,Phone,3,40238,5,120714,438,20642.09,135758.39,COD,Returned,Express
4238098,568080,2024-12-03,Fashion,Shirt,4,16201,15,64804,208,9915.01,65206.41,COD,Delivered,Express
4330825,834430,2025-04-22,Home,Chair,4,17123,15,68492,235,10479.28,68932.48,COD,Shipped,Standard
7230701,978264,2025-04-10,Fashion,Shoes,2,6054,5,12108,98,2070.47,13671.07,COD,Processing,Express
9916835,533481,2025-12-27,Home,Mixer,5,27872,5,139360,132,23830.56,156354.56,UPI,Shipped,Standard
4605025,779689,2025-01-24,Electronics,Laptop,1,30682,10,30682,201,4970.48,32785.28,Card,Shipped,Express
3273112,388594,2024-11-30,Home,Chair,2,1221,15,2442,356,373.63,2805.33,UPI,Shipped,Standard
2678813,780928,2024-06-21,Fashion,Shoes,1,11131,0,11131,147,2003.58,13281.58,Card,Returned,Express
6271226,315466,2024-08-03,Home,Mixer,5,20713,0,103565,281,18641.7,122487.7,COD,Shipped,Express
3690019,639343,2025-08-10,Electronics,Phone,3,19888,0,59664,62,10739.52,70465.52,COD,Returned,Express
8795579,608033,2024-12-26,Fashion,Shirt,3,41765,0,125295,319,22553.1,148167.1,UPI,Processing,Standard
9373184,214807,2024-01-25,Home,Mixer,1,21273,10,21273,69,3446.23,22660.93,UPI,Delivered,Express
1388092,214044,2024-08-29,Fashion,Shoes,1,36650,0,36650,81,6597.0,43328.0,Card,Returned,Standard
9026668,813964,2024-01-14,Fashion,Shoes,5,15011,10,75055,254,12158.91,79962.41,Card,Returned,Standard
2137061,866649,2025-12-07,Electronics,Laptop,2,25797,10,51594,129,8358.23,54921.83,UPI,Processing,Express
1218946,514932,2025-01-21,Home,Chair,3,3324,10,9972,391,1615.46,10981.26,Card,Processing,Standard
8620778,659996,2025-04-09,Fashion,Shoes,3,37218,15,111654,115,17083.06,112103.96,Card,Processing,Express
6365563,956728,2025-11-23,Fashion,Shirt,1,36222,0,36222,298,6519.96,43039.96,COD,Shipped,Standard
7021864,141544,2025-11-24,Electronics,Laptop,5,43044,15,215220,449,32928.66,216314.66,Card,Shipped,Express
6801065,284838,2025-08-27,Fashion,Shoes,5,763,0,3815,487,686.7,4988.7,Card,Returned,Express
7902877,362768,2024-12-04,Home,Mixer,1,17277,15,17277,3,2643.38,17331.83,COD,Processing,Express
3402036,214807,2025-12-12,Home,Mixer,5,26418,15,132090,284,20209.77,132770.27,COD,Delivered,Express
3084153,404948,2024-02-17,Fashion,Shirt,3,47254,0,141762,462,25517.16,167741.16,Card,Delivered,Standard
2828146,489665,2024-08-31,Fashion,Shirt,3,23802,10,71406,405,11567.77,76238.17,Card,Shipped,Express
8764903,413111,2025-07-10,Fashion,Shirt,4,49442,5,197768,155,33818.33,221852.93,UPI,Shipped,Express
6459783,866951,2025-05-27,Fashion,Shoes,3,9952,15,29856,212,4567.97,30157.57,UPI,Returned,Standard
3792003,659996,2024-04-06,Electronics,Laptop,1,16559,10,16559,67,2682.56,17652.66,COD,Delivered,Standard
2177926,362209,2024-08-23,Fashion,Shirt,2,35905,10,71810,424,11633.22,76686.22,COD,Processing,Express
7459719,118971,2025-01-27,Electronics,Phone,4,31047,5,124188,393,21236.15,139607.75,COD,Shipped,Standard
1351171,194884,2024-05-30,Home,Mixer,2,250,15,500,178,76.5,679.5,UPI,Delivered,Express
9455959,482453,2024-11-03,Electronics,Phone,4,3791,0,15164,416,2729.52,18309.52,COD,Returned,Express
8449089,903238,2025-05-20,Electronics,Laptop,3,24588,15,73764,485,11285.89,74470.29,COD,Shipped,Standard
1004016,686546,2024-05-07,Home,Chair,1,28527,0,28527,487,5134.86,34148.86,UPI,Shipped,Standard
3261294,110398,2024-07-31,Home,Mixer,3,47578,5,142734,102,24407.51,160106.81,UPI,Returned,Standard
5972656,553653,2024-02-09,Fashion,Shirt,5,14044,0,70220,219,12639.6,83078.6,UPI,Delivered,Express
5717322,863762,2025-08-31,Electronics,Phone,2,31801,0,63602,11,11448.36,75061.36,Card,Processing,Standard
6098685,441149,2024-07-17,Home,Mixer,4,39364,10,157456,286,25507.87,167504.27,Card,Shipped,Express
2002020,422249,2025-01-14,Electronics,Phone,4,39594,0,158376,367,28507.68,187250.68,Card,Returned,Express
8986858,892290,2024-02-27,Home,Chair,1,29153,10,29153,430,4722.79,31390.49,COD,Shipped,Express
8968836,495898,2025-05-19,Electronics,Phone,2,10905,5,21810,251,3729.51,24700.01,Card,Returned,Express
2031747,879858,2025-09-30,Home,Mixer,2,17909,15,35818,495,5480.15,36420.45,COD,Shipped,Express
3505804,924646,2024-09-05,Electronics,Laptop,2,36324,10,72648,5,11768.98,77157.18,Card,Delivered,Standard
1015115,137042,2025-11-18,Home,Mixer,1,21344,10,21344,220,3457.73,22887.33,COD,Returned,Standard
9339856,334581,2025-06-19,Electronics,Laptop,2,28037,15,56074,89,8579.32,56331.22,Card,Shipped,Express
7908292,947935,2025-09-23,Fashion,Shoes,4,19573,15,78292,410,11978.68,78936.88,Card,Shipped,Express
1621571,125594,2024-06-14,Home,Chair,4,48481,0,193924,124,34906.32,228954.32,COD,Delivered,Express
5083819,894558,2024-04-27,Fashion,Shoes,4,8484,0,33936,448,6108.48,40492.48,UPI,Processing,Standard
2954579,907668,2025-09-08,Electronics,Laptop,3,30166,5,90498,379,15475.16,101827.26,COD,Delivered,Express
7518864,992307,2025-01-09,Fashion,Shoes,4,12490,10,49960,6,8093.52,53063.52,Card,Returned,Express
9792300,947190,2024-04-21,Home,Chair,3,7279,5,21837,161,3734.13,24640.28,COD,Processing,Standard
1470605,232434,2025-10-07,Fashion,Shoes,2,26599,10,53198,39,8618.08,56535.28,COD,Shipped,Standard
6161695,204857,2024-04-05,Electronics,Laptop,4,32504,0,130016,432,23402.88,153850.88,COD,Returned,Express
1114492,316641,2024-09-30,Home,Mixer,3,27128,15,81384,101,12451.75,81729.15,UPI,Returned,Express
1377247,665492,2024-01-02,Electronics,Phone,2,11889,15,23778,120,3638.03,23969.33,COD,Delivered,Standard
5045195,674615,2025-12-09,Electronics,Laptop,3,13330,15,39990,417,6118.47,40526.97,UPI,Returned,Standard
9905037,276783,2024-02-05,Home,Chair,3,21346,10,64038,134,10374.16,68142.36,UPI,Returned,Express
7459691,231788,2024-07-27,Fashion,Shirt,2,34524,5,69048,279,11807.21,77681.81,COD,Delivered,Express
5669584,518804,2024-12-01,Electronics,Phone,3,28392,10,85176,500,13798.51,90956.91,UPI,Processing,Standard
7104995,370500,2024-10-19,Electronics,Phone,4,9365,15,37460,271,5731.38,37843.38,Card,Shipped,Express
1092106,193582,2024-03-08,Fashion,Shoes,5,42575,10,212875,23,34485.75,226096.25,UPI,Processing,Standard
4576679,502628,2024-06-17,Electronics,Laptop,3,49539,0,148617,69,26751.06,175437.06,Card,Returned,Standard
8195575,602086,2024-01-16,Fashion,Shoes,4,17149,15,68596,474,10495.19,69275.79,Card,Shipped,Express
4583640,390365,2024-05-12,Home,Chair,2,41640,10,83280,448,13491.36,88891.36,Card,Returned,Standard
8592999,671990,2024-06-11,Home,Mixer,1,29956,10,29956,374,4852.87,32187.27,Card,Processing,Express
9428249,207829,2024-07-02,Home,Chair,5,18991,0,94955,407,17091.9,112453.9,Card,Returned,Standard
1827487,367459,2025-03-06,Electronics,Phone,4,18749,0,74996,353,13499.28,88848.28,Card,Processing,Express
3170817,332460,2024-05-30,Fashion,Shoes,2,49861,0,99722,161,17949.96,117832.96,COD,Returned,Standard
5537796,516536,2024-05-16,Electronics,Phone,3,48623,10,145869,445,23630.78,155357.88,Card,Processing,Standard
1573221,630462,2025-01-27,Home,Chair,4,45108,10,180432,102,29229.98,191720.78,UPI,Delivered,Express
2626727,482453,2025-10-05,Home,Mixer,2,3907,15,7814,208,1195.54,8045.44,UPI,Shipped,Standard
7648007,572745,2025-09-01,Fashion,Shirt,3,10264,0,30792,251,5542.56,36585.56,Card,Processing,Standard
2601853,213392,2025-06-26,Home,Mixer,4,31305,5,125220,430,21412.62,140801.62,Card,Shipped,Standard
1807159,998576,2024-10-23,Home,Mixer,4,10786,15,43144,367,6601.03,43640.43,Card,Shipped,Standard
9302046,421686,2024-01-04,Fashion,Shirt,5,10878,10,54390,224,8811.18,57986.18,COD,Shipped,Standard
9219303,725549,2025-07-05,Fashion,Shirt,3,22387,0,67161,181,12088.98,79430.98,UPI,Delivered,Express
3509375,427160,2025-09-04,Electronics,Phone,3,1337,0,4011,259,721.98,4991.98,UPI,Shipped,Express
2868515,903238,2025-10-18,Electronics,Phone,2,30417,0,60834,375,10950.12,72159.12,COD,Processing,Express
9196097,533622,2024-04-17,Fashion,Shoes,2,47028,5,94056,383,16083.58,105819.78,Card,Shipped,Express
5202687,887196,2024-03-20,Electronics,Laptop,1,10034,15,10034,357,1535.2,10421.1,COD,Shipped,Express
4057743,735046,2024-07-01,Fashion,Shirt,1,21442,10,21442,126,3473.6,22897.4,COD,Returned,Express
2009840,810161,2025-10-15,Electronics,Phone,1,24372,0,24372,391,4386.96,29149.96,COD,Shipped,Express
2818614,683939,2025-12-10,Home,Chair,1,26452,15,26452,1,4047.16,26532.36,Card,Returned,Standard
9934055,167543,2024-04-30,Home,Chair,3,21829,0,65487,180,11787.66,77454.66,Card,Delivered,Standard
8794593,929518,2025-05-28,Home,Mixer,5,33887,5,169435,246,28973.38,190182.64,COD,Shipped,Standard
2203031,484957,2024-01-26,Electronics,Phone,4,30516,0,122064,392,21971.52,144427.52,COD,Shipped,Standard
4074075,944605,2024-02-06,Home,Chair,2,3150,15,6300,439,963.9,6757.9,UPI,Shipped,Standard
6658674,986066,2024-05-20,Electronics,Phone,2,49786,15,99572,24,15234.52,99894.72,COD,Delivered,Express
8816580,351273,2025-05-25,Electronics,Phone,1,15146,15,15146,311,2317.34,15502.44,UPI,Delivered,Standard
9972441,373045,2025-07-26,Fashion,Shirt,2,14335,0,28670,336,5160.6,34166.6,COD,Processing,Express
3635571,100885,2024-07-02,Home,Mixer,2,37333,15,74666,342,11423.9,75232.0,COD,Processing,Standard
9181279,429734,2024-01-30,Electronics,Phone,2,16708,5,33416,220,5714.14,37679.34,UPI,Returned,Express
7281561,520565,2024-11-09,Home,Mixer,4,20541,10,82164,150,13310.57,87408.17,Card,Processing,Express
5313797,679147,2024-08-13,Home,Chair,4,12092,5,48368,28,8270.93,54248.53,Card,Delivered,Standard
5991500,118971,2024-11-05,Fashion,Shirt,5,45928,0,229640,246,41335.2,271221.2,COD,Shipped,Standard
9118659,900875,2024-01-04,Electronics,Laptop,3,28413,0,85239,55,15343.02,100637.02,COD,Returned,Standard
3889604,111016,2024-06-29,Home,Mixer,1,26610,5,26610,360,4550.31,30189.81,COD,Processing,Express
6065900,362209,2024-06-24,Fashion,Shoes,2,15758,0,31516,218,5672.88,37406.88,UPI,Shipped,Express
9767589,185321,2024-04-08,Home,Chair,1,5069,10,5069,364,821.18,5747.28,Card,Returned,Standard
1487956,807217,2025-07-26,Home,Chair,5,5653,10,28265,432,4578.93,30449.43,UPI,Processing,Standard
3958357,941704,2025-05-05,Fashion,Shoes,4,32223,5,128892,124,22040.53,144611.93,Card,Delivered,Express
5079713,865620,2024-10-27,Electronics,Laptop,1,17308,15,17308,90,2648.12,17449.92,COD,Processing,Standard
2756654,193582,2025-04-30,Home,Chair,5,39401,15,197005,156,30141.76,197752.02,Card,Shipped,Express
7527462,419605,2025-12-03,Fashion,Shoes,4,10023,15,40092,500,6134.08,40712.28,UPI,Delivered,Standard
2294312,988285,2025-10-01,Fashion,Shirt,4,25229,0,100916,469,18164.88,119549.88,UPI,Delivered,Standard
3033432,288289,2024-01-08,Electronics,Laptop,4,49979,5,199916,17,34185.64,224122.84,UPI,Processing,Standard
5954982,379482,2025-10-01,Electronics,Phone,4,32906,5,131624,353,22507.7,147903.5,COD,Shipped,Express
2657419,398615,2025-03-17,Home,Mixer,4,10531,15,42124,136,6444.97,42386.37,UPI,Processing,Standard
5258490,552209,2024-02-05,Electronics,Phone,1,22059,10,22059,463,3573.56,23889.66,COD,Delivered,Standard
4703334,642022,2024-11-25,Electronics,Laptop,2,26197,5,52394,227,8959.37,58960.67,COD,Returned,Standard
3911128,677980,2024-07-16,Home,Mixer,4,1603,15,6412,85,981.04,6516.24,UPI,Delivered,Express
7064459,223806,2024-06-07,Electronics,Laptop,2,38249,0,76498,159,13769.64,90426.64,Card,Delivered,Standard
2795863,816730,2025-05-02,Home,Mixer,3,45400,15,136200,7,20838.6,136615.6,UPI,Delivered,Standard
8544346,706261,2025-02-20,Home,Chair,2,4683,0,9366,420,1685.88,11471.88,Card,Returned,Standard
2671003,550091,2024-03-28,Fashion,Shoes,2,47173,15,94346,235,14434.94,94864.04,Card,Shipped,Standard
6417917,632380,2024-08-01,Electronics,Laptop,2,8774,10,17548,297,2842.78,18932.98,COD,Returned,Standard
9726043,674228,2025-11-19,Fashion,Shoes,5,23476,5,117380,486,20071.98,132068.98,UPI,Returned,Standard
2111943,129724,2025-12-04,Electronics,Laptop,3,15580,15,46740,325,7151.22,47205.22,UPI,Delivered,Express
8491528,581434,2025-03-31,Home,Mixer,4,37991,10,151964,46,24618.17,161431.77,COD,Delivered,Standard
8287634,937223,2024-02-26,Electronics,Phone,4,21968,0,87872,45,15816.96,103733.96,COD,Returned,Standard
2463048,214044,2025-07-15,Home,Mixer,3,35300,15,105900,254,16202.7,106471.7,COD,Shipped,Express
9820619,696963,2025-12-11,Electronics,Phone,1,29703,10,29703,214,4811.89,31758.59,COD,Shipped,Express
2879212,930975,2025-07-12,Fashion,Shirt,2,35283,10,70566,121,11431.69,75062.09,Card,Shipped,Express
8847940,972672,2024-03-07,Electronics,Laptop,4,28399,10,113596,267,18402.55,120905.95,COD,Returned,Express
8927165,929518,2025-10-05,Fashion,Shoes,2,3943,10,7886,117,1277.53,8491.93,COD,Delivered,Standard
5301257,516536,2024-04-03,Electronics,Phone,4,10933,5,43732,287,7478.17,49310.57,UPI,Delivered,Standard
7397492,907952,2025-04-28,Home,Mixer,1,19288,5,19288,144,3298.25,21765.85,UPI,Delivered,Express
8803557,134035,2024-07-10,Electronics,Laptop,5,14316,0,71580,296,12884.4,84760.4,UPI,Processing,Standard
8934150,785147,2024-02-23,Electronics,Laptop,1,49892,5,49892,248,8531.53,56176.93,Card,Returned,Express
7357447,813964,2024-10-20,Fashion,Shirt,2,11427,10,22854,372,3702.35,24642.95,UPI,Returned,Standard
7436662,501873,2025-04-02,Fashion,Shoes,2,45766,15,91532,439,14004.4,92245.6,COD,Delivered,Standard
2634565,553951,2025-07-05,Fashion,Shoes,5,44543,15,222715,208,34075.39,223591.14,UPI,Processing,Standard
7309139,474121,2024-07-15,Fashion,Shirt,3,13774,10,41322,418,6694.16,44301.96,COD,Delivered,Express
6599731,332460,2025-04-09,Home,Chair,2,46883,0,93766,66,16877.88,110709.88,UPI,Shipped,Standard
1175960,917406,2025-03-10,Electronics,Laptop,4,37052,10,148208,41,24009.7,157437.9,Card,Returned,Standard
2159533,773494,2025-05-15,Electronics,Phone,5,4708,15,23540,464,3601.62,24074.62,UPI,Delivered,Express
3914553,265566,2025-03-06,Home,Mixer,1,43989,10,43989,497,7126.22,47213.32,UPI,Shipped,Standard
9260880,667911,2024-05-06,Electronics,Laptop,5,48810,10,244050,142,39536.1,259323.1,UPI,Delivered,Express
8224234,267214,2025-07-23,Fashion,Shoes,1,8111,10,8111,347,1313.98,8960.88,Card,Processing,Express
1499960,703818,2024-10-01,Electronics,Phone,3,39331,15,117993,198,18052.93,118544.98,UPI,Processing,Express
2434115,310609,2024-06-18,Home,Mixer,5,34443,10,172215,148,27898.83,183040.33,Card,Delivered,Express
7514548,362374,2024-02-19,Home,Chair,2,49477,15,98954,172,15139.96,99422.86,Card,Shipped,Standard
9509977,285819,2024-05-26,Fashion,Shoes,3,24709,0,74127,185,13342.86,87654.86,UPI,Delivered,Standard
6539657,166172,2025-01-18,Fashion,Shirt,4,4122,0,16488,168,2967.84,19623.84,UPI,Processing,Standard
1665597,358349,2025-11-07,Electronics,Laptop,1,34036,15,34036,434,5207.51,34572.11,COD,Delivered,Express
1451000,313819,2025-04-01,Home,Mixer,1,26954,15,26954,21,4123.96,27055.86,UPI,Returned,Express
9456082,147974,2025-11-07,Home,Mixer,2,47595,10,95190,105,15420.78,101196.78,COD,Delivered,Standard
1014376,474151,2025-11-14,Home,Mixer,4,22415,0,89660,207,16138.8,106005.8,Card,Processing,Express
8567979,942904,2025-11-29,Home,Mixer,1,9529,0,9529,62,1715.22,11306.22,COD,Shipped,Express
9891248,365770,2024-03-03,Electronics,Laptop,5,16316,15,81580,326,12481.74,82150.74,COD,Shipped,Standard
3938958,413111,2025-12-08,Fashion,Shoes,2,7726,0,15452,44,2781.36,18277.36,Card,Shipped,Standard
8590997,859500,2025-02-01,Electronics,Laptop,4,32697,15,130788,136,20010.56,131316.36,COD,Processing,Standard
6077606,576789,2025-05-30,Fashion,Shirt,4,922,15,3688,376,564.26,4075.06,COD,Delivered,Standard
7819154,966249,2024-01-07,Home,Mixer,3,23691,15,71073,188,10874.17,71474.22,UPI,Shipped,Standard
2298362,122533,2025-07-19,Fashion,Shirt,1,31575,5,31575,200,5399.32,35595.57,UPI,Shipped,Express
9500888,229919,2025-02-23,Electronics,Phone,5,36065,15,180325,188,27589.72,181053.98,COD,Delivered,Standard
4430701,820318,2024-07-21,Home,Mixer,1,26571,0,26571,61,4782.78,31414.78,COD,Shipped,Standard
8164634,330130,2025-07-04,Electronics,Phone,5,48446,5,242230,223,41421.33,271762.83,UPI,Processing,Standard
6337761,391160,2025-12-03,Home,Mixer,4,790,0,3160,362,568.8,4090.8,Card,Processing,Express
9256591,664196,2025-08-03,Electronics,Laptop,2,24260,5,48520,352,8296.92,54742.92,Card,Delivered,Standard
8207374,688626,2024-07-31,Electronics,Laptop,1,42361,5,42361,388,7243.73,47874.68,COD,Processing,Standard
7568550,299060,2024-05-13,Electronics,Laptop,4,39128,0,156512,371,28172.16,185055.16,Card,Returned,Standard
1517877,317932,2025-12-27,Fashion,Shirt,3,14665,10,43995,390,7127.19,47112.69,Card,Delivered,Standard
9876084,670659,2024-01-26,Electronics,Laptop,5,37653,0,188265,395,33887.7,222547.7,COD,Shipped,Express
2713606,876474,2024-01-13,Fashion,Shirt,2,32193,5,64386,83,11010.01,72259.71,UPI,Delivered,Express
3869687,136202,2025-10-15,Home,Chair,4,35367,15,141468,100,21644.6,141992.4,UPI,Shipped,Express
7797850,947525,2025-05-07,Electronics,Laptop,5,33853,15,169265,13,25897.54,169785.79,Card,Delivered,Standard
3598800,743486,2024-06-18,Electronics,Laptop,3,47054,5,141162,283,24138.7,158525.6,Card,Delivered,Express
5272998,346038,2025-04-19,Fashion,Shoes,5,15816,15,79080,10,12099.24,79327.24,UPI,Shipped,Express
4609084,872703,2024-02-01,Fashion,Shirt,2,19751,10,39502,364,6399.32,42315.12,UPI,Returned,Standard
9299068,976363,2024-04-18,Home,Mixer,1,16100,0,16100,481,2898.0,19479.0,COD,Returned,Standard
3309222,992645,2024-12-10,Electronics,Laptop,1,11029,0,11029,157,1985.22,13171.22,COD,Returned,Express
6763623,988598,2024-04-16,Fashion,Shoes,5,17057,15,85285,62,13048.6,85602.85,COD,Delivered,Standard
2730051,946776,2025-08-24,Electronics,Phone,5,17726,10,88630,460,14358.06,94585.06,Card,Returned,Standard
3653821,167543,2024-02-06,Home,Mixer,2,12364,5,24728,173,4228.49,27893.09,UPI,Returned,Standard
9268474,864831,2025-12-14,Home,Mixer,5,49421,0,247105,324,44478.9,291907.9,UPI,Returned,Standard
1324425,441277,2025-03-31,Fashion,Shirt,1,49249,0,49249,315,8864.82,58428.82,UPI,Delivered,Standard
6220856,414117,2024-08-15,Electronics,Phone,2,11275,15,22550,30,3450.15,22647.65,COD,Returned,Express
1633114,533481,2025-02-22,Fashion,Shoes,4,14469,0,57876,281,10417.68,68574.68,Card,Processing,Standard
2637493,611669,2025-03-18,Home,Mixer,2,25893,0,51786,335,9321.48,61442.48,Card,Returned,Standard
5515540,119829,2025-05-29,Electronics,Laptop,4,17799,15,71196,473,10892.99,71882.59,UPI,Processing,Standard
9269675,278585,2024-10-07,Electronics,Phone,5,17838,10,89190,485,14448.78,95204.78,COD,Processing,Express
3635653,943652,2024-11-04,Electronics,Phone,5,25921,15,129605,163,19829.56,130156.82,Card,Delivered,Express
7896038,759924,2025-11-22,Electronics,Phone,2,42158,5,84316,381,14418.04,94899.24,UPI,Returned,Standard
5218038,731130,2024-04-01,Fashion,Shoes,1,1431,5,1431,457,244.7,2061.15,UPI,Shipped,Express
6902657,976914,2024-11-22,Fashion,Shirt,3,22356,0,67068,351,12072.24,79491.24,COD,Processing,Standard
5943576,853753,2025-08-18,Fashion,Shirt,3,4274,15,12822,262,1961.77,13122.47,COD,Shipped,Standard
6431819,139758,2025-12-28,Electronics,Phone,2,31701,5,63402,254,10841.74,71327.64,COD,Returned,Standard
5248233,214807,2024-09-30,Fashion,Shoes,5,16407,0,82035,120,14766.3,96921.3,COD,Returned,Express
4114319,204993,2024-12-22,Home,Chair,4,35987,5,143948,300,24615.11,161665.71,Card,Returned,Express
9791467,759924,2025-08-11,Home,Mixer,1,15313,5,15313,455,2618.52,17620.87,Card,Shipped,Express
4588392,207829,2025-09-02,Home,Mixer,1,36928,10,36928,154,5982.34,39371.54,COD,Returned,Standard
2823727,847473,2024-01-10,Fashion,Shirt,5,37920,0,189600,56,34128.0,223784.0,COD,Shipped,Standard
3622148,316783,2024-08-01,Electronics,Phone,2,19192,10,38384,75,6218.21,40838.81,Card,Delivered,Standard
5231002,342081,2025-09-07,Electronics,Phone,3,46005,10,138015,149,22358.43,146720.93,COD,Returned,Standard
3031261,460020,2025-11-09,Home,Mixer,3,17184,5,51552,297,8815.39,58086.79,UPI,Shipped,Standard
4395563,915160,2025-12-23,Home,Mixer,4,1279,15,5116,369,782.75,5500.35,UPI,Returned,Standard
1742697,115267,2025-01-27,Electronics,Phone,4,29031,0,116124,14,20902.32,137040.32,COD,Returned,Express
3302015,429734,2025-11-14,Home,Mixer,4,17245,10,68980,135,11174.76,73391.76,Card,Delivered,Standard
9737830,883564,2025-04-09,Electronics,Laptop,1,1229,10,1229,66,199.1,1371.2,COD,Shipped,Standard
8608563,697982,2024-04-20,Home,Chair,1,12060,0,12060,281,2170.8,14511.8,Card,Returned,Standard
2933108,293577,2024-07-24,Electronics,Phone,3,38743,10,116229,444,18829.1,123879.2,UPI,Shipped,Express
5145774,897926,2024-04-08,Electronics,Phone,1,15838,5,15838,147,2708.3,17901.4,Card,Returned,Standard
3980626,677944,2025-06-24,Home,Chair,3,44590,10,133770,207,21670.74,142270.74,UPI,Shipped,Express
8006451,949935,2025-02-14,Home,Chair,5,13695,15,68475,87,10476.67,68767.43,Card,Returned,Standard
8076307,108892,2025-10-04,Electronics,Laptop,1,44741,10,44741,170,7248.04,47684.94,Card,Returned,Express
3782606,571325,2024-08-27,Fashion,Shoes,2,1586,0,3172,218,570.96,3960.96,Card,Processing,Standard
1670874,638728,2025-05-15,Home,Mixer,5,12443,10,62215,313,10078.83,66385.33,Card,Shipped,Standard
6506345,746869,2024-05-27,Fashion,Shirt,3,1318,10,3954,179,640.55,4378.15,UPI,Shipped,Express
1209755,552209,2024-02-16,Electronics,Laptop,3,14320,15,42960,67,6572.88,43155.88,Card,Processing,Express
6381754,303548,2025-05-19,Electronics,Laptop,3,48128,10,144384,437,23390.21,153772.81,UPI,Shipped,Standard
3856979,397962,2024-09-15,Electronics,Phone,5,9933,15,49665,86,7598.74,49900.0,COD,Delivered,Express
3477639,766234,2025-08-19,Electronics,Laptop,1,25852,5,25852,313,4420.69,29293.09,UPI,Delivered,Express
7181358,642022,2025-03-30,Electronics,Phone,4,24113,15,96452,293,14757.16,97034.36,Card,Delivered,Express
5142621,667712,2024-10-17,Home,Chair,4,19965,10,79860,251,12937.32,85062.32,UPI,Delivered,Standard
1704846,905255,2024-02-19,Home,Mixer,4,13538,5,54152,139,9259.99,60843.39,Card,Returned,Express
8025508,352696,2025-10-19,Electronics,Phone,1,10740,0,10740,485,1933.2,13158.2,UPI,Delivered,Express
3622412,358349,2024-06-30,Electronics,Phone,1,41433,10,41433,298,6712.15,44299.85,Card,Delivered,Standard
6476471,735547,2024-01-14,Fashion,Shoes,3,5186,15,15558,262,2380.37,15866.67,Card,Delivered,Standard
4594735,274643,2025-03-10,Home,Chair,2,16875,15,33750,229,5163.75,34080.25,UPI,Returned,Express
5087591,988598,2024-01-22,Fashion,Shirt,4,3807,15,15228,379,2329.88,15652.68,COD,Shipped,Express
9072176,358349,2025-02-17,Fashion,Shoes,1,41825,5,41825,62,7152.07,46947.82,Card,Delivered,Standard
5725552,904423,2024-01-18,Electronics,Phone,3,3627,5,10881,275,1860.65,12472.6,COD,Processing,Standard
5526105,219737,2025-11-21,Electronics,Phone,3,47160,15,141480,90,21646.44,141994.44,COD,Processing,Standard
9700463,669298,2025-06-06,Electronics,Laptop,1,27454,0,27454,458,4941.72,32853.72,UPI,Processing,Express
9477492,863762,2024-12-29,Home,Mixer,2,5946,10,11892,120,1926.5,12749.3,COD,Returned,Standard
9412505,117501,2025-06-22,Fashion,Shirt,5,43723,5,218615,211,37383.17,245278.42,COD,Shipped,Express
9091524,419605,2024-09-25,Electronics,Laptop,3,11822,5,35466,69,6064.69,39826.39,UPI,Delivered,Standard
4754710,362374,2025-01-02,Electronics,Phone,3,30518,0,91554,185,16479.72,108218.72,UPI,Shipped,Express
3717866,835341,2024-05-27,Fashion,Shirt,1,38393,5,38393,97,6565.2,43135.55,COD,Processing,Express
2103633,354531,2025-06-02,Fashion,Shoes,1,30156,5,30156,194,5156.68,33998.88,UPI,Processing,Express
5184608,410787,2025-02-01,Fashion,Shirt,5,48842,5,244210,451,41759.91,274210.41,UPI,Processing,Express
8630540,223806,2025-04-11,Electronics,Phone,4,26933,5,107732,112,18422.17,120879.57,COD,Returned,Standard
3327911,947935,2024-10-17,Fashion,Shoes,3,38921,15,116763,109,17864.74,117222.29,UPI,Shipped,Express
7309783,408306,2024-03-11,Home,Mixer,2,15355,0,30710,133,5527.8,36370.8,Card,Returned,Express
3820225,118971,2025-11-18,Fashion,Shirt,4,41670,15,166680,5,25502.04,167185.04,UPI,Returned,Express
1344815,226762,2024-02-20,Home,Mixer,4,28587,0,114348,426,20582.64,135356.64,Card,Delivered,Express
2577982,357003,2025-05-31,Electronics,Phone,5,44593,5,222965,272,38127.01,250215.77,Card,Processing,Standard
1956499,781098,2024-06-14,Home,Chair,3,3203,5,9609,488,1643.14,11259.69,UPI,Processing,Express
1573298,635780,2024-06-10,Fashion,Shoes,4,44773,5,179092,372,30624.73,201134.13,Card,Processing,Standard
1925174,649636,2024-03-24,Electronics,Phone,1,7985,15,7985,141,1221.7,8149.95,COD,Processing,Standard
9356494,354531,2024-06-03,Home,Chair,3,34070,15,102210,323,15638.13,102839.63,COD,Processing,Standard
8789164,731130,2024-10-04,Home,Mixer,3,33966,15,101898,52,15590.39,102255.69,Card,Processing,Express
1405798,642022,2024-02-05,Home,Chair,5,6041,0,30205,334,5436.9,35975.9,UPI,Delivered,Standard
9261006,636547,2024-06-15,Home,Chair,2,8153,5,16306,292,2788.33,18571.03,COD,Returned,Standard
5402441,627467,2025-08-18,Home,Mixer,3,38226,5,114678,123,19609.94,128677.04,COD,Shipped,Express
5753808,104203,2024-12-14,Electronics,Laptop,2,12694,5,25388,413,4341.35,28872.95,Card,Shipped,Standard
5627457,730018,2025-03-13,Home,Mixer,1,705,10,705,118,114.21,866.71,UPI,Returned,Standard
7395797,185991,2024-04-22,Fashion,Shoes,1,45269,10,45269,255,7333.58,48330.68,UPI,Delivered,Express
9031941,467224,2024-06-07,Fashion,Shoes,3,46098,15,138294,77,21158.98,138785.88,Card,Shipped,Standard
2997867,945663,2025-04-30,Electronics,Phone,3,32936,5,98808,410,16896.17,111173.77,COD,Returned,Standard
2472729,916256,2025-08-21,Home,Mixer,3,21967,15,65901,35,10082.85,66133.7,UPI,Delivered,Express
6212535,989508,2024-02-21,Fashion,Shirt,5,28392,10,141960,237,22997.52,150998.52,Card,Processing,Express
7328409,100885,2025-09-08,Fashion,Shirt,2,2794,15,5588,114,854.96,5718.76,Card,Processing,Express
8303633,923274,2025-08-31,Electronics,Phone,3,27512,15,82536,343,12628.01,83126.61,UPI,Processing,Standard
4302858,992307,2024-08-26,Electronics,Phone,3,14453,15,43359,137,6633.93,43626.08,UPI,Processing,Express
4945688,231207,2024-04-06,Fashion,Shirt,2,22834,0,45668,260,8220.24,54148.24,Card,Shipped,Standard
9844591,328189,2024-11-29,Home,Mixer,5,25840,10,129200,209,20930.4,137419.4,UPI,Returned,Express
3578034,119829,2024-09-01,Electronics,Phone,3,35913,5,107739,164,18423.37,120939.42,Card,Shipped,Express
2157873,499721,2024-09-12,Electronics,Phone,2,29769,5,59538,15,10181.0,66757.1,UPI,Returned,Standard
5851807,660285,2025-04-19,Home,Mixer,5,43148,5,215740,196,36891.54,242040.54,Card,Processing,Express
4461769,936016,2025-12-24,Home,Chair,5,8002,15,40010,232,6121.53,40362.03,UPI,Returned,Standard
2699105,559158,2024-01-15,Electronics,Laptop,3,41233,5,123699,105,21152.53,138771.58,Card,Processing,Express
6866665,426249,2024-03-19,Fashion,Shirt,4,3680,15,14720,349,2252.16,15113.16,UPI,Returned,Express
5516959,533481,2025-10-06,Fashion,Shoes,5,7050,15,35250,418,5393.25,35773.75,COD,Delivered,Standard
3295788,448856,2025-07-28,Home,Mixer,3,32116,10,96348,105,15608.38,102426.58,Card,Returned,Standard
4710304,907952,2025-05-06,Electronics,Laptop,1,2785,0,2785,480,501.3,3766.3,Card,Processing,Express
7005270,900267,2024-03-19,Electronics,Phone,4,46118,0,184472,141,33204.96,217817.96,Card,Delivered,Express
6898167,770156,2024-02-12,Home,Mixer,3,34686,10,104058,352,16857.4,110861.6,COD,Returned,Express
3673368,145599,2025-05-03,Fashion,Shirt,3,25432,5,76296,470,13046.62,85997.82,Card,Processing,Standard
2740380,720137,2024-04-17,Fashion,Shoes,5,9274,15,46370,209,7094.61,46718.11,UPI,Delivered,Standard
2757497,524101,2024-01-29,Fashion,Shoes,1,46478,10,46478,233,7529.44,49592.64,Card,Processing,Standard
4300327,943652,2025-12-05,Electronics,Phone,4,42302,15,169208,300,25888.82,170015.62,Card,Returned,Express
6091359,722378,2024-05-18,Home,Chair,1,38155,10,38155,339,6181.11,40859.61,UPI,Processing,Express
4950250,456814,2024-03-17,Fashion,Shirt,4,30165,5,120660,32,20632.86,135291.86,UPI,Processing,Express
2099655,219446,2024-05-25,Fashion,Shoes,5,47298,0,236490,152,42568.2,279210.2,Card,Processing,Standard
1691931,521290,2024-12-28,Fashion,Shirt,3,46820,5,140460,119,24018.66,157574.66,COD,Processing,Standard
6576429,265892,2025-10-24,Electronics,Phone,5,3320,15,16600,297,2539.8,16946.8,COD,Delivered,Express
7331375,443661,2025-02-10,Fashion,Shirt,3,43291,15,129873,89,19870.57,130351.62,UPI,Returned,Express
4580505,559158,2024-08-09,Electronics,Laptop,3,8627,0,25881,87,4658.58,30626.58,UPI,Processing,Standard
7123826,394426,2024-08-18,Fashion,Shirt,1,22530,0,22530,41,4055.4,26626.4,COD,Delivered,Standard
2287105,925244,2025-04-24,Electronics,Phone,1,5625,10,5625,219,911.25,6192.75,COD,Returned,Express
8700810,858790,2024-01-22,Fashion,Shirt,1,29135,10,29135,478,4719.87,31419.37,UPI,Delivered,Standard
8847601,952860,2025-02-18,Fashion,Shoes,3,32133,5,96399,271,16484.23,108334.28,UPI,Returned,Express
6570147,612536,2025-01-22,Home,Mixer,3,36232,15,108696,346,16630.49,109368.09,Card,Returned,Express
5908708,671869,2025-01-02,Fashion,Shoes,4,1758,15,7032,184,1075.9,7237.1,Card,Returned,Standard
6575360,241707,2025-01-22,Electronics,Laptop,4,41878,0,167512,183,30152.16,197847.16,COD,Processing,Express
9756555,569659,2025-12-09,Fashion,Shoes,2,49600,5,99200,55,16963.2,111258.2,Card,Shipped,Standard
1320742,813964,2025-12-12,Fashion,Shirt,4,11313,15,45252,427,6923.56,45814.76,COD,Returned,Express
9560935,470434,2024-02-24,Home,Chair,3,28194,0,84582,220,15224.76,100026.76,COD,Returned,Standard
2444808,462889,2024-12-30,Fashion,Shoes,5,42107,5,210535,177,36001.49,236186.73,UPI,Returned,Standard
3161953,500960,2024-06-07,Fashion,Shirt,1,11083,15,11083,303,1695.7,11419.25,COD,Delivered,Standard
3776379,706261,2025-11-11,Fashion,Shoes,1,3524,15,3524,431,539.17,3965.57,UPI,Shipped,Standard
1338515,407746,2024-03-17,Home,Chair,1,42947,5,42947,58,7343.94,48201.59,COD,Returned,Express
1442758,665829,2024-12-31,Electronics,Phone,1,41664,10,41664,176,6749.57,44423.17,UPI,Shipped,Standard
5157740,917907,2024-05-20,Electronics,Phone,3,38907,0,116721,297,21009.78,138027.78,UPI,Returned,Express
4427721,532271,2025-05-10,Electronics,Laptop,2,7964,5,15928,45,2723.69,17900.29,COD,Shipped,Express
8246863,890778,2024-03-11,Home,Chair,2,18910,0,37820,396,6807.6,45023.6,UPI,Delivered,Express
6194265,410787,2024-01-03,Home,Chair,3,17912,0,53736,471,9672.48,63879.48,UPI,Returned,Standard
4106368,719869,2024-07-04,Fashion,Shirt,5,9706,5,48530,286,8298.63,54688.13,UPI,Processing,Express
2790791,861111,2024-06-23,Fashion,Shoes,4,44783,15,179132,91,27407.2,179760.4,UPI,Returned,Standard
7302455,708129,2024-03-28,Electronics,Laptop,1,6356,10,6356,170,1029.67,6920.07,Card,Delivered,Standard
9826515,104063,2024-04-27,Home,Mixer,1,38076,5,38076,456,6511.0,43139.2,UPI,Returned,Standard
9801512,216771,2024-02-05,Home,Mixer,1,29826,15,29826,438,4563.38,30353.48,Card,Delivered,Express
1149962,460020,2024-11-29,Home,Mixer,3,20472,10,61416,186,9949.39,65409.79,Card,Delivered,Standard
4306245,670659,2024-02-21,Electronics,Laptop,4,39785,10,159140,442,25780.68,169448.68,Card,Processing,Standard
2121146,109652,2025-05-17,Home,Chair,3,11763,0,35289,28,6352.02,41669.02,Card,Delivered,Standard
4665353,766234,2025-01-08,Electronics,Laptop,4,6276,0,25104,264,4518.72,29886.72,COD,Returned,Express
3680581,863594,2024-04-19,Home,Mixer,2,40193,0,80386,135,14469.48,94990.48,COD,Returned,Standard
6253129,609380,2025-11-04,Electronics,Phone,4,6539,0,26156,96,4708.08,30960.08,UPI,Delivered,Express
4419544,441149,2024-09-01,Electronics,Phone,2,30974,0,61948,499,11150.64,73597.64,COD,Delivered,Express
6313598,900267,2024-05-10,Fashion,Shirt,1,28801,5,28801,452,4924.97,32737.92,Card,Shipped,Express
4845925,338473,2025-04-30,Electronics,Phone,3,37262,5,111786,202,19115.41,125514.11,COD,Returned,Express
5398710,295887,2025-02-23,Electronics,Phone,4,12198,10,48792,429,7904.3,52246.1,UPI,Processing,Express
6826143,303548,2025-12-08,Home,Mixer,1,10845,0,10845,82,1952.1,12879.1,COD,Returned,Standard
7577951,363069,2024-11-25,Electronics,Phone,4,3787,0,15148,266,2726.64,18140.64,UPI,Delivered,Standard
6328801,619120,2025-05-13,Electronics,Phone,2,39276,0,78552,185,14139.36,92876.36,COD,Processing,Standard
1819821,847473,2024-04-04,Home,Chair,4,22333,5,89332,441,15275.77,100582.17,COD,Processing,Express
8637188,720137,2025-08-28,Electronics,Phone,5,19095,5,95475,277,16326.22,107304.48,Card,Delivered,Standard
4355705,285819,2024-08-20,Electronics,Laptop,3,15310,5,45930,371,7854.03,51858.53,Card,Processing,Express
2840934,885988,2025-12-25,Electronics,Phone,4,48055,0,192220,52,34599.6,226871.6,UPI,Returned,Standard
8737729,967977,2024-08-21,Fashion,Shoes,3,32400,15,97200,287,14871.6,97778.6,COD,Processing,Standard
3607859,766246,2024-09-19,Fashion,Shirt,5,42014,10,210070,345,34031.34,223439.34,Card,Processing,Standard
7537352,558405,2025-11-13,Electronics,Laptop,1,26223,10,26223,180,4248.13,28028.83,UPI,Processing,Standard
7325366,533481,2025-08-20,Home,Mixer,4,19288,15,77152,221,11804.26,77604.46,Card,Shipped,Standard
4480640,978264,2024-06-13,Home,Mixer,3,36951,10,110853,160,17958.19,117885.89,UPI,Shipped,Express
6265102,919885,2024-06-26,Home,Chair,4,18396,0,73584,350,13245.12,87179.12,COD,Delivered,Express
6691900,139241,2024-11-08,Fashion,Shirt,1,39014,15,39014,35,5969.14,39166.04,COD,Delivered,Express
4993858,158849,2024-07-07,Electronics,Phone,3,5646,15,16938,326,2591.51,17314.81,UPI,Shipped,Express
9318893,779689,2025-10-28,Fashion,Shirt,5,11565,5,57825,471,9888.07,65292.82,UPI,Processing,Standard
8832509,462889,2025-12-24,Home,Chair,4,43069,0,172276,142,31009.68,203427.68,COD,Returned,Standard
7692815,642022,2024-06-12,Electronics,Phone,4,17073,15,68292,127,10448.68,68623.88,COD,Shipped,Express
1072899,209340,2025-05-06,Electronics,Phone,2,29677,5,59354,278,10149.53,66813.83,Card,Processing,Standard
8818767,122559,2025-01-13,Fashion,Shoes,1,17218,10,17218,313,2789.32,18598.52,Card,Delivered,Express
6901676,766246,2025-11-29,Fashion,Shoes,4,2686,5,10744,207,1837.22,12251.02,Card,Returned,Standard
9074870,816730,2024-11-12,Fashion,Shoes,4,37657,0,150628,12,27113.04,177753.04,UPI,Delivered,Express
6658691,670661,2025-11-20,Fashion,Shoes,3,45764,5,137292,211,23476.93,154115.33,Card,Delivered,Standard
1918233,122533,2025-01-01,Fashion,Shoes,3,36218,15,108654,39,16624.06,109018.96,COD,Delivered,Express
8427633,130451,2024-02-21,Fashion,Shirt,5,39760,15,198800,159,30416.4,199555.4,COD,Delivered,Express
7586287,793983,2025-01-23,Home,Chair,5,3009,15,15045,472,2301.88,15562.14,COD,Returned,Express
8981503,277937,2025-11-09,Fashion,Shoes,4,6466,0,25864,346,4655.52,30865.52,UPI,Processing,Standard
9187795,309208,2025-09-12,Home,Mixer,3,45767,10,137301,78,22242.76,145891.66,Card,Returned,Express
5825520,770156,2025-09-26,Home,Chair,4,7002,10,28008,328,4537.3,30072.5,COD,Processing,Standard
2008023,559411,2024-03-16,Electronics,Laptop,3,33107,0,99321,132,17877.78,117330.78,UPI,Delivered,Standard
9435811,802977,2024-10-17,Electronics,Laptop,5,6862,15,34310,137,5249.43,34549.93,UPI,Processing,Standard
8761586,497655,2025-01-17,Electronics,Phone,3,23227,5,69681,469,11915.45,78581.4,Card,Delivered,Standard
4890465,838832,2025-12-17,Electronics,Phone,2,588,15,1176,220,179.93,1399.53,COD,Returned,Standard
2569110,229230,2025-02-13,Electronics,Phone,3,32433,0,97299,407,17513.82,115219.82,Card,Shipped,Standard
6075942,687629,2025-04-18,Fashion,Shirt,4,9366,0,37464,119,6743.52,44326.52,Card,Shipped,Express
3735765,253576,2024-08-12,Electronics,Phone,4,43272,15,173088,462,26482.46,174069.26,Card,Delivered,Standard
8565846,336321,2025-06-29,Electronics,Laptop,1,39509,15,39509,344,6044.88,39971.53,COD,Processing,Express
4541318,474121,2024-10-06,Home,Chair,1,4243,10,4243,131,687.37,4637.07,UPI,Shipped,Standard
5485693,367613,2025-02-04,Electronics,Laptop,4,47754,5,191016,120,32663.74,214248.94,COD,Returned,Standard
3730371,865351,2024-01-19,Electronics,Laptop,2,48719,15,97438,17,14908.01,97747.31,COD,Delivered,Standard
6078730,394426,2025-10-07,Home,Mixer,1,41604,0,41604,26,7488.72,49118.72,COD,Delivered,Express
7580357,209340,2025-08-05,Fashion,Shoes,3,17389,5,52167,282,8920.56,58761.21,Card,Processing,Express
1113947,308893,2025-07-04,Electronics,Phone,2,16158,0,32316,121,5816.88,38253.88,Card,Returned,Express
4158458,820487,2024-07-14,Electronics,Phone,1,16865,15,16865,164,2580.34,17079.6,Card,Returned,Express
9053438,761596,2024-10-22,Home,Chair,5,21078,5,105390,448,18021.69,118590.19,COD,Returned,Standard
1229458,224976,2025-10-23,Fashion,Shirt,1,7856,15,7856,155,1201.97,8034.57,Card,Returned,Express
5914279,241707,2024-12-22,Electronics,Phone,4,29348,10,117392,63,19017.5,124733.3,COD,Returned,Standard
5454228,668684,2024-03-13,Electronics,Laptop,2,9035,0,18070,142,3252.6,21464.6,UPI,Processing,Express
5355888,499721,2025-03-09,Home,Mixer,5,17197,0,85985,465,15477.3,101927.3,COD,Delivered,Express
2293648,741090,2025-06-09,Electronics,Laptop,2,39907,5,79814,234,13648.19,89705.49,COD,Delivered,Express
7549295,677944,2024-07-16,Electronics,Laptop,2,28250,0,56500,44,10170.0,66714.0,Card,Returned,Standard
1781451,533481,2024-08-24,Electronics,Phone,4,16247,15,64988,342,9943.16,65524.96,UPI,Returned,Express
1643868,793983,2024-01-08,Home,Mixer,3,39882,15,119646,278,18305.84,120282.94,COD,Delivered,Express
4292249,533481,2025-01-30,Electronics,Laptop,2,864,10,1728,431,279.94,2266.14,COD,Returned,Standard
8937480,455120,2024-08-04,Electronics,Phone,4,11052,15,44208,250,6763.82,44590.62,UPI,Processing,Express
4628498,722378,2025-01-08,Fashion,Shoes,4,6304,5,25216,11,4311.94,28278.14,Card,Delivered,Standard
7621601,568080,2024-02-28,Electronics,Laptop,5,22166,5,110830,153,18951.93,124393.43,UPI,Shipped,Express
6429230,876474,2024-03-03,Home,Mixer,3,5227,5,15681,465,2681.45,18043.4,Card,Returned,Standard
6016062,658388,2024-11-29,Fashion,Shirt,4,48915,5,195660,422,33457.86,219756.86,Card,Shipped,Standard
9170485,367695,2025-11-27,Electronics,Phone,5,30727,10,153635,204,24888.87,163364.37,Card,Processing,Standard
9589799,293577,2025-06-26,Home,Mixer,5,49892,15,249460,341,38167.38,250549.38,Card,Returned,Standard
5297946,147974,2024-02-07,Home,Mixer,5,15187,10,75935,0,12301.47,80642.97,Card,Delivered,Standard
5422684,436850,2024-11-13,Fashion,Shoes,3,44814,5,134442,384,22989.58,151093.48,COD,Shipped,Standard
3698628,900875,2025-12-08,Home,Chair,2,16040,5,32080,222,5485.68,36183.68,UPI,Processing,Express
7646667,361681,2025-01-19,Home,Chair,2,39555,5,79110,381,13527.81,89063.31,UPI,Processing,Express
7780372,462889,2025-04-19,Fashion,Shirt,3,9271,15,27813,8,4255.39,27904.44,COD,Returned,Express
9385523,207829,2025-12-06,Electronics,Laptop,4,25157,15,100628,194,15396.08,101123.88,Card,Returned,Express
4785344,167543,2025-11-13,Fashion,Shoes,3,24820,5,74460,435,12732.66,83904.66,COD,Processing,Standard
4949063,706261,2024-12-19,Home,Mixer,4,8910,15,35640,396,5452.92,36142.92,UPI,Processing,Express
7821189,921722,2024-12-26,Electronics,Phone,1,48812,10,48812,232,7907.54,52070.34,COD,Returned,Standard
8498733,370973,2024-08-27,Home,Mixer,2,48547,15,97094,275,14855.38,97660.28,COD,Processing,Express
2258572,132191,2024-06-06,Fashion,Shirt,2,14112,10,28224,355,4572.29,30328.89,UPI,Delivered,Express
7496624,132304,2025-10-25,Home,Mixer,1,38473,5,38473,135,6578.88,43263.23,UPI,Delivered,Standard
1945381,729857,2024-07-12,Electronics,Laptop,5,24599,0,122995,227,22139.1,145361.1,Card,Shipped,Standard
1023127,517120,2025-01-18,Electronics,Laptop,4,47776,15,191104,204,29238.91,191881.31,UPI,Delivered,Express
4186070,624677,2025-04-21,Electronics,Phone,1,11076,15,11076,60,1694.63,11169.23,UPI,Shipped,Express
6906669,185714,2025-04-14,Fashion,Shoes,2,35851,5,71702,118,12261.04,80495.94,COD,Processing,Express
4306560,780357,2024-05-07,Home,Mixer,3,22534,15,67602,380,10343.11,68184.81,Card,Processing,Standard
2771463,359309,2024-10-25,Home,Chair,2,17443,0,34886,87,6279.48,41252.48,Card,Shipped,Express
1631344,514080,2024-10-11,Electronics,Laptop,1,7736,10,7736,43,1253.23,8258.63,Card,Processing,Standard
8916016,777840,2025-07-21,Electronics,Phone,3,5762,5,17286,205,2955.91,19582.61,Card,Processing,Standard
4204448,761412,2024-11-17,Home,Chair,3,20868,15,62604,229,9578.41,63020.81,UPI,Returned,Express
1911841,959217,2025-01-20,Fashion,Shirt,3,23057,0,69171,307,12450.78,81928.78,Card,Processing,Standard
3996633,934879,2025-02-02,Home,Chair,4,26315,15,105260,406,16104.78,105981.78,Card,Returned,Express
6297138,533622,2024-09-14,Electronics,Laptop,2,29563,5,59126,49,10110.55,66329.25,Card,Delivered,Standard
1717674,386171,2024-01-03,Electronics,Laptop,1,43747,15,43747,88,6693.29,43966.24,UPI,Shipped,Standard
9478977,109652,2025-07-08,Home,Mixer,5,15486,15,77430,145,11846.79,77807.29,UPI,Delivered,Express
5288347,121829,2024-06-23,Fashion,Shirt,5,35571,15,177855,475,27211.81,178863.57,UPI,Processing,Express
4459086,447222,2024-05-11,Electronics,Laptop,1,46780,15,46780,358,7157.34,47278.34,Card,Processing,Standard
4203541,746869,2024-01-10,Fashion,Shirt,5,29733,10,148665,273,24083.73,158155.23,Card,Delivered,Express
7842072,742195,2025-10-08,Home,Chair,1,13458,10,13458,444,2180.2,14736.4,UPI,Delivered,Express
9835489,346038,2024-08-24,Fashion,Shirt,3,26181,15,78543,286,12017.08,79064.63,UPI,Shipped,Standard
2089065,118732,2024-11-29,Home,Chair,3,7162,0,21486,117,3867.48,25470.48,Card,Processing,Express
4013179,403858,2025-08-02,Home,Chair,4,5785,15,23140,188,3540.42,23397.42,UPI,Shipped,Express
5289940,619896,2025-07-21,Home,Chair,3,12490,0,37470,437,6744.6,44651.6,COD,Returned,Express
1756713,303548,2025-12-09,Fashion,Shirt,3,10660,10,31980,492,5180.76,34454.76,UPI,Returned,Standard
3439204,297173,2024-04-20,Electronics,Phone,2,5858,0,11716,59,2108.88,13883.88,COD,Delivered,Express
1231328,429734,2025-06-15,Electronics,Phone,4,30027,10,120108,463,19457.5,128017.7,UPI,Shipped,Standard
1991468,316783,2024-03-03,Home,Chair,2,40474,0,80948,354,14570.64,95872.64,UPI,Processing,Express
4619542,806900,2025-10-10,Electronics,Phone,1,27569,5,27569,130,4714.3,31034.85,COD,Returned,Standard
3937153,371699,2024-07-03,Fashion,Shirt,3,8776,15,26328,104,4028.18,26510.98,UPI,Shipped,Express
6498245,147974,2025-01-25,Home,Chair,3,26169,10,78507,401,12718.13,83775.43,COD,Processing,Standard
3350260,766234,2024-04-07,Electronics,Laptop,2,9791,10,19582,154,3172.28,20950.08,Card,Returned,Express
3892312,560743,2025-03-22,Home,Chair,3,35092,0,105276,17,18949.68,124242.68,Card,Delivered,Standard
7778605,428498,2025-01-08,Electronics,Phone,4,17521,15,70084,53,10722.85,70347.25,COD,Delivered,Standard
1019535,105986,2024-07-22,Home,Chair,5,3880,15,19400,391,2968.2,19849.2,UPI,Returned,Express
1046647,674615,2025-08-31,Electronics,Phone,5,23809,5,119045,413,20356.69,133862.45,UPI,Delivered,Standard
6587505,646243,2024-05-13,Electronics,Phone,5,12433,15,62165,481,9511.24,62832.49,COD,Shipped,Express
9488938,253576,2024-01-31,Fashion,Shoes,5,36138,15,180690,124,27645.57,181356.07,UPI,Processing,Express
1447671,617221,2025-03-18,Electronics,Phone,2,23152,10,46304,73,7501.25,49247.85,COD,Processing,Express
4610803,723460,2024-09-01,Home,Chair,3,6352,10,19056,188,3087.07,20425.47,Card,Processing,Standard
2337869,897911,2025-01-14,Fashion,Shoes,4,9526,10,38104,384,6172.85,40850.45,Card,Delivered,Express
9087483,226762,2024-07-06,Electronics,Laptop,4,33330,0,133320,27,23997.6,157344.6,Card,Processing,Express
8784216,567022,2024-09-25,Electronics,Laptop,1,16792,0,16792,153,3022.56,19967.56,UPI,Shipped,Standard
2242993,115254,2024-05-20,Fashion,Shoes,3,16257,10,48771,478,7900.9,52272.8,Card,Returned,Express
3865454,212069,2024-04-03,Home,Chair,4,13323,10,53292,298,8633.3,56894.1,Card,Returned,Standard
5526494,686546,2025-05-27,Electronics,Phone,3,4775,5,14325,23,2449.57,16081.33,COD,Processing,Standard
9707235,759924,2025-02-04,Electronics,Laptop,2,18881,0,37762,127,6797.16,44686.16,COD,Delivered,Express
1308558,731130,2025-06-26,Home,Chair,3,17848,0,53544,232,9637.92,63413.92,UPI,Returned,Express
7945932,828813,2024-10-31,Home,Chair,2,11155,10,22310,16,3614.22,23709.22,COD,Returned,Express
5887315,907952,2025-07-07,Electronics,Phone,5,43643,5,218215,433,37314.76,245052.02,Card,Returned,Standard
4360481,683484,2024-06-03,Home,Mixer,5,1164,15,5820,344,890.46,6181.46,UPI,Returned,Express
4040429,409906,2024-09-29,Home,Mixer,5,45355,5,226775,477,38778.53,254691.77,UPI,Processing,Express
6363365,691865,2024-11-16,Home,Chair,3,3981,15,11943,87,1827.28,12065.83,Card,Processing,Express
2648243,363069,2025-04-09,Fashion,Shoes,5,43132,5,215660,182,36877.86,241936.86,Card,Shipped,Express
5883980,968129,2024-04-09,Fashion,Shoes,3,33698,5,101094,426,17287.07,113752.37,COD,Shipped,Standard
6088964,264590,2025-11-18,Electronics,Laptop,4,17758,10,71032,459,11507.18,75894.98,Card,Delivered,Express
4362765,940775,2024-04-28,Electronics,Laptop,4,31906,0,127624,426,22972.32,151022.32,COD,Shipped,Standard
9703324,126681,2025-04-05,Home,Chair,3,20655,10,61965,432,10038.33,66238.83,COD,Returned,Express
2868873,602086,2025-01-10,Electronics,Laptop,1,36254,5,36254,437,6199.43,41077.73,COD,Returned,Standard
1206375,917406,2024-01-13,Fashion,Shirt,2,39078,10,78156,242,12661.27,83243.67,COD,Delivered,Express
5704888,813964,2025-10-25,Electronics,Phone,1,29921,0,29921,253,5385.78,35559.78,Card,Shipped,Express
4481635,505334,2024-09-25,Fashion,Shirt,5,27512,5,137560,285,23522.76,154489.76,Card,Shipped,Standard
4631934,137042,2024-03-08,Electronics,Laptop,2,17215,5,34430,113,5887.53,38709.03,Card,Delivered,Express
4948037,900267,2025-12-13,Home,Chair,2,9277,10,18554,372,3005.75,20076.35,UPI,Processing,Express
4331851,381691,2025-12-18,Home,Chair,2,15157,10,30314,34,4910.87,32227.47,Card,Returned,Express
9361473,310184,2024-05-24,Home,Chair,2,24793,0,49586,361,8925.48,58872.48,UPI,Processing,Standard
6328028,804851,2025-01-02,Home,Chair,2,49794,10,99588,59,16133.26,105821.46,Card,Processing,Express
7694790,821619,2024-01-29,Home,Chair,4,35114,15,140456,189,21489.77,141066.37,Card,Processing,Express
9086324,717613,2025-06-27,Fashion,Shirt,2,14341,5,28682,452,4904.62,32604.52,COD,Processing,Standard
2755549,271650,2024-11-08,Home,Mixer,3,23104,10,69312,236,11228.54,73845.34,COD,Delivered,Standard
7233730,476639,2025-05-02,Fashion,Shoes,4,8467,0,33868,18,6096.24,39982.24,UPI,Shipped,Standard
2258518,476639,2025-12-04,Fashion,Shirt,3,9088,10,27264,387,4416.77,29341.37,UPI,Processing,Standard
8812392,664352,2025-05-28,Home,Mixer,5,34000,5,170000,185,29070.0,190755.0,UPI,Processing,Standard
5232032,629237,2025-08-08,Electronics,Phone,5,42500,15,212500,170,32512.5,213307.5,UPI,Returned,Standard
8979713,429734,2024-02-03,Electronics,Laptop,4,37481,10,149924,476,24287.69,159695.29,UPI,Shipped,Standard
2001830,358349,2025-04-03,Fashion,Shoes,2,10851,0,21702,493,3906.36,26101.36,Card,Processing,Standard
1338396,925082,2025-03-15,Home,Chair,1,36122,5,36122,388,6176.86,40880.76,UPI,Returned,Express
6578568,441277,2024-12-05,Electronics,Laptop,4,39938,15,159752,195,24442.06,160426.26,Card,Shipped,Standard
9027659,353147,2024-09-25,Home,Chair,4,14535,0,58140,345,10465.2,68950.2,Card,Processing,Express
1177602,231788,2024-10-26,Electronics,Phone,5,25927,5,129635,102,22167.58,145422.83,UPI,Shipped,Standard
5135692,560284,2025-01-11,Fashion,Shoes,2,14633,5,29266,54,5004.49,32861.19,Card,Returned,Standard
3106508,696963,2024-10-11,Home,Chair,4,18522,0,74088,387,13335.84,87810.84,Card,Processing,Standard
1827053,774723,2024-04-14,Home,Mixer,5,5996,5,29980,288,5126.58,33895.58,Card,Shipped,Standard
7620196,204993,2025-03-08,Home,Mixer,2,1389,0,2778,419,500.04,3697.04,UPI,Delivered,Express
2613053,432835,2024-03-29,Fashion,Shirt,5,22611,15,113055,5,17297.42,113399.17,UPI,Processing,Express
4884001,395018,2025-02-12,Home,Mixer,2,20334,10,40668,176,6588.22,43365.42,Card,Delivered,Express
1886025,450573,2024-06-30,Home,Chair,2,38830,0,77660,54,13978.8,91692.8,UPI,Returned,Express
6030319,370973,2025-07-11,Fashion,Shirt,3,17624,10,52872,251,8565.26,56401.06,COD,Returned,Express
7206543,719869,2025-07-17,Fashion,Shoes,4,44009,5,176036,387,30102.16,197723.36,Card,Processing,Express
2722297,928247,2025-12-12,Fashion,Shirt,2,35209,10,70418,130,11407.72,74913.92,UPI,Delivered,Standard
2617614,947525,2024-09-19,Fashion,Shoes,1,48468,15,48468,145,7415.6,48758.4,Card,Shipped,Standard
5624476,204857,2024-12-20,Fashion,Shirt,4,12663,15,50652,467,7749.76,51270.96,Card,Processing,Express
5709997,986066,2024-02-08,Electronics,Laptop,2,32720,5,65440,338,11190.24,73696.24,Card,Returned,Standard
3571976,265566,2024-01-17,Fashion,Shirt,3,5055,0,15165,452,2729.7,18346.7,Card,Returned,Standard
4948885,913524,2025-03-23,Home,Chair,4,23225,5,92900,94,15885.9,104234.9,COD,Returned,Express
3617840,166023,2025-07-05,Home,Mixer,3,37874,0,113622,95,20451.96,134168.96,Card,Shipped,Standard
9010988,413447,2024-11-05,Fashion,Shoes,5,49539,5,247695,127,42355.85,277793.09,UPI,Delivered,Standard
1936143,470434,2024-12-14,Home,Chair,2,18953,10,37906,403,6140.77,40659.17,COD,Delivered,Standard
7909820,409909,2024-12-24,Electronics,Phone,2,31761,5,63522,159,10862.26,71367.16,COD,Returned,Express
8384567,779129,2025-10-23,Fashion,Shoes,3,17382,15,52146,17,7978.34,52319.44,COD,Returned,Standard
1505649,719869,2025-07-26,Electronics,Laptop,4,24543,5,98172,197,16787.41,110247.81,Card,Returned,Standard
1205032,423516,2024-11-07,Home,Mixer,2,13574,15,27148,80,4153.64,27309.44,COD,Processing,Express
6554255,943652,2024-01-07,Fashion,Shoes,3,19753,10,59259,32,9599.96,62965.06,COD,Delivered,Express
8288898,441149,2024-08-23,Electronics,Phone,3,23360,5,70080,429,11983.68,78988.68,Card,Delivered,Express
6003530,863762,2024-01-14,Electronics,Laptop,4,5793,10,23172,70,3753.86,24678.66,COD,Processing,Standard
9187763,453319,2025-06-26,Home,Chair,2,27141,15,54282,303,8305.15,54747.85,Card,Processing,Express
1867224,497252,2024-03-15,Electronics,Laptop,1,26363,5,26363,89,4508.07,29641.92,COD,Delivered,Express
8402637,935817,2024-12-21,Home,Chair,3,32875,10,98625,262,15977.25,105001.75,UPI,Shipped,Standard
6340505,669285,2024-11-30,Home,Mixer,1,18563,15,18563,205,2840.14,18823.69,UPI,Returned,Standard
8130903,659996,2025-10-24,Fashion,Shirt,5,33793,15,168965,8,25851.65,169479.89,Card,Delivered,Express
1427885,354531,2024-11-14,Fashion,Shoes,5,35719,5,178595,453,30539.74,200657.99,UPI,Returned,Standard
3827945,972672,2025-04-14,Home,Mixer,5,19960,10,99800,331,16167.6,106318.6,Card,Returned,Express
5712063,423516,2024-07-02,Fashion,Shirt,1,15630,10,15630,406,2532.06,17005.06,Card,Returned,Standard
7085289,273202,2024-05-15,Fashion,Shirt,3,12484,5,37452,442,6404.29,42425.69,UPI,Shipped,Express
5036169,419605,2024-05-28,Fashion,Shoes,3,31302,5,93906,334,16057.93,105602.63,Card,Shipped,Standard
2137915,780357,2024-08-02,Electronics,Phone,5,6410,10,32050,206,5192.1,34243.1,UPI,Processing,Standard
3430652,453319,2024-07-07,Home,Mixer,3,25699,15,77097,459,11795.84,77787.29,Card,Shipped,Express
6359040,663601,2024-01-15,Home,Chair,2,11184,5,22368,289,3824.93,25363.53,COD,Returned,Standard
7630778,814747,2025-06-09,Fashion,Shoes,2,8301,0,16602,85,2988.36,19675.36,UPI,Delivered,Express
6193667,541464,2024-01-30,Electronics,Phone,2,16613,10,33226,134,5382.61,35420.01,COD,Delivered,Standard
9903110,947525,2025-10-25,Electronics,Phone,5,32789,0,163945,498,29510.1,193953.1,Card,Delivered,Express
6409753,367692,2025-08-17,Electronics,Laptop,3,33368,5,100104,138,17117.78,112354.58,Card,Delivered,Standard
7157481,334581,2024-06-10,Electronics,Phone,2,32520,0,65040,468,11707.2,77215.2,Card,Shipped,Express
9187287,329408,2024-12-20,Home,Mixer,3,9980,0,29940,109,5389.2,35438.2,UPI,Shipped,Express
3363809,802977,2024-10-27,Electronics,Laptop,4,15809,5,63236,204,10813.36,71091.56,UPI,Returned,Standard
4515154,362374,2025-03-03,Fashion,Shirt,5,25212,10,126060,455,20421.72,134330.72,COD,Processing,Express
7981739,381028,2025-12-01,Fashion,Shoes,4,14356,0,57424,49,10336.32,67809.32,UPI,Delivered,Standard
4610008,797034,2025-11-27,Electronics,Phone,2,37135,5,74270,341,12700.17,83597.67,COD,Shipped,Express
2738487,753816,2024-03-09,Home,Chair,4,11789,10,47156,331,7639.27,50410.67,Card,Processing,Standard
2360410,986534,2024-05-25,Fashion,Shirt,1,41911,0,41911,406,7543.98,49860.98,COD,Delivered,Standard
3881408,514080,2025-12-12,Fashion,Shirt,2,36431,5,72862,360,12459.4,82038.3,UPI,Delivered,Standard
1246444,623619,2025-02-28,Electronics,Phone,5,25182,0,125910,48,22663.8,148621.8,COD,Returned,Express
1358059,520565,2025-11-22,Fashion,Shoes,2,32313,10,64626,242,10469.41,68874.81,Card,Returned,Express
2390071,316641,2024-03-22,Fashion,Shoes,2,28796,10,57592,64,9329.9,61226.7,UPI,Delivered,Express
8620075,413111,2024-03-27,Fashion,Shirt,3,16652,15,49956,95,7643.27,50200.87,COD,Shipped,Express
9860685,560086,2025-05-27,Fashion,Shirt,2,38054,5,76108,489,13014.47,85806.07,COD,Shipped,Standard
2232111,124782,2025-06-19,Fashion,Shirt,3,25215,0,75645,70,13616.1,89331.1,UPI,Shipped,Standard
4114981,526349,2024-05-31,Home,Chair,4,28993,5,115972,410,19831.21,130414.61,Card,Processing,Express
7024448,629828,2024-06-02,Fashion,Shirt,2,33641,15,67282,120,10294.15,67603.85,UPI,Returned,Standard
9846874,671869,2025-10-18,Home,Chair,1,22226,15,22226,400,3400.58,22692.68,UPI,Returned,Standard
3907312,185321,2025-12-12,Fashion,Shirt,2,47886,15,95772,388,14653.12,96447.32,COD,Processing,Express
4076931,354531,2025-02-14,Fashion,Shoes,3,30544,5,91632,83,15669.07,102802.47,COD,Returned,Standard
7989835,379267,2025-12-27,Electronics,Phone,4,43837,0,175348,28,31562.64,206938.64,COD,Processing,Express
2271233,429734,2025-08-24,Electronics,Phone,4,42879,5,171516,60,29329.24,192329.44,UPI,Delivered,Express
8752853,267214,2025-10-25,Home,Mixer,1,29023,5,29023,225,4962.93,32759.78,UPI,Processing,Standard
2821990,931239,2024-11-03,Electronics,Phone,2,2691,15,5382,100,823.45,5498.15,UPI,Returned,Standard
1044643,175840,2025-06-09,Fashion,Shirt,1,27943,0,27943,279,5029.74,33251.74,UPI,Shipped,Express
9081789,441149,2025-05-30,Home,Chair,5,9178,10,45890,482,7434.18,49217.18,COD,Delivered,Express
7121659,373045,2025-08-04,Fashion,Shoes,3,36916,10,110748,460,17941.18,118074.38,UPI,Returned,Standard
7773690,386171,2025-06-15,Electronics,Laptop,2,2595,0,5190,340,934.2,6464.2,Card,Delivered,Express
3413849,819982,2024-08-26,Electronics,Phone,1,31632,0,31632,354,5693.76,37679.76,Card,Processing,Standard
7103808,874075,2025-12-28,Electronics,Phone,3,1664,10,4992,454,808.7,5755.5,COD,Returned,Express
3334071,576789,2024-11-08,Electronics,Laptop,4,18576,5,74304,34,12705.98,83328.78,COD,Delivered,Express
4970493,846721,2025-11-16,Electronics,Laptop,1,5621,5,5621,474,961.19,6775.14,Card,Returned,Standard
7536285,299071,2024-09-02,Electronics,Laptop,3,33423,15,100269,94,15341.16,100663.81,Card,Shipped,Standard
6476495,514080,2025-05-17,Fashion,Shirt,2,31145,0,62290,147,11212.2,73649.2,UPI,Returned,Express
4167624,361681,2024-11-17,Electronics,Phone,1,4172,0,4172,476,750.96,5398.96,UPI,Returned,Express
9903637,276312,2025-01-24,Electronics,Phone,4,958,15,3832,112,586.3,3955.5,UPI,Processing,Express
9949315,686546,2024-05-30,Fashion,Shoes,1,1649,10,1649,449,267.14,2200.24,Card,Shipped,Standard
2672356,486599,2025-12-06,Electronics,Phone,4,24018,0,96072,269,17292.96,113633.96,Card,Delivered,Express
6178215,455311,2025-07-24,Fashion,Shoes,5,13135,10,65675,487,10639.35,70233.85,UPI,Returned,Express
8387626,861111,2024-01-26,Fashion,Shirt,2,34940,5,69880,4,11949.48,78339.48,Card,Shipped,Standard
4468190,204993,2025-04-19,Electronics,Laptop,4,6528,15,26112,232,3995.14,26422.34,Card,Shipped,Standard
8614840,849547,2024-08-22,Electronics,Laptop,4,24206,10,96824,43,15685.49,102870.09,UPI,Shipped,Standard
3549497,890778,2024-05-13,Electronics,Laptop,2,37635,0,75270,390,13548.6,89208.6,UPI,Delivered,Standard
5298125,666345,2024-07-15,Electronics,Phone,5,2144,15,10720,61,1640.16,10813.16,Card,Delivered,Standard
1898614,992307,2025-03-09,Fashion,Shirt,4,7574,0,30296,343,5453.28,36092.28,COD,Shipped,Express
3743911,883564,2025-01-01,Fashion,Shirt,5,40560,15,202800,9,31028.4,203417.4,COD,Returned,Express
4295178,853753,2024-10-09,Electronics,Laptop,5,43907,10,219535,482,35564.67,233628.17,UPI,Returned,Express
9237660,474151,2024-10-03,Home,Chair,1,43118,0,43118,207,7761.24,51086.24,COD,Shipped,Express
4309193,254485,2024-08-01,Home,Mixer,3,22345,5,67035,9,11462.98,75155.24,UPI,Returned,Standard
1713043,498700,2025-09-26,Fashion,Shirt,1,22638,10,22638,261,3667.36,24302.56,COD,Shipped,Express
7701340,508744,2025-03-04,Home,Mixer,5,2571,10,12855,465,2082.51,14117.01,COD,Processing,Express
6783336,380521,2024-10-20,Electronics,Laptop,3,47038,0,141114,185,25400.52,166699.52,Card,Shipped,Express
9015476,883564,2025-05-13,Fashion,Shoes,4,19052,0,76208,321,13717.44,90246.44,COD,Processing,Express
9504725,224976,2025-09-07,Fashion,Shoes,1,12571,5,12571,3,2149.64,14095.09,Card,Processing,Standard
7969068,667712,2025-02-06,Home,Mixer,1,19417,0,19417,166,3495.06,23078.06,COD,Processing,Standard
4713279,997871,2024-10-31,Fashion,Shirt,1,22282,0,22282,335,4010.76,26627.76,UPI,Processing,Express
4262614,474294,2025-11-30,Electronics,Laptop,1,25664,0,25664,20,4619.52,30303.52,COD,Processing,Standard
2347665,223646,2024-12-18,Electronics,Laptop,2,12693,0,25386,60,4569.48,30015.48,Card,Delivered,Express
1262127,791875,2024-09-05,Home,Chair,1,37453,15,37453,297,5730.31,37862.36,UPI,Returned,Express
3611330,338473,2025-09-07,Home,Mixer,1,30068,15,30068,61,4600.4,30219.2,Card,Shipped,Express
9304530,362374,2024-12-25,Fashion,Shirt,5,34347,0,171735,403,30912.3,203050.3,UPI,Delivered,Standard
4618152,989508,2025-09-03,Fashion,Shoes,2,25141,15,50282,371,7693.15,50803.85,Card,Returned,Express
9336241,780008,2024-07-24,Electronics,Phone,1,18041,10,18041,490,2922.64,19649.54,UPI,Shipped,Express
5512716,923274,2025-02-07,Home,Chair,3,4534,15,13602,327,2081.11,13969.81,Card,Delivered,Express
7603612,857373,2025-08-17,Home,Chair,1,26190,0,26190,40,4714.2,30944.2,COD,Returned,Standard
3072696,785147,2025-08-30,Fashion,Shirt,3,18147,5,54441,255,9309.41,61283.36,COD,Delivered,Express
9485962,514932,2025-09-17,Home,Chair,1,14697,10,14697,16,2380.91,15624.21,UPI,Processing,Standard
2172676,708248,2024-07-07,Fashion,Shirt,4,26186,10,104744,308,16968.53,111546.13,COD,Delivered,Standard
2644182,235527,2025-10-05,Electronics,Laptop,2,11580,5,23160,254,3960.36,26216.36,Card,Delivered,Express
6820008,397845,2025-06-21,Electronics,Laptop,3,12570,0,37710,484,6787.8,44981.8,COD,Delivered,Standard
3830268,721998,2025-12-14,Home,Chair,5,23387,15,116935,125,17891.06,117410.8,UPI,Shipped,Standard
4336436,596784,2025-01-29,Electronics,Phone,3,4195,0,12585,74,2265.3,14924.3,Card,Delivered,Standard
8172326,241707,2024-11-14,Home,Chair,3,36969,0,110907,91,19963.26,130961.26,Card,Shipped,Standard
6197250,496403,2024-11-01,Home,Chair,3,16308,15,48924,427,7485.37,49497.77,UPI,Shipped,Express
7868041,408306,2025-10-04,Electronics,Laptop,4,41902,10,167608,219,27152.5,178218.7,UPI,Processing,Standard
5325276,735547,2025-06-14,Fashion,Shoes,4,43959,5,175836,71,30067.96,197183.16,UPI,Delivered,Standard
9717865,944605,2024-03-06,Fashion,Shirt,4,11094,0,44376,171,7987.68,52534.68,COD,Returned,Express
5115758,866951,2025-09-23,Fashion,Shirt,5,2083,0,10415,314,1874.7,12603.7,Card,Returned,Express
7326705,746869,2025-02-20,Electronics,Laptop,2,37754,0,75508,232,13591.44,89331.44,Card,Processing,Express
7842462,654061,2024-06-06,Fashion,Shoes,3,1111,10,3333,329,539.95,3868.65,COD,Processing,Standard
1573098,712851,2025-06-03,Home,Mixer,3,24313,5,72939,344,12472.57,82108.62,COD,Returned,Standard
1669934,735068,2024-10-11,Electronics,Laptop,2,42275,15,84550,88,12936.15,84891.65,COD,Shipped,Standard
4228613,403858,2025-06-07,Home,Chair,4,40452,0,161808,487,29125.44,191420.44,Card,Delivered,Express
7244545,688626,2025-08-19,Electronics,Laptop,1,41779,10,41779,441,6768.2,44810.3,UPI,Delivered,Express
7804662,758009,2024-05-16,Home,Mixer,5,10267,10,51335,106,8316.27,54623.77,UPI,Returned,Standard
6400573,328189,2025-10-06,Home,Mixer,3,33161,10,99483,129,16116.25,105779.95,Card,Shipped,Standard
7875192,518804,2025-09-04,Electronics,Phone,2,39911,15,79822,195,12212.77,80256.47,UPI,Delivered,Express
5636793,492904,2024-07-07,Electronics,Laptop,4,35731,10,142924,383,23153.69,152168.29,Card,Shipped,Express
8584477,847473,2024-08-08,Electronics,Phone,1,43656,10,43656,245,7072.27,46607.67,Card,Returned,Express
7572345,220260,2025-05-08,Fashion,Shoes,3,36443,0,109329,275,19679.22,129283.22,COD,Shipped,Standard
3946526,587355,2024-02-01,Electronics,Laptop,1,42106,15,42106,0,6442.22,42232.32,COD,Returned,Express
3159573,988598,2025-03-03,Home,Mixer,5,37510,15,187550,361,28695.15,188473.65,Card,Returned,Express
8218757,797034,2024-02-13,Home,Chair,2,24701,15,49402,2,7558.51,49552.21,Card,Delivered,Express
6859047,653259,2024-01-24,Electronics,Phone,2,17043,0,34086,424,6135.48,40645.48,Card,Delivered,Standard
7139393,464885,2025-02-21,Home,Mixer,1,4110,5,4110,33,702.81,4640.31,COD,Shipped,Express
7262008,435807,2024-12-07,Home,Mixer,1,21859,15,21859,5,3344.43,21929.58,COD,Delivered,Standard
9394226,882431,2024-08-12,Fashion,Shoes,2,23485,0,46970,72,8454.6,55496.6,Card,Delivered,Standard
8295327,381028,2025-12-12,Electronics,Phone,5,23400,15,117000,208,17901.0,117559.0,COD,Delivered,Standard
1577451,421686,2024-01-09,Electronics,Laptop,5,37951,10,189755,9,30740.31,201528.81,Card,Shipped,Express
7172873,759924,2025-08-11,Electronics,Laptop,1,25804,15,25804,430,3948.01,26311.41,Card,Shipped,Standard
3073293,436850,2024-05-09,Electronics,Laptop,2,3605,0,7210,364,1297.8,8871.8,COD,Returned,Standard
6604144,978393,2024-07-07,Home,Mixer,2,39468,15,78936,409,12077.21,79581.81,UPI,Processing,Express
1899576,563800,2024-12-07,Electronics,Laptop,3,5586,15,16758,324,2563.97,17132.27,UPI,Delivered,Standard
4569952,669298,2024-11-30,Home,Chair,4,28129,0,112516,0,20252.88,132768.88,Card,Shipped,Express
7008872,917620,2024-10-26,Electronics,Laptop,5,28254,0,141270,1,25428.6,166699.6,Card,Returned,Standard
3999238,176748,2025-10-15,Fashion,Shirt,3,43341,10,130023,483,21063.73,138567.43,COD,Returned,Standard
5808414,980753,2025-01-10,Fashion,Shirt,5,31547,15,157735,297,24133.45,158505.2,UPI,Processing,Standard
9372564,856531,2024-04-21,Home,Chair,1,47779,10,47779,106,7740.2,50847.3,Card,Delivered,Standard
3917555,743486,2025-01-26,Fashion,Shirt,1,7914,5,7914,239,1353.29,9110.59,Card,Processing,Standard
8097536,327120,2025-10-08,Electronics,Laptop,3,16096,0,48288,442,8691.84,57421.84,Card,Delivered,Express
7183720,669298,2024-11-10,Home,Mixer,1,48584,10,48584,233,7870.61,51829.21,Card,Delivered,Express
7229654,591608,2024-03-10,Home,Mixer,3,774,15,2322,140,355.27,2468.97,COD,Processing,Express
1510125,797562,2024-01-13,Home,Mixer,1,9108,5,9108,490,1557.47,10700.07,COD,Processing,Standard
3797338,323377,2025-06-17,Home,Mixer,2,863,5,1726,373,295.15,2307.85,COD,Returned,Express
4071613,455345,2025-07-01,Electronics,Laptop,3,40865,15,122595,351,18757.03,123313.79,UPI,Shipped,Express
7023311,917406,2025-07-23,Home,Mixer,4,9483,10,37932,450,6144.98,40733.78,COD,Processing,Express
8886070,317932,2025-08-13,Electronics,Phone,2,47771,0,95542,304,17197.56,113043.56,COD,Delivered,Standard
8485510,231788,2024-10-12,Electronics,Laptop,3,36900,0,110700,227,19926.0,130853.0,Card,Delivered,Standard
4222558,956096,2025-09-05,Fashion,Shirt,5,22467,5,112335,311,19209.28,126238.54,Card,Processing,Express
3056009,410454,2025-04-30,Fashion,Shirt,5,22089,15,110445,354,16898.08,111130.33,COD,Shipped,Express
6384383,697182,2024-05-13,Fashion,Shoes,4,5043,0,20172,151,3630.96,23953.96,UPI,Returned,Standard
1274985,992339,2024-08-29,Home,Mixer,2,41022,0,82044,251,14767.92,97062.92,Card,Delivered,Express
8188925,813964,2025-08-07,Electronics,Phone,4,20977,5,83908,483,14348.27,94543.87,UPI,Returned,Standard
4732319,819982,2025-05-11,Electronics,Laptop,2,48499,0,96998,317,17459.64,114774.64,UPI,Delivered,Express
8364915,426948,2025-05-26,Electronics,Phone,4,42070,0,168280,397,30290.4,198967.4,UPI,Processing,Express
6177693,100885,2024-07-26,Fashion,Shoes,5,9277,10,46385,255,7514.37,49515.87,UPI,Returned,Standard
8049311,956096,2024-01-24,Electronics,Laptop,5,38481,5,192405,131,32901.25,215817.01,UPI,Delivered,Standard
5624761,261669,2024-03-04,Home,Mixer,1,25908,5,25908,361,4430.27,29403.87,Card,Returned,Express
2333818,219737,2025-08-30,Home,Mixer,4,40045,5,160180,404,27390.78,179965.78,COD,Processing,Express
4330761,674974,2025-07-01,Electronics,Phone,4,27079,5,108316,8,18522.04,121430.24,Card,Delivered,Standard
8595041,213174,2025-08-21,Fashion,Shoes,3,21472,5,64416,269,11015.14,72479.34,COD,Returned,Express
2873873,474294,2025-12-07,Home,Chair,2,4400,10,8800,466,1425.6,9811.6,UPI,Returned,Standard
1642217,905255,2025-02-12,Electronics,Phone,5,47407,0,237035,381,42666.3,280082.3,UPI,Delivered,Express
1079733,806649,2025-01-21,Home,Mixer,1,11279,10,11279,426,1827.2,12404.3,Card,Returned,Standard
9936707,492904,2024-07-01,Electronics,Laptop,2,35581,15,71162,19,10887.79,71394.49,COD,Shipped,Standard
4760246,391160,2025-08-08,Home,Chair,5,15810,5,79050,119,13517.55,88734.05,Card,Delivered,Express
5019223,978384,2025-12-05,Electronics,Phone,2,799,5,1598,139,273.26,1930.36,UPI,Shipped,Express
1533710,857730,2024-06-28,Home,Mixer,4,10065,10,40260,157,6522.12,42913.12,UPI,Processing,Express
9359937,344873,2025-11-27,Electronics,Laptop,4,16685,5,66740,18,11412.54,74833.54,UPI,Processing,Express
6566003,933600,2024-02-23,Fashion,Shoes,3,24092,15,72276,252,11058.23,72744.83,UPI,Delivered,Standard
4436328,654061,2025-10-07,Electronics,Phone,2,25385,10,50770,302,8224.74,54219.74,Card,Shipped,Standard
4198392,271650,2025-10-22,Fashion,Shirt,2,27616,15,55232,300,8450.5,55697.7,COD,Delivered,Standard
2866118,988627,2024-07-21,Fashion,Shoes,4,46489,15,185956,201,28451.27,186714.87,Card,Returned,Standard
1478608,521290,2025-04-16,Fashion,Shoes,4,47702,10,190808,206,30910.9,202844.1,Card,Delivered,Standard
6022117,810161,2024-05-22,Electronics,Phone,1,27198,0,27198,92,4895.64,32185.64,Card,Processing,Standard
5708937,248413,2024-10-08,Electronics,Phone,4,5713,0,22852,460,4113.36,27425.36,COD,Processing,Standard
2585374,873273,2024-07-06,Home,Mixer,1,33767,5,33767,271,5774.16,38123.81,Card,Shipped,Standard
3237816,659996,2025-12-14,Electronics,Laptop,3,9454,15,28362,91,4339.39,28538.09,Card,Shipped,Standard
7218642,596784,2025-02-28,Electronics,Phone,4,23898,15,95592,169,14625.58,96047.78,COD,Shipped,Express
8548928,889878,2025-01-14,Home,Mixer,4,27616,0,110464,431,19883.52,130778.52,UPI,Returned,Standard
8110380,638916,2024-02-07,Fashion,Shirt,2,34197,0,68394,420,12310.92,81124.92,UPI,Processing,Express
6525404,412349,2024-01-24,Electronics,Laptop,1,42621,15,42621,17,6521.01,42765.86,COD,Processing,Express
2041015,349953,2024-03-03,Electronics,Phone,4,12392,5,49568,371,8476.13,55936.73,COD,Delivered,Standard
9523758,514932,2024-01-30,Fashion,Shoes,4,31319,0,125276,320,22549.68,148145.68,COD,Returned,Express
6097100,410787,2024-01-30,Electronics,Laptop,4,43975,0,175900,271,31662.0,207833.0,COD,Shipped,Express
2408623,165348,2025-08-05,Fashion,Shirt,2,18154,10,36308,173,5881.9,38732.1,COD,Shipped,Express
8782334,665492,2025-11-24,Fashion,Shoes,4,43119,0,172476,251,31045.68,203772.68,COD,Returned,Express
4734969,205851,2024-08-30,Home,Chair,3,20702,5,62106,193,10620.13,69813.83,Card,Processing,Express
3673994,743486,2024-08-23,Fashion,Shirt,3,36225,5,108675,314,18583.42,122138.68,Card,Delivered,Express
4519996,109652,2025-07-10,Electronics,Phone,5,7545,15,37725,214,5771.93,38052.18,UPI,Delivered,Express
9782329,863762,2025-03-01,Home,Mixer,5,22439,5,112195,203,19185.34,125973.6,Card,Delivered,Standard
5907762,363069,2025-03-02,Electronics,Laptop,5,19514,0,97570,271,17562.6,115403.6,UPI,Delivered,Standard
8881960,628594,2025-07-24,Electronics,Laptop,4,45424,15,181696,443,27799.49,182684.09,UPI,Delivered,Standard
5809803,425439,2024-11-09,Home,Mixer,3,3838,5,11514,454,1968.89,13361.19,Card,Processing,Standard
5705426,352696,2025-05-03,Home,Chair,2,31128,15,62256,440,9525.17,62882.77,Card,Delivered,Standard
2659575,450573,2024-07-28,Electronics,Phone,3,37646,0,112938,402,20328.84,133668.84,Card,Returned,Standard
5258630,575329,2024-06-18,Fashion,Shirt,2,10774,5,21548,34,3684.71,24189.31,COD,Processing,Standard
3704070,323313,2025-09-12,Fashion,Shoes,2,8630,10,17260,210,2796.12,18540.12,UPI,Returned,Express
3978768,485989,2024-06-12,Home,Chair,1,18869,0,18869,281,3396.42,22546.42,UPI,Returned,Standard
9830376,501873,2025-03-17,Fashion,Shoes,2,39648,5,79296,415,13559.62,89305.82,COD,Processing,Express
3792645,165348,2025-04-17,Home,Chair,3,34050,0,102150,15,18387.0,120552.0,UPI,Delivered,Express
8197113,806649,2025-09-27,Fashion,Shoes,4,14798,15,59192,325,9056.38,59694.58,COD,Returned,Express
6066080,299071,2024-09-14,Electronics,Phone,2,45953,10,91906,121,14888.77,97725.17,UPI,Shipped,Standard
7664122,882431,2024-07-04,Home,Mixer,2,16371,5,32742,269,5598.88,36972.78,COD,Shipped,Standard
7679463,110398,2025-12-15,Home,Mixer,1,17504,5,17504,461,2993.18,20082.98,Card,Delivered,Express
4890738,331315,2025-02-21,Home,Mixer,2,1477,5,2954,33,505.13,3344.43,COD,Processing,Express
3809980,600181,2025-11-27,Home,Mixer,5,5224,5,26120,174,4466.52,29454.52,Card,Delivered,Express
7912823,441277,2025-06-04,Fashion,Shirt,2,10721,0,21442,174,3859.56,25475.56,COD,Returned,Express
3876717,121829,2025-04-09,Fashion,Shirt,4,36092,10,144368,159,23387.62,153477.82,UPI,Processing,Standard
6539792,289565,2025-05-20,Home,Mixer,4,42704,10,170816,193,27672.19,181599.59,UPI,Shipped,Express
5094315,381085,2024-03-24,Electronics,Phone,3,21276,0,63828,154,11489.04,75471.04,COD,Shipped,Standard
4652029,783244,2025-08-25,Electronics,Laptop,1,35419,0,35419,293,6375.42,42087.42,COD,Shipped,Standard
3497775,520565,2025-08-01,Electronics,Laptop,5,20981,10,104905,463,16994.61,111872.11,UPI,Returned,Express
5826416,578001,2024-09-11,Fashion,Shirt,1,22727,0,22727,476,4090.86,27293.86,UPI,Shipped,Express
2255836,325646,2025-03-23,Fashion,Shirt,5,7675,0,38375,306,6907.5,45588.5,UPI,Delivered,Standard
2264205,608033,2025-07-10,Electronics,Laptop,5,43500,10,217500,35,35235.0,231020.0,Card,Delivered,Standard
5015157,240891,2024-12-11,Home,Chair,2,35226,10,70452,346,11413.22,75166.02,UPI,Delivered,Standard
2933852,268010,2024-05-19,Electronics,Phone,2,1790,0,3580,394,644.4,4618.4,COD,Shipped,Express
6115854,129333,2024-01-22,Fashion,Shirt,4,20249,15,80996,343,12392.39,81581.99,Card,Delivered,Standard
1178264,553789,2025-12-25,Fashion,Shirt,3,16568,0,49704,99,8946.72,58749.72,UPI,Shipped,Standard
3213819,137042,2024-10-08,Fashion,Shirt,5,11104,10,55520,449,8994.24,59411.24,Card,Returned,Express
7809204,575329,2025-10-23,Fashion,Shoes,5,38489,10,192445,170,31176.09,204546.59,Card,Shipped,Express
7637177,322436,2025-04-06,Fashion,Shoes,2,22875,5,45750,325,7823.25,51610.75,COD,Processing,Standard
1944718,205954,2024-07-06,Electronics,Laptop,2,30714,15,61428,51,9398.48,61663.28,Card,Shipped,Standard
3092937,412349,2025-08-21,Home,Chair,5,684,15,3420,401,523.26,3831.26,UPI,Delivered,Express
1882530,145599,2024-11-21,Fashion,Shirt,5,40879,10,204395,321,33111.99,217388.49,COD,Delivered,Express
3210958,281248,2025-03-07,Home,Chair,4,20222,0,80888,325,14559.84,95772.84,COD,Delivered,Standard
8807683,346038,2024-02-21,Fashion,Shirt,5,22049,5,110245,378,18851.9,123962.65,UPI,Returned,Express
7624389,687629,2024-02-12,Fashion,Shirt,3,30063,15,90189,378,13798.92,90837.57,UPI,Delivered,Express
5900916,360273,2024-12-27,Electronics,Laptop,4,2778,10,11112,431,1800.14,12231.94,UPI,Returned,Standard
4999983,219446,2025-03-18,Home,Mixer,4,35817,5,143268,89,24498.83,160692.43,COD,Processing,Standard
3668196,482616,2024-09-30,Electronics,Laptop,5,44605,15,223025,130,34122.82,223824.08,Card,Delivered,Express
8896280,723460,2025-09-14,Home,Chair,5,30021,5,150105,22,25667.95,168289.7,UPI,Delivered,Standard
4927085,295887,2024-11-28,Electronics,Phone,1,16871,10,16871,94,2733.1,18011.0,COD,Processing,Express
4778787,464885,2025-06-30,Home,Mixer,1,19207,5,19207,289,3284.4,21820.05,Card,Returned,Standard
5215794,741863,2025-07-25,Fashion,Shoes,2,47815,15,95630,341,14631.39,96257.89,COD,Processing,Standard
9785481,945663,2025-09-12,Fashion,Shirt,1,44310,10,44310,237,7178.22,47294.22,COD,Returned,Express
8012317,115254,2025-10-02,Fashion,Shirt,4,29210,0,116840,227,21031.2,138098.2,UPI,Returned,Standard
8726193,981557,2024-02-14,Fashion,Shirt,3,38431,15,115293,379,17639.83,116017.88,Card,Delivered,Standard
5721574,623619,2024-11-11,Fashion,Shoes,1,2150,0,2150,190,387.0,2727.0,UPI,Processing,Standard
3216962,435317,2025-05-19,Home,Chair,3,40458,5,121374,304,20754.95,136364.25,COD,Returned,Express
9606534,619120,2024-06-04,Home,Chair,4,47652,10,190608,377,30878.5,202802.7,UPI,Processing,Express
3165320,455120,2025-12-04,Fashion,Shoes,5,13360,10,66800,275,10821.6,71216.6,COD,Delivered,Express
1542576,284838,2025-02-17,Home,Mixer,2,13582,5,27164,2,4645.04,30452.84,Card,Processing,Standard
3193199,336321,2024-07-09,Electronics,Laptop,1,34991,15,34991,449,5353.62,35544.97,COD,Shipped,Express
9929558,679811,2025-04-15,Electronics,Phone,4,30659,0,122636,74,22074.48,144784.48,COD,Delivered,Standard
3584338,998576,2025-09-10,Electronics,Laptop,2,15641,0,31282,143,5630.76,37055.76,COD,Processing,Standard
1157815,667675,2024-12-20,Home,Chair,3,8654,0,25962,372,4673.16,31007.16,UPI,Shipped,Standard
9698275,520565,2024-08-16,Fashion,Shoes,4,27099,15,108396,267,16584.59,108988.19,UPI,Delivered,Express
5242476,391160,2024-10-01,Fashion,Shoes,3,49596,10,148788,229,24103.66,158241.86,UPI,Returned,Express
3920090,958102,2025-07-15,Fashion,Shoes,2,13270,0,26540,391,4777.2,31708.2,COD,Shipped,Standard
1575611,460020,2024-08-22,Electronics,Laptop,2,3506,10,7012,346,1135.94,7792.74,Card,Delivered,Standard
6817198,968129,2024-04-02,Electronics,Phone,1,4231,10,4231,462,685.42,4955.32,COD,Processing,Standard
9068240,508744,2024-11-02,Fashion,Shirt,5,33262,5,166310,373,28439.01,186806.51,Card,Shipped,Standard
4127885,572745,2025-05-09,Home,Mixer,3,10498,0,31494,223,5668.92,37385.92,Card,Delivered,Express
4888494,700391,2024-12-03,Electronics,Laptop,2,44775,15,89550,147,13701.15,89965.65,UPI,Processing,Standard
6459523,533622,2025-04-29,Home,Mixer,1,14296,0,14296,449,2573.28,17318.28,UPI,Returned,Standard
4094961,292122,2025-07-27,Home,Chair,1,30166,5,30166,31,5158.39,33847.09,Card,Delivered,Standard
4540560,861773,2024-07-28,Home,Mixer,4,24133,15,96532,375,14769.4,97196.6,UPI,Shipped,Standard
3892499,783682,2025-05-17,Electronics,Laptop,2,14835,15,29670,403,4539.51,30162.01,Card,Delivered,Standard
9273164,299060,2025-02-09,Home,Chair,5,35826,10,179130,174,29019.06,190410.06,UPI,Delivered,Express
5150899,715941,2024-08-27,Home,Chair,1,41235,15,41235,451,6308.95,41809.71,UPI,Delivered,Express
3103385,625231,2025-12-23,Electronics,Phone,2,33512,15,67024,342,10254.67,67567.07,COD,Shipped,Express
4504647,571217,2024-08-23,Home,Mixer,1,31031,15,31031,296,4747.74,31420.09,UPI,Shipped,Express
1784162,801330,2024-07-29,Home,Mixer,3,42551,5,127653,379,21828.66,143478.01,UPI,Shipped,Standard
9626501,150538,2025-06-07,Electronics,Phone,2,15872,15,31744,138,4856.83,31977.23,Card,Shipped,Standard
6614039,603554,2025-05-04,Electronics,Laptop,1,3726,15,3726,420,570.08,4157.18,UPI,Delivered,Express
5139892,498700,2025-06-15,Electronics,Phone,5,12604,15,63020,38,9642.06,63247.06,UPI,Returned,Standard
7783810,635780,2024-05-04,Home,Mixer,4,33475,0,133900,244,24102.0,158246.0,UPI,Processing,Express
8670275,517120,2025-12-02,Fashion,Shoes,3,41372,0,124116,433,22340.88,146889.88,UPI,Processing,Standard
5445738,707212,2025-08-05,Electronics,Laptop,5,16344,15,81720,488,12503.16,82453.16,COD,Delivered,Standard
4056809,630462,2025-12-31,Electronics,Phone,2,34022,0,68044,284,12247.92,80575.92,UPI,Processing,Express
2964498,209496,2025-11-06,Home,Mixer,4,41726,5,166904,339,28540.58,187438.38,UPI,Delivered,Express
1739405,444031,2025-06-25,Home,Mixer,5,17378,15,86890,41,13294.17,87191.67,UPI,Delivered,Express
2458866,619501,2024-08-15,Fashion,Shirt,4,16482,15,65928,267,10086.98,66392.78,Card,Delivered,Standard
1609837,913914,2024-09-20,Home,Mixer,4,13308,10,53232,57,8623.58,56589.38,COD,Delivered,Standard
5801939,460527,2025-07-02,Home,Mixer,1,2915,10,2915,29,472.23,3124.73,UPI,Returned,Express
9357207,534555,2024-02-18,Fashion,Shoes,2,17635,15,35270,67,5396.31,35442.81,Card,Shipped,Express
1844511,941235,2024-10-05,Fashion,Shirt,5,22959,10,114795,50,18596.79,121962.29,UPI,Delivered,Standard
3017320,553981,2024-11-24,Home,Chair,2,25272,15,50544,310,7733.23,51005.63,UPI,Returned,Standard
6235193,100885,2025-10-28,Electronics,Phone,2,26691,5,53382,423,9128.32,60264.22,Card,Processing,Standard
7225260,612536,2024-05-24,Fashion,Shirt,5,26449,10,132245,169,21423.69,140613.19,COD,Delivered,Standard
6800587,397845,2025-04-29,Fashion,Shirt,4,10341,5,41364,149,7073.24,46518.04,UPI,Shipped,Standard
5010555,905255,2025-02-16,Electronics,Laptop,2,20688,15,41376,339,6330.53,41839.13,Card,Returned,Standard
4553317,124782,2024-01-25,Fashion,Shoes,5,48729,10,243645,196,39470.49,258946.99,UPI,Returned,Standard
5303504,288289,2025-09-14,Electronics,Laptop,1,48756,5,48756,256,8337.28,54911.48,Card,Processing,Express
4187293,201088,2025-04-09,Electronics,Phone,5,37222,10,186110,380,30149.82,198028.82,UPI,Processing,Standard
3720277,523926,2024-12-07,Home,Chair,2,11826,0,23652,323,4257.36,28232.36,Card,Delivered,Standard
6699078,560086,2024-06-17,Fashion,Shoes,1,19056,10,19056,101,3087.07,20338.47,COD,Shipped,Standard
5678223,571217,2024-08-27,Home,Chair,3,42351,5,127053,225,21726.06,142651.41,UPI,Delivered,Standard
6422859,518804,2024-01-23,Home,Chair,5,8606,10,43030,119,6970.86,45816.86,UPI,Delivered,Express
7079397,946796,2025-01-16,Home,Chair,4,40239,10,160956,307,26074.87,171242.27,UPI,Processing,Express
1621289,309546,2024-09-04,Electronics,Laptop,1,16585,15,16585,202,2537.51,16836.76,UPI,Delivered,Standard
2309352,988285,2025-10-01,Fashion,Shoes,2,24700,15,49400,423,7558.2,49971.2,COD,Delivered,Express
4576396,123406,2025-07-29,Home,Mixer,4,7898,5,31592,360,5402.23,35774.63,COD,Shipped,Standard
3908781,286204,2024-09-13,Electronics,Laptop,1,7296,10,7296,417,1181.95,8165.35,COD,Returned,Express
7607172,776633,2025-03-13,Home,Chair,2,29428,10,58856,444,9534.67,62949.07,UPI,Shipped,Standard
8683007,913524,2024-07-10,Fashion,Shoes,1,33621,5,33621,395,5749.19,38084.14,COD,Delivered,Standard
4519250,868360,2025-11-25,Fashion,Shirt,3,16008,0,48024,131,8644.32,56799.32,COD,Delivered,Express
1207531,750152,2025-03-20,Electronics,Phone,1,5467,5,5467,410,934.86,6538.51,UPI,Delivered,Express
8773974,331315,2024-03-25,Electronics,Phone,2,47322,15,94644,119,14480.53,95046.93,COD,Delivered,Express
7652150,868360,2024-09-21,Home,Mixer,1,9461,10,9461,117,1532.68,10164.58,UPI,Shipped,Standard
7341141,428188,2025-08-27,Fashion,Shoes,2,39448,5,78896,210,13491.22,88652.42,Card,Delivered,Express
6845886,315756,2024-08-06,Electronics,Phone,5,11174,15,55870,253,8548.11,56290.61,Card,Returned,Express
7225277,410103,2025-03-30,Electronics,Laptop,1,1785,10,1785,356,289.17,2251.67,COD,Delivered,Express
9263918,865620,2025-11-15,Fashion,Shirt,3,2449,15,7347,207,1124.09,7576.04,Card,Processing,Standard
1139502,671869,2024-05-20,Home,Chair,1,23921,10,23921,494,3875.2,25898.1,UPI,Shipped,Express
5231783,521868,2025-02-09,Home,Chair,3,22916,0,68748,485,12374.64,81607.64,COD,Delivered,Express
2296997,761596,2025-06-01,Fashion,Shirt,3,29979,0,89937,70,16188.66,106195.66,Card,Delivered,Standard
1978306,930665,2025-06-10,Electronics,Laptop,1,44768,5,44768,491,7655.33,50675.93,Card,Delivered,Standard
7785194,654028,2024-08-13,Home,Mixer,5,35906,0,179530,114,32315.4,211959.4,COD,Delivered,Standard
7826316,676936,2024-06-10,Electronics,Phone,1,16346,10,16346,208,2648.05,17567.45,COD,Processing,Standard
7270331,950540,2025-10-20,Home,Chair,1,20774,15,20774,281,3178.42,21117.32,UPI,Shipped,Express
7727912,966249,2024-10-07,Fashion,Shoes,2,13645,15,27290,24,4175.37,27395.87,COD,Shipped,Express
4101312,517915,2024-07-15,Home,Chair,1,24604,5,24604,415,4207.28,27996.08,UPI,Shipped,Express
6110840,933600,2025-08-04,Home,Mixer,4,18792,0,75168,82,13530.24,88780.24,COD,Shipped,Standard
4276857,834430,2024-07-15,Electronics,Laptop,4,29111,15,116444,141,17815.93,116934.33,UPI,Shipped,Express
2507207,355600,2025-04-07,Electronics,Laptop,4,43522,10,174088,15,28202.26,184896.46,UPI,Delivered,Standard
6098972,897926,2025-06-16,Fashion,Shirt,4,33034,15,132136,369,20216.81,132901.41,Card,Delivered,Express
1495648,975235,2024-12-28,Home,Mixer,4,14558,5,58232,70,9957.67,65348.07,Card,Processing,Express
8124601,866649,2024-12-21,Fashion,Shoes,2,15952,15,31904,257,4881.31,32256.71,COD,Returned,Express
1650845,520565,2025-08-06,Electronics,Laptop,2,31123,0,62246,143,11204.28,73593.28,UPI,Shipped,Standard
8681246,474151,2025-10-21,Fashion,Shoes,2,33123,5,66246,252,11328.07,74513.77,UPI,Processing,Standard
1096564,142362,2025-06-03,Home,Chair,5,29696,15,148480,223,22717.44,149148.44,UPI,Processing,Express
7772699,196136,2024-04-14,Home,Chair,5,508,5,2540,487,434.34,3334.34,Card,Processing,Express
4404526,777815,2025-12-28,Electronics,Phone,3,31730,10,95190,335,15420.78,101426.78,COD,Processing,Express
8987103,354006,2025-08-14,Electronics,Phone,4,42503,0,170012,253,30602.16,200867.16,COD,Shipped,Standard
5298637,559158,2025-02-01,Electronics,Phone,5,43324,10,216620,177,35092.44,230227.44,UPI,Returned,Express
1397423,712851,2024-09-09,Fashion,Shoes,5,38303,5,191515,480,32749.06,215168.32,COD,Returned,Express
4513602,992339,2025-06-25,Fashion,Shoes,5,43172,5,215860,145,36912.06,242124.06,UPI,Returned,Standard
4747212,108892,2024-02-24,Electronics,Laptop,4,39924,10,159696,122,25870.75,169719.15,Card,Processing,Express
3334261,306948,2024-09-12,Home,Mixer,1,10077,0,10077,472,1813.86,12362.86,COD,Processing,Express
6558329,609604,2025-06-27,Home,Chair,1,11488,5,11488,29,1964.45,12907.05,UPI,Processing,Standard
5015452,229230,2025-09-04,Home,Mixer,3,43012,5,129036,175,22065.16,144824.36,COD,Shipped,Express
5416058,880147,2025-11-26,Fashion,Shirt,4,13989,15,55956,102,8561.27,56225.87,COD,Returned,Express
6557632,820318,2024-03-20,Electronics,Laptop,1,27377,5,27377,298,4681.47,30987.62,UPI,Returned,Standard
1598071,934879,2025-03-06,Home,Mixer,2,17142,0,34284,4,6171.12,40459.12,Card,Returned,Express
7462109,175840,2024-02-25,Fashion,Shirt,5,29351,15,146755,210,22453.51,147405.27,UPI,Processing,Express
5864556,512727,2024-06-04,Fashion,Shoes,4,12718,10,50872,115,8241.26,54141.06,COD,Shipped,Standard
1291756,364856,2025-09-06,Home,Mixer,1,5187,5,5187,321,886.98,6135.63,Card,Delivered,Express
8850853,187277,2024-10-28,Fashion,Shirt,4,20320,15,81280,205,12435.84,81728.84,Card,Delivered,Standard
1433046,516536,2024-09-22,Electronics,Laptop,3,20867,15,62601,14,9577.95,62802.8,Card,Returned,Standard
8133080,185991,2025-06-14,Electronics,Laptop,4,43998,0,175992,84,31678.56,207754.56,UPI,Returned,Express
1265126,819861,2024-01-29,Fashion,Shoes,3,30127,15,90381,95,13828.29,90747.14,UPI,Delivered,Express
2834854,196515,2025-02-19,Home,Chair,1,4205,15,4205,457,643.37,4674.61,COD,Shipped,Express
3905210,943652,2024-04-27,Home,Chair,4,4144,5,16576,288,2834.5,18869.7,COD,Shipped,Express
5165515,837549,2025-11-03,Electronics,Laptop,3,32977,5,98931,470,16917.2,111371.65,UPI,Returned,Standard
1313473,716122,2024-01-28,Fashion,Shoes,5,12804,15,64020,387,9795.06,64599.06,COD,Shipped,Express
7790467,541464,2025-01-30,Home,Mixer,1,40182,10,40182,37,6509.48,42710.28,UPI,Shipped,Express
8463229,994737,2025-12-03,Electronics,Laptop,4,45518,10,182072,304,29495.66,193664.46,COD,Returned,Express
3577797,343454,2025-12-18,Electronics,Phone,1,24276,0,24276,58,4369.68,28703.68,UPI,Returned,Standard
2291860,243229,2025-10-19,Electronics,Laptop,2,19589,15,39178,233,5994.23,39528.53,COD,Returned,Standard
4602834,231207,2025-02-15,Fashion,Shirt,2,28550,10,57100,55,9250.2,60695.2,COD,Returned,Standard
4203631,381085,2024-07-13,Home,Mixer,3,12689,10,38067,267,6166.85,40694.15,COD,Returned,Express
7994620,443661,2025-01-30,Fashion,Shirt,4,34436,10,137744,442,22314.53,146726.13,UPI,Processing,Express
7005547,143046,2025-03-07,Fashion,Shirt,2,43548,0,87096,227,15677.28,103000.28,COD,Returned,Standard
7163970,728993,2025-06-17,Electronics,Phone,3,14207,15,42621,152,6521.01,42900.86,Card,Processing,Express
2049070,109652,2025-07-24,Fashion,Shirt,3,28113,10,84339,374,13662.92,89942.02,COD,Processing,Standard
4695537,674615,2024-07-13,Electronics,Phone,2,4622,15,9244,402,1414.33,9673.73,COD,Shipped,Standard
4297154,636547,2025-01-09,Home,Mixer,5,29499,10,147495,154,23894.19,156793.69,UPI,Processing,Standard
2577803,457456,2024-05-09,Fashion,Shoes,2,8438,5,16876,44,2885.8,18962.0,COD,Delivered,Standard
3140365,482453,2025-08-18,Fashion,Shoes,4,4323,0,17292,48,3112.56,20452.56,Card,Processing,Express
5644300,477973,2025-09-11,Electronics,Laptop,3,33978,10,101934,451,16513.31,108704.91,COD,Processing,Express
6818988,691865,2024-11-24,Fashion,Shirt,5,40090,5,200450,184,34276.95,224888.45,COD,Shipped,Express
6496580,185714,2025-02-12,Home,Chair,1,3035,0,3035,298,546.3,3879.3,Card,Processing,Standard
8122167,540366,2025-10-15,Fashion,Shoes,3,32389,0,97167,280,17490.06,114937.06,Card,Processing,Express
5424757,578001,2024-02-14,Fashion,Shirt,1,48547,15,48547,310,7427.69,49002.64,COD,Returned,Standard
7920265,496403,2025-01-26,Electronics,Laptop,3,41570,15,124710,223,19080.63,125307.13,UPI,Delivered,Express
6963528,488521,2025-11-27,Fashion,Shirt,1,16620,10,16620,321,2692.44,17971.44,COD,Processing,Express
4823779,133302,2025-09-29,Fashion,Shoes,2,14157,0,28314,383,5096.52,33793.52,UPI,Shipped,Standard
2256839,990231,2025-06-27,Electronics,Phone,5,24844,0,124220,449,22359.6,147028.6,Card,Delivered,Standard
8626245,671990,2024-03-19,Home,Mixer,5,45371,15,226855,370,34708.82,227905.57,UPI,Processing,Express
4673637,410454,2024-06-18,Home,Mixer,4,16025,0,64100,260,11538.0,75898.0,Card,Delivered,Express
5636678,495520,2024-02-07,Electronics,Laptop,1,20949,0,20949,469,3770.82,25188.82,COD,Processing,Express
1172419,616267,2024-07-17,Fashion,Shoes,5,24556,0,122780,494,22100.4,145374.4,COD,Shipped,Standard
9541092,193582,2024-01-07,Fashion,Shoes,1,40039,15,40039,258,6125.97,40417.12,Card,Returned,Standard
6345055,982828,2025-12-05,Electronics,Phone,3,26040,15,78120,156,11952.36,78510.36,Card,Delivered,Express
4173991,346038,2025-07-14,Fashion,Shirt,1,2674,0,2674,293,481.32,3448.32,Card,Processing,Express
7026178,560284,2024-04-08,Home,Mixer,5,35135,15,175675,159,26878.27,176361.02,COD,Shipped,Standard
6103845,845738,2024-07-01,Electronics,Phone,3,16661,15,49983,193,7647.4,50325.95,Card,Processing,Express
7278849,777840,2024-07-26,Fashion,Shoes,1,42778,0,42778,271,7700.04,50749.04,COD,Returned,Express
4309183,299060,2025-02-01,Electronics,Phone,3,44332,0,132996,291,23939.28,157226.28,COD,Delivered,Standard
6887710,448372,2025-06-21,Home,Mixer,3,27063,5,81189,34,13883.32,91046.87,Card,Processing,Standard
6414762,746869,2025-06-08,Electronics,Laptop,4,10979,15,43916,360,6719.15,44407.75,COD,Returned,Standard
5495375,121829,2025-06-11,Electronics,Phone,5,25208,10,126040,263,20418.48,134117.48,Card,Shipped,Standard
7826057,603554,2025-03-05,Electronics,Laptop,5,14770,10,73850,321,11963.7,78749.7,UPI,Processing,Standard
2503422,134035,2024-06-14,Fashion,Shirt,5,26614,5,133070,64,22754.97,149235.47,COD,Processing,Standard
7325199,559411,2024-11-02,Electronics,Laptop,5,2364,5,11820,126,2021.22,13376.22,Card,Returned,Express
4197890,851989,2025-12-16,Fashion,Shirt,4,24865,5,99460,176,17007.66,111670.66,Card,Delivered,Standard
8528962,417518,2025-02-19,Fashion,Shoes,1,25871,5,25871,471,4423.94,29472.39,UPI,Delivered,Express
4302789,278585,2024-03-15,Electronics,Laptop,2,28069,0,56138,125,10104.84,66367.84,COD,Returned,Standard
4631913,635780,2025-02-15,Fashion,Shoes,3,28279,0,84837,486,15270.66,100593.66,COD,Delivered,Express
6460856,547390,2024-07-03,Electronics,Phone,5,27363,5,136815,48,23395.36,153417.61,Card,Processing,Standard
9037110,571696,2025-03-04,Fashion,Shirt,5,47116,5,235580,80,40284.18,264165.18,COD,Delivered,Standard
8369077,223646,2024-11-10,Electronics,Laptop,1,18511,0,18511,125,3331.98,21967.98,Card,Returned,Standard
1083305,209340,2025-10-16,Fashion,Shoes,2,46718,15,93436,323,14295.71,94039.31,Card,Returned,Express
1810780,996626,2024-01-08,Fashion,Shirt,3,22339,10,67017,253,10856.75,71425.05,COD,Shipped,Express
6029719,496652,2024-12-20,Home,Chair,5,30934,0,154670,88,27840.6,182598.6,Card,Delivered,Express
3119022,498700,2024-06-20,Home,Mixer,1,22531,0,22531,341,4055.58,26927.58,COD,Shipped,Standard
9568403,443137,2025-06-28,Fashion,Shoes,1,9959,10,9959,169,1613.36,10745.46,COD,Returned,Standard
7531251,719272,2025-03-06,Home,Chair,2,31789,10,63578,93,10299.64,67612.84,COD,Delivered,Standard
2190991,777815,2025-04-17,Home,Mixer,1,49769,15,49769,397,7614.66,50315.31,Card,Delivered,Express
5927018,917620,2025-08-28,Fashion,Shoes,5,9622,15,48110,459,7360.83,48713.33,COD,Returned,Express
3150756,122533,2024-02-10,Home,Chair,3,48968,5,146904,24,25120.58,164703.38,UPI,Processing,Standard
6411348,178835,2024-03-02,Home,Mixer,2,37687,15,75374,121,11532.22,75721.12,Card,Returned,Standard
6404293,132191,2025-08-07,Home,Mixer,4,40747,5,162988,54,27870.95,182763.55,Card,Delivered,Express
7479415,591698,2025-12-03,Electronics,Phone,4,18130,15,72520,56,11095.56,72793.56,UPI,Processing,Express
8981531,604471,2025-04-28,Home,Mixer,4,11416,15,45664,132,6986.59,45932.99,COD,Delivered,Standard
3450270,221171,2025-07-05,Fashion,Shirt,5,3204,5,16020,236,2739.42,18194.42,COD,Shipped,Express
5312569,900875,2025-06-16,Electronics,Phone,2,23121,10,46242,380,7491.2,49489.0,UPI,Processing,Express
4686799,404948,2024-11-17,Fashion,Shirt,5,7396,0,36980,445,6656.4,44081.4,UPI,Returned,Express
5134907,361681,2024-09-18,Fashion,Shirt,5,32585,0,162925,382,29326.5,192633.5,UPI,Shipped,Express
7325402,364616,2025-08-05,Electronics,Laptop,5,5106,10,25530,92,4135.86,27204.86,Card,Delivered,Standard
7183101,825303,2024-06-03,Home,Mixer,5,35400,15,177000,427,27081.0,177958.0,COD,Shipped,Express
9987505,175027,2024-01-21,Fashion,Shoes,2,30049,5,60098,261,10276.76,67630.86,COD,Returned,Express
1839082,118035,2024-03-20,Fashion,Shoes,4,2735,10,10940,129,1772.28,11747.28,Card,Processing,Express
6056108,105986,2025-02-07,Fashion,Shirt,5,46565,15,232825,363,35622.22,233886.48,Card,Delivered,Standard
8770092,619120,2025-09-19,Electronics,Laptop,4,27604,0,110416,266,19874.88,130556.88,COD,Delivered,Standard
9482989,427160,2024-05-05,Electronics,Phone,4,43250,0,173000,98,31140.0,204238.0,UPI,Shipped,Express
6774914,706261,2025-06-04,Fashion,Shirt,2,47210,0,94420,167,16995.6,111582.6,UPI,Delivered,Standard
1087605,336695,2025-07-18,Home,Chair,2,31001,15,62002,470,9486.31,62658.01,UPI,Processing,Express
3506545,575003,2025-07-29,Home,Chair,5,39588,10,197940,50,32066.28,210262.28,Card,Delivered,Standard
8987996,608480,2024-08-25,Fashion,Shoes,2,11548,15,23096,126,3533.69,23291.29,UPI,Processing,Express
9357848,853753,2024-06-15,Electronics,Phone,2,35155,0,70310,1,12655.8,82966.8,Card,Delivered,Standard
1321805,826198,2025-10-20,Electronics,Laptop,3,40060,10,120180,284,19469.16,127915.16,Card,Processing,Standard
1545231,498055,2025-02-28,Home,Mixer,4,41174,0,164696,477,29645.28,194818.28,UPI,Processing,Express
7559825,819830,2025-04-10,Electronics,Laptop,1,4724,0,4724,434,850.32,6008.32,UPI,Processing,Standard
8309061,279848,2024-09-16,Home,Chair,4,39616,10,158464,412,25671.17,168700.77,Card,Shipped,Standard
2805263,344873,2025-05-15,Electronics,Laptop,2,22152,10,44304,386,7177.25,47436.85,Card,Processing,Standard
4438352,278624,2025-12-18,Fashion,Shirt,3,48191,5,144573,487,24721.98,162553.33,COD,Processing,Standard
8127986,158849,2025-11-10,Home,Mixer,1,19043,0,19043,454,3427.74,22924.74,COD,Returned,Standard
7238661,837035,2025-07-29,Electronics,Laptop,2,13563,5,27126,57,4638.55,30465.25,Card,Delivered,Express
8226458,432651,2025-03-01,Electronics,Phone,4,11671,10,46684,32,7562.81,49610.41,UPI,Delivered,Express
8559602,496652,2024-08-26,Fashion,Shoes,3,4589,15,13767,366,2106.35,14174.3,COD,Processing,Express
7447567,271650,2024-10-01,Electronics,Laptop,4,33837,10,135348,156,21926.38,143895.58,UPI,Processing,Express
8129881,913524,2024-12-13,Home,Mixer,4,9538,15,38152,93,5837.26,38359.46,COD,Returned,Standard
2055930,915557,2025-07-12,Electronics,Laptop,2,40898,0,81796,313,14723.28,96832.28,COD,Delivered,Standard
9375286,196515,2025-12-19,Fashion,Shirt,2,6503,5,13006,395,2224.03,14974.73,Card,Delivered,Express
4060251,139241,2025-09-23,Fashion,Shoes,1,18878,0,18878,487,3398.04,22763.04,COD,Shipped,Standard
9614697,295887,2024-04-01,Electronics,Phone,4,18036,5,72144,45,12336.62,80918.42,Card,Delivered,Standard
4589086,865620,2024-08-07,Fashion,Shirt,1,43644,0,43644,317,7855.92,51816.92,UPI,Shipped,Standard
4118170,150917,2025-07-11,Fashion,Shoes,5,37487,15,187435,84,28677.56,188081.3,COD,Processing,Express
2671321,649344,2024-03-27,Home,Mixer,3,33762,0,101286,254,18231.48,119771.48,Card,Delivered,Express
8124896,149744,2024-02-15,Fashion,Shoes,1,24757,10,24757,75,4010.63,26366.93,COD,Shipped,Express
7061245,752636,2024-09-22,Fashion,Shoes,3,3764,0,11292,248,2032.56,13572.56,Card,Delivered,Express
4688449,133302,2024-01-29,Home,Chair,2,14913,5,29826,58,5100.25,33492.95,Card,Processing,Standard
4017895,838832,2025-01-18,Fashion,Shoes,1,31517,5,31517,64,5389.41,35394.56,UPI,Shipped,Standard
7461746,959808,2025-09-27,Electronics,Phone,3,18009,0,54027,158,9724.86,63909.86,UPI,Returned,Standard
6963425,753816,2024-05-28,Home,Mixer,2,35918,10,71836,270,11637.43,76559.83,UPI,Shipped,Standard
7206551,572745,2025-03-15,Home,Chair,2,45488,0,90976,380,16375.68,107731.68,Card,Processing,Standard
3369354,952860,2025-06-02,Electronics,Phone,5,45549,0,227745,482,40994.1,269221.1,Card,Returned,Standard
3671465,642022,2025-12-24,Fashion,Shoes,2,29445,0,58890,88,10600.2,69578.2,UPI,Processing,Express
4919387,100885,2025-07-22,Fashion,Shoes,4,8336,15,33344,113,5101.63,33557.03,COD,Processing,Standard
5305280,188793,2025-05-26,Fashion,Shirt,1,44661,5,44661,196,7637.03,50260.98,UPI,Processing,Express
5150095,846156,2025-06-11,Home,Chair,5,14425,10,72125,292,11684.25,76888.75,COD,Delivered,Standard
2199684,284838,2025-10-21,Electronics,Phone,1,5164,0,5164,114,929.52,6207.52,UPI,Returned,Express
2330425,683939,2025-11-29,Fashion,Shoes,5,42507,15,212535,459,32517.85,213631.61,Card,Processing,Express
4395674,740980,2024-04-08,Fashion,Shirt,2,39135,0,78270,15,14088.6,92373.6,Card,Processing,Express
8331660,196051,2025-10-12,Electronics,Phone,4,8486,10,33944,491,5498.93,36539.53,COD,Delivered,Standard
9257130,398615,2025-03-25,Home,Chair,5,10017,5,50085,314,8564.53,56459.29,UPI,Shipped,Express
1642611,553789,2024-12-03,Home,Mixer,4,10646,5,42584,3,7281.86,47739.66,Card,Shipped,Standard
6393375,947514,2025-03-14,Electronics,Phone,1,24386,5,24386,73,4170.01,27409.71,COD,Delivered,Express
4692162,706261,2024-11-13,Home,Mixer,4,8262,5,33048,193,5651.21,37239.81,UPI,Shipped,Express
2259054,553789,2024-11-08,Fashion,Shoes,2,42110,0,84220,17,15159.6,99396.6,UPI,Processing,Standard
8208247,576789,2024-05-10,Electronics,Phone,1,38947,15,38947,306,5958.89,39369.84,Card,Shipped,Express
2416016,542611,2024-06-12,Electronics,Phone,2,23168,10,46336,294,7506.43,49502.83,UPI,Returned,Express
6357146,381085,2025-07-02,Fashion,Shoes,5,49413,0,247065,22,44471.7,291558.7,COD,Processing,Express
4057417,814747,2025-05-29,Fashion,Shoes,5,49487,5,247435,179,42311.39,277553.64,UPI,Returned,Express
9013227,792594,2025-12-26,Electronics,Laptop,2,22795,15,45590,285,6975.27,46011.77,UPI,Returned,Express
4955054,906425,2025-03-13,Fashion,Shirt,5,11480,10,57400,367,9298.8,61325.8,COD,Processing,Express
6937024,484957,2024-11-27,Electronics,Phone,1,42966,0,42966,388,7733.88,51087.88,Card,Delivered,Standard
4338300,553789,2024-10-28,Fashion,Shirt,4,5418,5,21672,12,3705.91,24306.31,Card,Processing,Standard
5752299,838832,2025-07-07,Home,Mixer,2,28773,5,57546,37,9840.37,64546.07,UPI,Delivered,Standard
3806260,436850,2025-04-21,Electronics,Phone,1,48577,15,48577,404,7432.28,49126.73,COD,Processing,Express
8598594,915525,2025-12-05,Fashion,Shoes,2,15227,15,30454,450,4659.46,30995.36,UPI,Shipped,Express
2886047,357790,2024-01-28,Fashion,Shoes,1,18510,10,18510,339,2998.62,19996.62,UPI,Returned,Express
1472730,966249,2025-05-02,Home,Chair,4,33256,5,133024,112,22747.1,149231.9,COD,Returned,Express
2714951,323313,2024-02-10,Electronics,Phone,1,30424,5,30424,360,5202.5,34465.3,UPI,Delivered,Express
5257424,608480,2025-10-09,Fashion,Shirt,4,30302,15,121208,462,18544.82,122033.62,Card,Delivered,Express
9954493,212963,2024-09-19,Fashion,Shoes,5,9549,0,47745,37,8594.1,56376.1,Card,Delivered,Standard
6120020,745069,2024-02-27,Home,Mixer,2,49912,15,99824,477,15273.07,100600.47,UPI,Returned,Express
2733214,534439,2025-03-18,Home,Chair,4,26688,15,106752,3,16333.06,107075.26,Card,Delivered,Standard
5767007,826198,2024-11-04,Home,Chair,5,42132,10,210660,16,34126.92,223736.92,Card,Returned,Standard
4398581,173875,2024-12-13,Electronics,Laptop,5,43793,5,218965,41,37443.01,245500.77,Card,Shipped,Express
8764366,925082,2025-07-24,Fashion,Shoes,4,639,10,2556,154,414.07,2868.47,Card,Shipped,Standard
4770302,563800,2025-04-04,Fashion,Shirt,2,48216,15,96432,296,14754.1,97017.3,Card,Returned,Express
1478088,277937,2025-05-20,Fashion,Shirt,2,39092,10,78184,184,12665.81,83215.41,Card,Shipped,Express
7969361,895460,2024-01-29,Electronics,Phone,4,45596,0,182384,351,32829.12,215564.12,Card,Processing,Standard
2241712,175840,2025-06-20,Home,Chair,1,26177,10,26177,94,4240.67,27893.97,Card,Returned,Standard
6701771,956728,2024-04-28,Electronics,Laptop,5,37553,0,187765,445,33797.7,222007.7,COD,Shipped,Standard
8808483,541464,2025-09-25,Electronics,Laptop,4,31840,10,127360,167,20632.32,135423.32,COD,Returned,Standard
8581638,821619,2025-05-13,Home,Mixer,4,17875,5,71500,246,12226.5,80397.5,Card,Shipped,Standard
8578045,960341,2025-11-13,Home,Chair,3,8016,15,24048,471,3679.34,24591.14,UPI,Delivered,Standard
4749293,322436,2025-04-22,Electronics,Laptop,4,19725,5,78900,323,13491.9,88769.9,COD,Returned,Express
8254776,546788,2025-04-18,Fashion,Shirt,5,22421,5,112105,464,19169.95,126133.71,Card,Processing,Standard
5633766,930665,2024-03-07,Electronics,Laptop,5,8062,0,40310,250,7255.8,47815.8,Card,Returned,Standard
7368468,460552,2025-06-09,Home,Chair,3,3909,10,11727,289,1899.77,12743.07,Card,Shipped,Standard
2461924,403858,2025-09-06,Electronics,Phone,5,24335,0,121675,228,21901.5,143804.5,UPI,Processing,Standard
7698031,196515,2025-02-26,Home,Mixer,5,9042,5,45210,360,7730.91,51040.41,Card,Delivered,Standard
7654019,386497,2025-04-29,Home,Chair,4,44472,15,177888,406,27216.86,178827.66,COD,Shipped,Express
2677205,496652,2025-03-11,Electronics,Laptop,2,11638,0,23276,173,4189.68,27638.68,Card,Delivered,Express
2750782,882431,2025-04-29,Electronics,Phone,3,2756,0,8268,33,1488.24,9789.24,COD,Processing,Standard
7119166,423516,2024-06-16,Electronics,Laptop,5,6265,15,31325,179,4792.72,31597.97,UPI,Processing,Express
6924210,292122,2024-08-26,Fashion,Shirt,2,4083,10,8166,436,1322.89,9108.29,COD,Delivered,Express
6890572,679147,2025-02-02,Home,Chair,1,44043,5,44043,84,7531.35,49456.2,COD,Shipped,Express
7647665,552209,2024-09-02,Electronics,Phone,1,35331,0,35331,213,6359.58,41903.58,COD,Shipped,Express
8996493,115254,2024-06-16,Fashion,Shirt,2,27287,10,54574,265,8840.99,58222.59,UPI,Shipped,Standard
9169982,196515,2025-01-20,Fashion,Shoes,1,29356,0,29356,289,5284.08,34929.08,COD,Returned,Standard
4454667,547390,2024-12-13,Fashion,Shoes,5,49929,0,249645,220,44936.1,294801.1,Card,Returned,Express
4614091,864831,2025-03-09,Fashion,Shirt,2,36019,5,72038,357,12318.5,81111.6,COD,Returned,Express
3365598,395018,2025-10-31,Fashion,Shoes,4,3575,0,14300,104,2574.0,16978.0,UPI,Returned,Standard
4473381,715941,2025-05-04,Electronics,Phone,5,16135,10,80675,212,13069.35,85888.85,Card,Returned,Express
2944181,994737,2024-11-08,Home,Chair,2,20913,5,41826,360,7152.25,47246.95,Card,Delivered,Express
1232770,414117,2025-03-07,Fashion,Shirt,2,37755,5,75510,400,12912.21,85046.71,Card,Delivered,Standard
4089961,934879,2024-12-26,Home,Chair,1,42868,15,42868,69,6558.8,43065.6,Card,Delivered,Standard
9170383,837035,2025-07-13,Electronics,Laptop,1,49893,10,49893,326,8082.67,53312.37,Card,Returned,Express
6767061,332460,2024-03-16,Fashion,Shirt,2,33727,10,67454,203,10927.55,71839.15,Card,Returned,Standard
5224394,245001,2025-05-16,Home,Mixer,3,13978,5,41934,119,7170.71,47127.01,UPI,Delivered,Express
6216239,131011,2024-04-30,Fashion,Shirt,1,6888,15,6888,122,1053.86,7030.66,UPI,Processing,Standard
2500291,320153,2024-08-29,Electronics,Laptop,3,11976,10,35928,290,5820.34,38445.54,Card,Shipped,Express
4524482,149744,2024-02-25,Fashion,Shirt,4,37891,0,151564,137,27281.52,178982.52,UPI,Delivered,Express
3364468,898035,2025-03-19,Electronics,Phone,5,37410,0,187050,439,33669.0,221158.0,Card,Shipped,Express
5240401,367695,2025-10-01,Fashion,Shoes,4,41029,10,164116,308,26586.79,174599.19,COD,Processing,Standard
5000929,136202,2025-10-13,Home,Chair,4,906,5,3624,303,619.7,4365.5,Card,Processing,Standard
2606198,532271,2025-07-01,Electronics,Laptop,1,21309,15,21309,198,3260.28,21570.93,COD,Returned,Standard
6017193,319094,2025-06-16,Electronics,Phone,4,45724,0,182896,32,32921.28,215849.28,COD,Delivered,Standard
9773683,436305,2024-03-24,Home,Mixer,4,4430,5,17720,481,3030.12,20345.12,Card,Returned,Standard
7985328,744675,2024-07-10,Electronics,Laptop,1,28786,0,28786,428,5181.48,34395.48,Card,Processing,Standard
6401196,542621,2024-01-28,Electronics,Phone,3,41195,10,123585,156,20020.77,131403.27,UPI,Delivered,Standard
6983807,467224,2025-01-20,Home,Mixer,1,17905,0,17905,264,3222.9,21391.9,Card,Processing,Express
3602605,688626,2024-06-07,Electronics,Phone,2,16048,10,32096,85,5199.55,34170.95,UPI,Returned,Standard
9788187,495520,2025-02-13,Electronics,Phone,4,3903,0,15612,30,2810.16,18452.16,Card,Returned,Standard
8704167,408306,2024-02-23,Electronics,Laptop,4,26426,0,105704,303,19026.72,125033.72,Card,Processing,Express
9480551,209496,2024-07-05,Home,Mixer,5,8718,15,43590,388,6669.27,44108.77,COD,Delivered,Standard
4821433,514080,2024-08-02,Electronics,Laptop,5,20579,0,102895,478,18521.1,121894.1,COD,Returned,Express
6248068,698321,2025-01-13,Fashion,Shirt,1,25022,15,25022,391,3828.37,25488.07,COD,Shipped,Standard
4481103,815208,2025-01-30,Home,Mixer,5,43356,10,216780,322,35118.36,230542.36,COD,Returned,Express
6515283,390647,2025-07-20,Electronics,Laptop,1,7074,10,7074,38,1145.99,7550.59,UPI,Returned,Standard
3153066,807249,2024-12-20,Electronics,Laptop,1,3254,10,3254,427,527.15,3882.75,COD,Shipped,Express
3308155,677795,2024-07-23,Fashion,Shoes,3,9138,5,27414,399,4687.79,31130.09,COD,Returned,Express
7631031,791236,2024-10-12,Home,Chair,4,33872,15,135488,18,20729.66,135912.46,Card,Returned,Express
5727092,750152,2025-05-31,Home,Mixer,5,27875,15,139375,294,21324.38,140087.12,Card,Returned,Express
1621137,882431,2024-11-29,Electronics,Phone,4,41612,10,166448,194,26964.58,176961.78,Card,Shipped,Express
1491694,276312,2025-09-23,Fashion,Shirt,4,43375,0,173500,297,31230.0,205027.0,UPI,Delivered,Standard
1576343,276783,2024-01-18,Electronics,Laptop,4,7565,15,30260,42,4629.78,30392.78,Card,Returned,Standard
7824286,677004,2025-04-02,Home,Chair,5,31057,15,155285,451,23758.6,156201.86,COD,Delivered,Standard
7156607,861111,2025-03-22,Electronics,Phone,5,27768,0,138840,359,24991.2,164190.2,COD,Shipped,Standard
1715428,328189,2025-11-01,Home,Mixer,3,37657,10,112971,481,18301.3,120456.2,COD,Processing,Standard
9414033,967977,2024-09-03,Electronics,Phone,5,2456,10,12280,216,1989.36,13257.36,UPI,Processing,Express
8739123,365770,2024-11-16,Electronics,Phone,2,40400,5,80800,229,13816.8,90805.8,Card,Delivered,Standard
8645973,339874,2024-10-30,Fashion,Shoes,3,21658,5,64974,275,11110.55,73110.85,UPI,Returned,Express
9458738,261669,2024-04-07,Fashion,Shoes,2,44222,0,88444,400,15919.92,104763.92,COD,Processing,Standard
5965154,581929,2025-09-30,Electronics,Laptop,3,48536,10,145608,352,23588.5,154987.7,UPI,Delivered,Express
7700529,677944,2024-01-16,Fashion,Shirt,3,28823,0,86469,3,15564.42,102036.42,UPI,Processing,Express
6544760,873273,2025-10-23,Electronics,Laptop,5,30154,5,150770,412,25781.67,169425.17,COD,Processing,Express
5249522,687629,2024-06-23,Electronics,Phone,1,47341,15,47341,453,7243.17,47936.02,Card,Shipped,Express
9170186,836756,2024-11-18,Home,Mixer,2,11113,10,22226,418,3600.61,24022.01,COD,Shipped,Express
2340558,658388,2025-08-04,Fashion,Shirt,4,30955,10,123820,272,20058.84,131768.84,Card,Returned,Express
1336848,636484,2024-10-04,Electronics,Phone,1,5331,10,5331,402,863.62,6063.52,UPI,Returned,Express
3509823,441149,2025-02-10,Home,Mixer,1,27289,15,27289,10,4175.22,27380.87,COD,Shipped,Standard
6300610,104063,2024-10-31,Fashion,Shoes,5,28997,15,144985,258,22182.7,145677.95,UPI,Returned,Standard
2085102,462493,2024-11-24,Electronics,Phone,1,4036,10,4036,488,653.83,4774.23,Card,Returned,Express
7038677,851989,2025-03-22,Electronics,Phone,2,3294,0,6588,8,1185.84,7781.84,COD,Returned,Express
1917376,104203,2024-10-06,Home,Mixer,5,31021,10,155105,77,25127.01,164798.51,Card,Processing,Express
2016160,725549,2025-01-12,Home,Mixer,3,18877,5,56631,96,9683.9,63579.35,UPI,Processing,Standard
7433933,297050,2025-05-08,Electronics,Laptop,5,4407,15,22035,141,3371.36,22242.1,UPI,Shipped,Express
6401979,409909,2025-10-18,Home,Chair,3,8289,0,24867,165,4476.06,29508.06,UPI,Processing,Express
4622178,203835,2024-04-06,Electronics,Laptop,1,48208,15,48208,192,7375.82,48544.62,Card,Shipped,Express
3330508,619501,2025-09-01,Home,Chair,4,33376,15,133504,294,20426.11,134198.51,COD,Shipped,Express
8189041,386497,2025-08-30,Home,Mixer,3,16759,5,50277,19,8597.37,56379.52,Card,Returned,Express
4921039,929518,2024-10-05,Home,Chair,1,8852,15,8852,317,1354.36,9195.56,UPI,Processing,Express
5754225,293577,2025-04-06,Electronics,Laptop,1,3824,5,3824,328,653.9,4614.7,COD,Delivered,Standard
6715657,132304,2024-10-17,Electronics,Laptop,1,24634,0,24634,64,4434.12,29132.12,Card,Returned,Standard
1081498,288289,2025-01-20,Electronics,Phone,3,49760,5,149280,277,25526.88,167619.88,Card,Processing,Express
4773360,986534,2025-04-24,Electronics,Phone,5,22070,0,110350,124,19863.0,130337.0,Card,Delivered,Standard
4569215,419605,2024-10-15,Home,Mixer,1,33941,15,33941,113,5192.97,34155.82,UPI,Returned,Standard
5446653,986066,2025-05-28,Electronics,Phone,4,45671,15,182684,287,27950.65,183519.05,UPI,Returned,Standard
7785854,268010,2025-05-10,Fashion,Shoes,5,1545,10,7725,4,1251.45,8207.95,UPI,Shipped,Express
6045425,272803,2025-03-03,Fashion,Shoes,1,48768,5,48768,102,8339.33,54770.93,COD,Processing,Standard
8893097,317932,2024-03-09,Electronics,Laptop,2,15000,0,30000,12,5400.0,35412.0,COD,Shipped,Standard
7803171,498700,2024-01-01,Electronics,Phone,1,4260,15,4260,248,651.78,4520.78,COD,Returned,Standard
9180963,410454,2024-12-30,Fashion,Shoes,3,14426,0,43278,243,7790.04,51311.04,COD,Shipped,Express
8820278,851989,2025-04-15,Fashion,Shirt,4,6425,15,25700,461,3932.1,26238.1,Card,Delivered,Standard
5427557,431422,2024-09-27,Electronics,Phone,1,4846,0,4846,60,872.28,5778.28,COD,Returned,Express
1283584,229230,2024-09-13,Electronics,Laptop,3,19421,0,58263,381,10487.34,69131.34,COD,Processing,Express
8824121,364616,2025-02-19,Fashion,Shirt,3,35771,10,107313,174,17384.71,114140.41,Card,Shipped,Standard
8523921,371671,2024-09-24,Fashion,Shoes,3,45901,0,137703,62,24786.54,162551.54,Card,Shipped,Express
8632062,308540,2025-06-26,Home,Mixer,2,24091,5,48182,292,8239.12,54304.02,COD,Delivered,Express
9855959,747817,2024-03-25,Fashion,Shoes,4,7988,15,31952,89,4888.66,32136.86,UPI,Shipped,Express
8147344,660248,2024-06-29,Home,Chair,3,32038,10,96114,141,15570.47,102214.07,COD,Returned,Standard
4657253,941235,2025-08-17,Fashion,Shoes,2,17165,10,34330,424,5561.46,36882.46,Card,Processing,Standard
7142203,927036,2024-11-03,Electronics,Laptop,2,6716,15,13432,217,2055.1,13689.3,UPI,Returned,Standard
8338101,221171,2024-03-16,Home,Mixer,3,36431,0,109293,344,19672.74,129309.74,COD,Shipped,Express
3853323,654061,2025-12-01,Electronics,Phone,5,26644,5,133220,299,22780.62,149638.62,Card,Shipped,Standard
3924565,219737,2024-03-11,Fashion,Shoes,4,15632,15,62528,325,9566.78,63040.58,UPI,Delivered,Express
8669748,397962,2025-03-14,Fashion,Shoes,5,15683,0,78415,316,14114.7,92845.7,COD,Delivered,Standard
6938597,271650,2024-01-01,Electronics,Phone,3,49678,10,149034,11,24143.51,158285.11,COD,Delivered,Express
9719660,959217,2024-02-08,Fashion,Shoes,5,11158,5,55790,493,9540.09,63033.59,Card,Returned,Express
1386289,677509,2025-01-31,Fashion,Shirt,4,27332,5,109328,157,18695.09,122713.69,UPI,Shipped,Standard
4609822,361681,2024-04-06,Home,Chair,1,9179,10,9179,358,1487.0,10106.1,Card,Delivered,Standard
2860308,109652,2025-12-13,Electronics,Phone,3,13274,5,39822,446,6809.56,45086.46,COD,Delivered,Express
7267797,559608,2025-06-03,Home,Mixer,1,39611,0,39611,169,7129.98,46909.98,UPI,Processing,Standard
1675751,663601,2024-01-12,Home,Chair,1,31913,0,31913,235,5744.34,37892.34,COD,Delivered,Standard
8527736,560284,2024-01-11,Fashion,Shirt,3,21585,0,64755,168,11655.9,76578.9,Card,Shipped,Standard
2092826,708129,2024-04-10,Electronics,Laptop,4,2837,5,11348,291,1940.51,13012.11,UPI,Returned,Standard
6458012,900875,2025-12-10,Home,Chair,1,43149,15,43149,113,6601.8,43391.45,COD,Delivered,Standard
2627150,426249,2025-04-05,Home,Chair,1,571,15,571,137,87.36,709.71,UPI,Delivered,Express
2527561,460527,2025-03-22,Fashion,Shoes,1,32589,10,32589,455,5279.42,35064.52,Card,Shipped,Standard
9714709,315413,2024-12-23,Fashion,Shirt,5,7843,15,39215,45,5999.89,39377.64,UPI,Delivered,Express
7130205,741090,2024-06-10,Home,Chair,1,30892,15,30892,61,4726.48,31045.68,COD,Returned,Standard
4835523,646243,2024-03-09,Electronics,Laptop,5,34479,5,172395,126,29479.54,193380.79,UPI,Processing,Express
2520677,502628,2024-05-17,Electronics,Phone,3,293,0,879,154,158.22,1191.22,Card,Processing,Standard
6581929,874075,2025-11-16,Fashion,Shirt,5,49238,10,246190,275,39882.78,261728.78,UPI,Processing,Standard
3164458,426370,2025-02-17,Electronics,Phone,3,29648,5,88944,415,15209.42,100121.22,Card,Returned,Standard
5081759,895460,2025-09-02,Home,Mixer,5,6375,15,31875,259,4876.88,32229.62,COD,Delivered,Standard
6897668,276312,2024-10-05,Home,Mixer,4,20323,0,81292,444,14632.56,96368.56,Card,Shipped,Standard
4933027,664196,2024-05-04,Electronics,Laptop,5,31421,15,157105,111,24037.06,157687.32,Card,Shipped,Express
5488155,667712,2024-12-14,Fashion,Shirt,3,42953,5,128859,157,22034.89,144607.94,COD,Processing,Express
5113429,139758,2025-06-20,Home,Chair,5,3294,0,16470,259,2964.6,19693.6,UPI,Processing,Express
9548590,927036,2025-01-28,Home,Mixer,5,27963,15,139815,309,21391.69,140543.45,UPI,Delivered,Express
7555257,426370,2025-03-18,Home,Mixer,5,11354,5,56770,150,9707.67,63789.17,UPI,Returned,Standard
1613410,265566,2024-10-19,Fashion,Shoes,1,27961,10,27961,74,4529.68,29768.58,COD,Processing,Standard
1241958,975909,2025-06-23,Home,Chair,3,19967,10,59901,275,9703.96,63889.86,COD,Shipped,Express
5362905,180159,2025-04-02,Electronics,Phone,1,15851,5,15851,163,2710.52,17931.97,UPI,Shipped,Express
5698244,568080,2025-05-14,Home,Chair,3,6561,10,19683,257,3188.65,21160.35,Card,Delivered,Standard
9362949,999192,2025-06-28,Home,Mixer,5,16690,0,83450,58,15021.0,98529.0,Card,Returned,Express
2951430,766246,2024-04-27,Fashion,Shirt,1,13508,10,13508,398,2188.3,14743.5,UPI,Shipped,Standard
9160516,502327,2025-08-30,Fashion,Shoes,1,2247,0,2247,186,404.46,2837.46,Card,Processing,Express
7911629,205837,2025-11-06,Home,Chair,3,35385,10,106155,233,17197.11,112969.61,UPI,Processing,Standard
5694980,807217,2024-05-10,Fashion,Shoes,5,8904,15,44520,154,6811.56,44807.56,Card,Shipped,Standard
2623577,743486,2024-08-21,Fashion,Shirt,1,39411,10,39411,97,6384.58,41951.48,UPI,Returned,Standard
2035430,866951,2024-04-10,Home,Chair,3,32392,0,97176,158,17491.68,114825.68,COD,Delivered,Standard
6770880,571217,2024-07-21,Fashion,Shirt,4,49454,10,197816,195,32046.19,210275.59,UPI,Delivered,Standard
9186638,322436,2024-05-31,Home,Chair,4,47770,10,191080,337,30954.96,203263.96,UPI,Delivered,Express
7163501,175840,2024-12-23,Fashion,Shirt,5,2485,5,12425,209,2124.67,14137.42,COD,Delivered,Standard
5435417,344873,2024-09-15,Fashion,Shoes,4,10411,15,41644,345,6371.53,42113.93,COD,Shipped,Express
4365051,642022,2025-10-26,Electronics,Phone,2,19199,10,38398,446,6220.48,41224.68,COD,Processing,Express
8188934,863762,2025-07-05,Electronics,Laptop,3,11707,0,35121,226,6321.78,41668.78,COD,Processing,Standard
7421085,683484,2025-02-21,Electronics,Laptop,2,18602,0,37204,216,6696.72,44116.72,COD,Processing,Standard
3850173,352696,2024-02-04,Home,Mixer,4,41681,15,166724,433,25508.77,167657.17,COD,Returned,Standard
7186274,224976,2025-07-17,Home,Mixer,4,37705,15,150820,401,23075.46,151673.46,COD,Delivered,Express
2171660,987302,2025-06-17,Fashion,Shirt,1,12360,5,12360,280,2113.56,14135.56,Card,Returned,Express
8471035,866951,2025-11-10,Electronics,Laptop,1,20495,0,20495,203,3689.1,24387.1,UPI,Shipped,Standard
5729746,394426,2025-01-06,Fashion,Shoes,5,15673,15,78365,419,11989.84,79019.1,COD,Processing,Express
8881240,679147,2025-12-31,Home,Chair,4,10102,5,40408,311,6909.77,45608.37,COD,Returned,Standard
7176846,608480,2025-11-25,Electronics,Laptop,2,7290,15,14580,299,2230.74,14922.74,Card,Processing,Express
4389665,431422,2024-01-26,Fashion,Shoes,1,5985,5,5985,25,1023.43,6734.18,COD,Returned,Express
6536978,358349,2025-10-16,Home,Chair,3,275,15,825,17,126.22,844.48,COD,Delivered,Express
7454468,952860,2025-05-18,Electronics,Laptop,2,27068,5,54136,359,9257.26,61045.46,COD,Returned,Standard
7189807,354531,2025-06-20,Home,Mixer,3,30770,15,92310,129,14123.43,92715.93,Card,Delivered,Standard
3858616,100885,2024-02-04,Home,Chair,5,49367,10,246835,471,39987.27,262609.77,UPI,Delivered,Express
8470199,205954,2025-11-08,Home,Chair,2,47310,0,94620,188,17031.6,111839.6,Card,Delivered,Standard
7075922,441149,2024-08-22,Home,Mixer,5,44445,10,222225,276,36000.45,236278.95,COD,Returned,Standard
5206589,868360,2024-09-08,Home,Chair,4,39362,10,157448,47,25506.58,167256.78,COD,Delivered,Standard
3144986,174361,2025-08-27,Electronics,Phone,1,48756,10,48756,47,7898.47,51825.87,Card,Shipped,Express
4713882,432835,2025-02-20,Home,Chair,3,48084,15,144252,268,22070.56,144952.76,UPI,Returned,Standard
3676359,667712,2025-02-02,Home,Mixer,2,27744,0,55488,458,9987.84,65933.84,Card,Delivered,Express
6575939,625231,2024-09-18,Home,Mixer,4,15976,15,63904,49,9777.31,64144.71,COD,Processing,Standard
1038073,313819,2024-08-17,Fashion,Shoes,2,6597,15,13194,109,2018.68,13342.58,Card,Shipped,Express
3083738,798307,2024-09-25,Fashion,Shirt,3,29945,15,89835,467,13744.75,90571.51,UPI,Processing,Standard
3329247,125323,2025-06-11,Electronics,Laptop,1,6171,15,6171,342,944.16,6531.51,Card,Returned,Standard
4373724,436305,2024-03-20,Home,Mixer,1,41589,15,41589,204,6363.12,41917.77,UPI,Processing,Standard
3205389,437643,2025-11-20,Fashion,Shirt,1,47977,10,47977,292,7772.27,51243.57,Card,Returned,Express
9495975,575329,2024-02-11,Fashion,Shirt,4,15716,0,62864,275,11315.52,74454.52,COD,Processing,Express
1837433,578001,2025-09-21,Electronics,Phone,4,21127,10,84508,474,13690.3,90221.5,COD,Delivered,Express
7406470,819830,2024-04-21,Home,Chair,1,20187,5,20187,468,3451.98,23097.63,COD,Delivered,Express
3355680,930665,2025-02-16,Electronics,Phone,2,17577,10,35154,195,5694.95,37528.55,COD,Shipped,Express
3173372,437643,2025-05-31,Fashion,Shoes,2,37840,15,75680,190,11579.04,76097.04,COD,Shipped,Standard
6698825,196136,2025-07-21,Fashion,Shoes,4,41019,0,164076,489,29533.68,194098.68,COD,Processing,Standard
8925941,516615,2024-09-11,Electronics,Phone,2,9260,0,18520,363,3333.6,22216.6,UPI,Delivered,Express
8796009,826198,2024-12-03,Fashion,Shirt,5,2997,5,14985,7,2562.43,16805.19,Card,Delivered,Standard
2610574,687954,2024-05-14,Home,Mixer,4,1990,10,7960,74,1289.52,8527.52,UPI,Delivered,Express
1263968,110398,2024-04-10,Electronics,Phone,1,1216,15,1216,72,186.05,1291.65,Card,Delivered,Standard
7524611,286808,2024-08-30,Electronics,Laptop,4,44872,15,179488,101,27461.66,180127.46,Card,Delivered,Standard
3454916,905255,2025-02-15,Home,Mixer,5,30428,5,152140,58,26015.94,170606.94,UPI,Shipped,Standard
7359620,791763,2025-04-17,Fashion,Shirt,4,37403,0,149612,240,26930.16,176782.16,UPI,Shipped,Express
2446378,669298,2025-06-05,Home,Mixer,1,19804,15,19804,477,3030.01,20340.41,Card,Delivered,Express
3236576,100885,2025-08-03,Home,Chair,1,7536,10,7536,247,1220.83,8250.23,UPI,Returned,Standard
2431511,205837,2024-08-11,Home,Chair,2,21235,0,42470,483,7644.6,50597.6,UPI,Returned,Standard
9544285,740980,2025-12-08,Fashion,Shoes,2,7684,5,15368,451,2627.93,17678.53,UPI,Processing,Standard
5364885,783682,2024-07-09,Electronics,Laptop,5,45375,15,226875,495,34711.88,228050.62,COD,Processing,Express
5974531,558405,2024-02-19,Electronics,Phone,4,2791,10,11164,122,1808.57,11978.17,COD,Delivered,Standard
3536484,141038,2025-05-21,Fashion,Shoes,4,28373,15,113492,226,17364.28,114058.48,UPI,Shipped,Express
6600287,874075,2025-10-09,Fashion,Shoes,1,8862,5,8862,436,1515.4,10370.3,UPI,Shipped,Express
2687099,207192,2024-02-11,Fashion,Shirt,2,4228,15,8456,256,1293.77,8737.37,UPI,Delivered,Standard
8433881,412349,2024-08-24,Home,Mixer,4,40359,0,161436,209,29058.48,190703.48,Card,Delivered,Standard
2437321,591608,2024-10-12,Electronics,Laptop,1,33130,5,33130,383,5665.23,37521.73,Card,Shipped,Standard
9541665,420468,2025-01-01,Fashion,Shoes,4,30570,10,122280,445,19809.36,130306.36,COD,Shipped,Express
1205680,422249,2024-05-23,Home,Chair,2,45917,10,91834,458,14877.11,97985.71,Card,Delivered,Express
4240802,489665,2025-01-11,Electronics,Phone,5,19713,0,98565,406,17741.7,116712.7,Card,Shipped,Express
9808786,489665,2024-04-01,Home,Chair,4,41503,10,166012,345,26893.94,176649.74,Card,Delivered,Standard
7035683,306948,2024-06-30,Fashion,Shoes,3,42298,15,126894,139,19414.78,127413.68,COD,Processing,Standard
8372586,807686,2024-04-18,Electronics,Phone,1,45833,10,45833,121,7424.95,48795.65,Card,Shipped,Standard
2920643,988598,2024-10-21,Home,Mixer,1,19206,5,19206,38,3284.23,21567.93,UPI,Delivered,Express
4166260,697982,2024-12-04,Fashion,Shirt,5,39921,10,199605,470,32336.01,212450.51,UPI,Delivered,Standard
1288009,263346,2025-10-12,Home,Chair,1,28671,5,28671,384,4902.74,32524.19,COD,Delivered,Standard
1412662,942410,2025-11-07,Fashion,Shirt,2,10484,5,20968,108,3585.53,23613.13,Card,Processing,Standard
2752515,295887,2025-11-02,Home,Mixer,3,32591,15,97773,225,14959.27,98291.32,Card,Shipped,Express
6113138,308540,2025-06-09,Electronics,Phone,4,9693,5,38772,82,6630.01,43545.41,UPI,Delivered,Standard
1359423,571217,2024-08-07,Fashion,Shoes,5,33148,15,165740,289,25358.22,166526.22,Card,Delivered,Standard
7992098,849547,2025-09-10,Home,Mixer,1,38668,0,38668,326,6960.24,45954.24,UPI,Returned,Standard
3893609,218589,2024-02-24,Fashion,Shirt,2,21376,10,42752,72,6925.82,45474.62,COD,Returned,Standard
5390312,691472,2025-09-02,Electronics,Phone,5,19090,5,95450,461,16321.95,107460.45,Card,Delivered,Express
3952817,725549,2025-11-17,Fashion,Shirt,4,46967,15,187868,341,28743.8,188772.6,Card,Processing,Standard
1784076,464885,2024-03-31,Fashion,Shoes,1,7869,15,7869,278,1203.96,8170.61,Card,Processing,Express
1385773,899308,2024-05-26,Home,Mixer,2,28180,0,56360,393,10144.8,66897.8,Card,Processing,Express
4171144,553789,2025-10-26,Fashion,Shoes,4,40514,5,162056,331,27711.58,181995.78,Card,Shipped,Standard
4154647,552209,2024-07-17,Electronics,Phone,2,16389,0,32778,42,5900.04,38720.04,COD,Delivered,Standard
3901470,319247,2024-09-28,Home,Mixer,4,47601,0,190404,49,34272.72,224725.72,COD,Delivered,Standard
3027746,583238,2024-01-12,Fashion,Shirt,1,34128,10,34128,194,5528.74,36437.94,Card,Shipped,Express
7030014,613480,2025-11-18,Electronics,Laptop,3,15841,15,47523,367,7271.02,48032.57,UPI,Shipped,Standard
1806916,435317,2024-09-17,Electronics,Phone,3,47083,10,141249,445,22882.34,150451.44,UPI,Shipped,Standard
6179130,261669,2024-11-17,Home,Mixer,3,27107,5,81321,172,13905.89,91332.84,Card,Returned,Standard
2853963,766234,2025-06-26,Home,Chair,1,20981,0,20981,431,3776.58,25188.58,Card,Processing,Express
3808715,630903,2025-11-05,Electronics,Laptop,4,935,10,3740,43,605.88,4014.88,UPI,Processing,Standard
4630623,542611,2024-09-04,Electronics,Phone,5,20678,5,103390,369,17679.69,116269.19,Card,Delivered,Standard
1001927,580005,2025-01-06,Electronics,Laptop,5,2625,10,13125,440,2126.25,14378.75,COD,Returned,Express
1847043,338473,2024-06-25,Electronics,Phone,5,49763,10,248815,81,40308.03,264322.53,Card,Shipped,Standard
4918307,636484,2024-10-13,Fashion,Shirt,5,35741,15,178705,235,27341.86,179476.11,Card,Processing,Express
3879023,779689,2025-10-11,Fashion,Shirt,1,27697,5,27697,385,4736.19,31433.34,Card,Shipped,Standard
8076614,240891,2025-10-24,Fashion,Shoes,4,30003,10,120012,203,19441.94,127655.74,UPI,Delivered,Express
4927721,517120,2025-02-03,Electronics,Laptop,2,29468,10,58936,431,9547.63,63021.03,UPI,Shipped,Standard
3369413,448856,2024-08-24,Electronics,Phone,4,17624,5,70496,339,12054.82,79365.02,COD,Returned,Standard
1081924,826198,2024-04-06,Electronics,Phone,2,49390,0,98780,332,17780.4,116892.4,COD,Returned,Standard
9578629,367692,2024-07-28,Home,Chair,3,31851,15,95553,348,14619.61,96187.66,Card,Delivered,Express
8839590,223646,2025-03-21,Home,Mixer,2,44213,10,88426,277,14325.01,94185.41,Card,Delivered,Express
9252320,495520,2024-08-31,Home,Mixer,2,20775,0,41550,32,7479.0,49061.0,COD,Delivered,Standard
1530042,819830,2024-01-12,Electronics,Laptop,2,32062,5,64124,246,10965.2,72129.0,Card,Delivered,Standard
3475161,394426,2025-04-08,Electronics,Phone,1,45848,5,45848,266,7840.01,51661.61,COD,Processing,Standard
9363302,371699,2024-05-22,Electronics,Phone,3,37737,10,113211,258,18340.18,120488.08,Card,Returned,Standard
5277593,571696,2025-01-05,Fashion,Shoes,5,41346,0,206730,89,37211.4,244030.4,Card,Processing,Express
8792337,723460,2024-02-27,Electronics,Laptop,5,25468,0,127340,395,22921.2,150656.2,Card,Shipped,Standard
6971379,317699,2024-01-26,Electronics,Phone,5,27223,15,136115,16,20825.59,136539.35,UPI,Shipped,Standard
6674153,633592,2024-01-21,Home,Chair,5,278,10,1390,392,225.18,1868.18,Card,Returned,Express
8770411,575329,2025-07-16,Home,Chair,5,37675,0,188375,48,33907.5,222330.5,COD,Shipped,Express
7987058,636484,2025-10-22,Fashion,Shirt,1,41242,5,41242,496,7052.38,46728.28,UPI,Returned,Standard
4962343,115254,2024-10-25,Electronics,Laptop,4,46218,0,184872,24,33276.96,218172.96,Card,Shipped,Standard
7261527,925244,2025-04-11,Fashion,Shoes,1,8297,15,8297,73,1269.44,8394.89,Card,Delivered,Express
8817241,111016,2024-06-12,Fashion,Shoes,3,5578,10,16734,495,2710.91,18266.51,COD,Delivered,Standard
9043920,567317,2024-09-30,Electronics,Laptop,4,45782,10,183128,13,29666.74,194494.94,Card,Processing,Standard
9291422,766246,2024-01-24,Fashion,Shirt,1,20496,15,20496,262,3135.89,20819.49,COD,Shipped,Express
1110176,512719,2025-03-29,Home,Mixer,5,25877,0,129385,285,23289.3,152959.3,UPI,Delivered,Standard
4148089,457456,2024-03-17,Home,Chair,5,29087,15,145435,16,22251.56,145887.3,COD,Shipped,Express
6577269,988627,2024-06-19,Home,Mixer,4,15118,10,60472,140,9796.46,64361.26,UPI,Delivered,Standard
4214894,443137,2025-10-26,Home,Chair,3,12847,10,38541,403,6243.64,41333.54,Card,Returned,Standard
2679012,421686,2025-05-18,Fashion,Shoes,5,10501,15,52505,293,8033.26,52955.51,Card,Processing,Express
6618884,616267,2024-07-23,Electronics,Phone,1,48285,15,48285,259,7387.6,48688.85,Card,Delivered,Standard
8820507,431422,2024-03-06,Fashion,Shirt,4,11500,0,46000,406,8280.0,54686.0,COD,Returned,Standard
1755185,461153,2025-09-06,Home,Mixer,3,9560,5,28680,372,4904.28,32522.28,Card,Processing,Express
4130915,505334,2025-07-25,Electronics,Phone,2,1233,0,2466,162,443.88,3071.88,COD,Returned,Express
5384019,407746,2025-05-26,Fashion,Shoes,4,44097,15,176388,167,26987.36,177084.16,UPI,Returned,Express
5077534,371671,2024-11-14,Fashion,Shirt,3,25182,15,75546,324,11558.54,76096.64,COD,Shipped,Standard
8513884,667911,2025-10-04,Electronics,Phone,1,20079,15,20079,205,3072.09,20344.24,UPI,Returned,Express
8255093,187277,2025-06-23,Electronics,Phone,3,7970,10,23910,157,3873.42,25549.42,Card,Processing,Standard
3146677,101661,2024-02-01,Fashion,Shoes,5,48838,5,244190,121,41756.49,273857.99,UPI,Shipped,Standard
3886933,802977,2024-06-15,Electronics,Phone,5,46734,0,233670,498,42060.6,276228.6,Card,Processing,Standard
1664008,185714,2025-06-23,Home,Mixer,5,14849,15,74245,236,11359.48,74703.74,UPI,Returned,Standard
9559296,931239,2024-06-28,Fashion,Shoes,4,20859,5,83436,209,14267.56,93740.76,UPI,Shipped,Express
6249016,351273,2024-09-11,Home,Chair,5,48402,15,242010,94,37027.53,242830.03,UPI,Returned,Express
9107697,219446,2024-07-31,Fashion,Shirt,1,46536,15,46536,421,7120.01,47096.61,Card,Delivered,Standard
6000275,229919,2024-03-05,Electronics,Laptop,2,18681,0,37362,137,6725.16,44224.16,UPI,Shipped,Standard
5274476,277937,2025-04-28,Fashion,Shirt,1,36810,0,36810,479,6625.8,43914.8,Card,Processing,Express
5654924,154665,2024-01-07,Home,Mixer,3,25745,5,77235,301,13207.18,86881.43,Card,Processing,Express
9878180,583238,2024-01-19,Home,Chair,1,44039,5,44039,60,7530.67,49427.72,Card,Delivered,Standard
9404437,667712,2024-09-20,Electronics,Laptop,4,775,5,3100,444,530.1,3919.1,COD,Returned,Standard
7324073,524101,2025-01-10,Electronics,Laptop,5,2221,5,11105,467,1898.95,12915.7,COD,Processing,Standard
5105506,780357,2024-12-19,Fashion,Shirt,4,1991,5,7964,344,1361.84,9271.64,UPI,Processing,Standard
9758980,960912,2025-12-24,Electronics,Phone,3,12328,15,36984,324,5658.55,37418.95,Card,Delivered,Standard
4757025,176748,2025-06-01,Electronics,Phone,5,2616,5,13080,345,2236.68,15007.68,UPI,Delivered,Standard
6759784,174361,2024-10-07,Electronics,Laptop,1,26965,0,26965,300,4853.7,32118.7,Card,Shipped,Standard
6176336,838221,2024-06-11,Fashion,Shoes,4,27598,15,110392,246,16889.98,110969.18,COD,Shipped,Express
5640519,936016,2024-02-16,Home,Chair,1,45220,10,45220,127,7325.64,48150.64,Card,Processing,Standard
6349306,432765,2024-11-05,Home,Mixer,4,667,5,2668,366,456.23,3356.83,COD,Returned,Express
7387221,811118,2025-06-19,Fashion,Shirt,5,42825,15,214125,71,32761.12,214838.38,UPI,Delivered,Standard
5384524,276312,2025-05-24,Home,Chair,1,42191,10,42191,466,6834.94,45272.84,UPI,Shipped,Express
5077368,422249,2025-01-17,Home,Chair,4,9761,0,39044,217,7027.92,46288.92,UPI,Processing,Standard
2394902,674615,2024-07-28,Electronics,Phone,4,47231,5,188924,115,32306.0,211898.8,Card,Shipped,Standard
9321503,497252,2025-07-27,Electronics,Phone,1,1514,10,1514,95,245.27,1702.87,UPI,Delivered,Express
3778295,823092,2024-01-01,Home,Chair,3,38257,0,114771,385,20658.78,135814.78,UPI,Returned,Standard
7250897,905255,2024-10-29,Electronics,Phone,1,49664,10,49664,213,8045.57,52956.17,UPI,Returned,Express
3673281,364616,2024-01-06,Home,Chair,1,8539,15,8539,361,1306.47,8925.62,COD,Returned,Express
2369437,563800,2025-03-08,Fashion,Shoes,2,29595,0,59190,127,10654.2,69971.2,UPI,Delivered,Express
8412821,285819,2024-02-19,Fashion,Shirt,3,11294,5,33882,173,5793.82,38154.72,Card,Processing,Standard
9000666,407746,2025-08-22,Home,Mixer,5,36270,15,181350,395,27746.55,182289.05,UPI,Returned,Standard
7107948,510275,2025-02-24,Home,Chair,1,29145,0,29145,203,5246.1,34594.1,UPI,Shipped,Standard
6330743,919885,2024-08-06,Home,Chair,4,29326,15,117304,394,17947.51,118049.91,Card,Shipped,Standard
2256031,559411,2024-04-12,Fashion,Shirt,5,12324,10,61620,379,9982.44,65819.44,COD,Shipped,Standard
9686655,868360,2025-07-31,Home,Chair,1,23973,10,23973,364,3883.63,25823.33,UPI,Processing,Standard
4626478,495520,2024-11-26,Home,Chair,3,8879,0,26637,469,4794.66,31900.66,Card,Delivered,Express
4725172,887196,2024-02-27,Electronics,Laptop,3,21185,15,63555,420,9723.91,64165.67,UPI,Returned,Standard
3454047,437643,2024-01-31,Fashion,Shoes,2,26634,5,53268,311,9108.83,60024.43,UPI,Shipped,Standard
6955745,509008,2025-05-27,Home,Chair,5,31708,0,158540,366,28537.2,187443.2,UPI,Returned,Standard
6751970,286808,2025-03-03,Home,Mixer,3,32032,0,96096,177,17297.28,113570.28,UPI,Returned,Express
9665046,122056,2024-06-12,Electronics,Phone,3,28431,10,85293,310,13817.47,90891.17,UPI,Processing,Standard
9586487,149744,2025-06-03,Fashion,Shirt,4,20592,10,82368,142,13343.62,87616.82,COD,Returned,Standard
3878097,664196,2024-07-10,Home,Chair,2,10861,10,21722,168,3518.96,23236.76,Card,Shipped,Express
3782509,961457,2025-06-08,Electronics,Laptop,5,40833,10,204165,124,33074.73,216947.23,UPI,Returned,Standard
4211999,380521,2024-10-28,Home,Mixer,2,28146,15,56292,249,8612.68,56709.88,Card,Delivered,Express
4432027,426948,2024-03-24,Fashion,Shirt,5,16539,10,82695,268,13396.59,88090.09,COD,Returned,Express
4463232,431422,2025-08-29,Fashion,Shirt,5,27911,10,139555,116,22607.91,148323.41,COD,Shipped,Standard
1530887,596784,2025-06-11,Fashion,Shirt,2,40639,5,81278,499,13898.54,91611.64,COD,Shipped,Standard
7956499,665492,2024-12-06,Home,Chair,2,9164,5,18328,462,3134.09,21007.69,COD,Shipped,Express
4154626,175027,2024-11-17,Home,Chair,5,36766,15,183830,409,28125.99,184790.49,UPI,Delivered,Standard
8709551,838221,2024-01-12,Fashion,Shirt,5,33255,5,166275,461,28433.02,186855.27,COD,Processing,Express
7884166,857373,2024-07-04,Electronics,Phone,5,23281,0,116405,403,20952.9,137760.9,COD,Returned,Standard
6554167,332460,2024-11-12,Fashion,Shoes,5,45102,15,225510,92,34503.03,226278.53,Card,Returned,Express
1484477,611669,2024-11-24,Home,Mixer,1,8478,10,8478,209,1373.44,9212.64,UPI,Returned,Standard
6296735,362209,2025-07-11,Home,Mixer,2,31221,15,62442,68,9553.63,62697.33,UPI,Processing,Express
4005884,193758,2024-02-08,Home,Chair,4,48225,15,192900,78,29513.7,193556.7,COD,Shipped,Standard
3116125,675457,2024-09-17,Fashion,Shirt,1,18629,0,18629,253,3353.22,22235.22,Card,Returned,Express
4881918,868360,2024-02-28,Electronics,Phone,2,14901,0,29802,337,5364.36,35503.36,Card,Processing,Standard
8019741,700391,2025-12-27,Fashion,Shoes,2,24208,0,48416,286,8714.88,57416.88,COD,Returned,Standard
9170638,131011,2025-11-20,Home,Chair,1,10457,10,10457,156,1694.03,11261.33,Card,Delivered,Express
3905315,297050,2024-05-24,Home,Mixer,3,2571,0,7713,264,1388.34,9365.34,Card,Returned,Express
9541894,961457,2025-09-13,Fashion,Shirt,4,27929,5,111716,214,19103.44,125447.64,COD,Shipped,Standard
2982996,435317,2025-12-11,Fashion,Shoes,1,10472,5,10472,452,1790.71,12191.11,COD,Returned,Express
3089266,968129,2025-09-23,Electronics,Laptop,4,5299,10,21196,186,3433.75,22696.15,UPI,Processing,Express
2646050,467224,2024-12-07,Home,Mixer,4,37822,10,151288,122,24508.66,160789.86,Card,Shipped,Express
1270243,766234,2024-11-23,Home,Chair,4,43428,0,173712,473,31268.16,205453.16,Card,Shipped,Standard
8818670,502327,2024-12-14,Electronics,Phone,3,11044,0,33132,26,5963.76,39121.76,UPI,Delivered,Express
3991650,313819,2024-05-12,Electronics,Phone,3,26291,15,78873,348,12067.57,79457.62,UPI,Shipped,Express
2402698,903238,2025-02-21,Electronics,Phone,5,47740,5,238700,384,40817.7,267966.7,UPI,Delivered,Standard
2479654,801330,2024-09-19,Fashion,Shoes,2,22085,10,44170,333,7155.54,47241.54,UPI,Processing,Standard
3346759,674615,2024-07-25,Home,Mixer,3,6976,0,20928,435,3767.04,25130.04,Card,Processing,Standard
1216306,675457,2024-12-12,Electronics,Laptop,3,27801,15,83403,308,12760.66,83961.21,COD,Shipped,Standard
7848172,231788,2024-08-07,Electronics,Phone,1,39638,0,39638,58,7134.84,46830.84,UPI,Returned,Standard
5664698,961457,2024-01-26,Fashion,Shoes,4,39726,15,158904,115,24312.31,159495.71,UPI,Shipped,Standard
4196872,485989,2025-06-28,Home,Mixer,1,43936,5,43936,136,7513.06,49388.26,UPI,Shipped,Express
6792805,432651,2025-02-22,Home,Mixer,5,36215,5,181075,110,30963.82,203095.08,UPI,Delivered,Standard
8358609,141038,2024-04-26,Home,Chair,3,43725,10,131175,59,21250.35,139366.85,COD,Returned,Express
9203407,248413,2024-03-27,Electronics,Phone,5,20856,0,104280,497,18770.4,123547.4,COD,Processing,Express
8778233,791236,2024-07-23,Electronics,Laptop,2,17156,15,34312,40,5249.74,34454.94,UPI,Shipped,Express
9284413,697687,2024-07-10,Fashion,Shoes,3,18169,0,54507,3,9811.26,64321.26,Card,Processing,Express
8844199,371699,2024-10-14,Home,Mixer,5,8122,5,40610,357,6944.31,45880.81,Card,Shipped,Standard
5389813,807217,2024-05-20,Home,Mixer,4,37569,5,150276,330,25697.2,168789.4,COD,Delivered,Standard
2715281,915160,2024-03-25,Home,Chair,5,39700,5,198500,232,33943.5,222750.5,Card,Returned,Express
6646578,281248,2024-12-05,Electronics,Phone,2,17235,15,34470,281,5273.91,34854.41,COD,Delivered,Express
6711398,578001,2024-01-28,Fashion,Shoes,1,33371,10,33371,245,5406.1,35685.0,COD,Delivered,Express
2065101,992339,2025-11-24,Home,Mixer,4,29089,5,116356,447,19896.88,130882.08,Card,Returned,Standard
8660039,816730,2025-05-06,Fashion,Shirt,2,31360,15,62720,221,9596.16,63129.16,UPI,Processing,Express
7505424,354531,2025-06-15,Home,Chair,1,12561,0,12561,192,2260.98,15013.98,UPI,Delivered,Express
5703924,806649,2024-08-13,Electronics,Laptop,2,4044,15,8088,481,1237.46,8593.26,UPI,Delivered,Express
7615703,569659,2024-07-25,Home,Chair,2,36047,0,72094,88,12976.92,85158.92,COD,Delivered,Express
6563274,611554,2024-08-25,Fashion,Shoes,4,29757,0,119028,464,21425.04,140917.04,Card,Processing,Express
2142674,592117,2024-01-16,Electronics,Laptop,1,12527,10,12527,80,2029.37,13383.67,COD,Shipped,Standard
6072078,992645,2025-11-17,Fashion,Shoes,3,5888,0,17664,382,3179.52,21225.52,Card,Processing,Standard
3297396,213174,2025-06-04,Electronics,Phone,4,28119,0,112476,182,20245.68,132903.68,UPI,Delivered,Standard
5354162,681331,2024-01-29,Fashion,Shoes,2,2632,15,5264,127,805.39,5406.79,UPI,Processing,Express
1334596,168495,2024-11-03,Fashion,Shoes,2,35494,15,70988,198,10861.16,71398.96,Card,Delivered,Express
3463542,950540,2025-09-14,Home,Mixer,1,25050,10,25050,465,4058.1,27068.1,COD,Returned,Standard
4025971,791763,2024-06-18,Home,Chair,2,22653,5,45306,140,7747.33,50928.03,UPI,Processing,Standard
4141943,659996,2024-11-20,Fashion,Shoes,5,22995,0,114975,72,20695.5,135742.5,Card,Shipped,Express
7417393,654028,2024-04-04,Home,Chair,2,33479,5,66958,312,11449.82,75371.92,Card,Processing,Standard
3094650,118732,2024-06-04,Fashion,Shoes,1,47306,5,47306,145,8089.33,53175.03,Card,Returned,Express
5153017,653259,2024-06-28,Home,Mixer,1,31587,10,31587,273,5117.09,33818.39,COD,Returned,Express
7774540,982633,2025-09-01,Fashion,Shirt,3,47955,10,143865,384,23306.13,153168.63,Card,Returned,Express
3866005,518804,2024-08-19,Home,Chair,5,21621,0,108105,286,19458.9,127849.9,Card,Delivered,Express
5898636,988627,2024-10-20,Fashion,Shirt,4,36482,0,145928,194,26267.04,172389.04,UPI,Delivered,Standard
6804999,364616,2024-12-18,Electronics,Phone,2,41265,15,82530,451,12627.09,83228.59,Card,Returned,Standard
9871477,773494,2024-12-11,Fashion,Shoes,4,4962,10,19848,480,3215.38,21558.58,Card,Shipped,Standard
3154020,856589,2025-04-07,Home,Mixer,2,25275,0,50550,336,9099.0,59985.0,Card,Delivered,Standard
7678480,125323,2024-07-12,Electronics,Laptop,1,3038,0,3038,45,546.84,3629.84,UPI,Shipped,Standard
2932664,837549,2025-10-17,Home,Chair,3,7467,15,22401,188,3427.35,22656.2,Card,Processing,Express
7381272,745069,2024-05-31,Electronics,Phone,2,290,15,580,227,88.74,808.74,COD,Delivered,Express
7080803,846156,2025-01-20,Fashion,Shoes,5,27939,0,139695,18,25145.1,164858.1,Card,Processing,Standard
4829869,226762,2025-04-12,Home,Chair,4,31849,10,127396,460,20638.15,135754.55,COD,Processing,Express
1219580,274643,2025-02-23,Home,Mixer,4,16648,0,66592,338,11986.56,78916.56,COD,Delivered,Standard
2708721,807686,2024-07-30,Fashion,Shirt,4,36757,15,147028,244,22495.28,147713.08,UPI,Delivered,Express
4567290,800216,2025-10-13,Electronics,Laptop,5,3400,5,17000,458,2907.0,19515.0,COD,Shipped,Standard
7400006,720137,2025-12-01,Electronics,Phone,4,32398,5,129592,109,22160.23,145381.63,Card,Delivered,Express
2312782,687954,2025-08-22,Electronics,Laptop,1,31008,10,31008,40,5023.3,32970.5,UPI,Returned,Standard
1487919,744675,2025-11-16,Fashion,Shoes,3,10707,15,32121,334,4914.51,32551.36,Card,Returned,Standard
7158018,272803,2024-01-17,Electronics,Phone,5,25836,5,129180,405,22089.78,145215.78,COD,Delivered,Standard
6943749,297050,2024-01-13,Electronics,Phone,5,6620,10,33100,18,5362.2,35170.2,Card,Returned,Standard
7481709,122533,2025-03-13,Electronics,Phone,1,13399,5,13399,357,2291.23,15377.28,Card,Returned,Express
2950796,100885,2024-07-19,Fashion,Shoes,1,33843,0,33843,288,6091.74,40222.74,Card,Returned,Standard
3325944,245884,2024-04-30,Fashion,Shirt,1,21625,15,21625,131,3308.62,21820.88,COD,Delivered,Standard
3780697,807249,2024-04-08,Home,Chair,2,3856,5,7712,408,1318.75,9053.15,UPI,Processing,Express
4638918,373045,2025-12-08,Fashion,Shirt,5,23607,5,118035,423,20183.99,132740.23,COD,Shipped,Express
4521528,218589,2025-02-19,Home,Mixer,5,28097,0,140485,278,25287.3,166050.3,Card,Shipped,Standard
8812532,807217,2025-06-02,Fashion,Shoes,2,47326,0,94652,24,17037.36,111713.36,UPI,Shipped,Express
4694102,533481,2024-05-15,Home,Chair,1,8518,5,8518,139,1456.58,9687.68,Card,Returned,Express
9892379,581434,2025-06-18,Fashion,Shirt,2,26518,15,53036,232,8114.51,53427.11,Card,Delivered,Express
4039365,349953,2024-06-08,Fashion,Shirt,5,13448,10,67240,206,10892.88,71614.88,UPI,Shipped,Standard
8738319,690705,2024-09-01,Home,Chair,1,34604,0,34604,396,6228.72,41228.72,UPI,Delivered,Standard
5318666,969711,2024-10-25,Electronics,Laptop,4,7874,15,31496,16,4818.89,31606.49,COD,Delivered,Standard
9121248,431422,2025-05-01,Home,Chair,4,16910,5,67640,373,11566.44,76197.44,COD,Shipped,Express
4771134,992625,2024-05-21,Home,Mixer,4,49786,10,199144,89,32261.33,211579.93,COD,Delivered,Standard
7568480,759924,2025-08-14,Electronics,Laptop,2,8906,5,17812,42,3045.85,20009.25,Card,Delivered,Express
1316407,700391,2024-05-18,Electronics,Phone,3,43491,15,130473,120,19962.37,130984.42,UPI,Processing,Express
1205743,700391,2024-01-03,Fashion,Shirt,3,4412,15,13236,93,2025.11,13368.71,UPI,Delivered,Express
3077131,229919,2024-12-07,Electronics,Laptop,4,16128,0,64512,233,11612.16,76357.16,UPI,Delivered,Express
3914814,864589,2024-02-20,Home,Chair,4,17455,0,69820,22,12567.6,82409.6,Card,Returned,Standard
1845429,837191,2024-08-23,Home,Mixer,3,26308,5,78924,284,13496.0,88757.8,COD,Delivered,Express
4923971,611669,2024-05-11,Fashion,Shoes,4,1499,15,5996,0,917.39,6013.99,UPI,Processing,Standard
6343479,334581,2025-04-21,Electronics,Laptop,1,34972,0,34972,408,6294.96,41674.96,COD,Shipped,Standard
6293952,591698,2024-06-12,Electronics,Phone,3,7019,5,21057,392,3600.75,23996.9,Card,Shipped,Standard
2793996,432835,2025-10-06,Fashion,Shirt,2,6503,0,13006,119,2341.08,15466.08,Card,Returned,Express
8007002,595185,2024-01-16,Home,Mixer,3,45979,15,137937,477,21104.36,138827.81,COD,Delivered,Standard
8928676,386497,2024-10-28,Home,Chair,4,45666,5,182664,414,31235.54,205180.34,Card,Delivered,Express
3327432,578001,2024-05-08,Home,Chair,1,48608,15,48608,61,7437.02,48814.82,COD,Processing,Express
1666078,207829,2025-04-22,Fashion,Shirt,5,26012,15,130060,178,19899.18,130628.18,COD,Shipped,Express
5573999,231090,2025-09-07,Electronics,Laptop,3,36272,10,108816,268,17628.19,115830.59,COD,Shipped,Express
6992693,707212,2024-01-28,Home,Mixer,4,23706,10,94824,105,15361.49,100808.09,Card,Processing,Express
4520885,254485,2025-07-18,Home,Chair,5,47967,10,239835,434,38853.27,255138.77,COD,Shipped,Standard
6753337,327120,2025-09-09,Home,Chair,5,15639,0,78195,338,14075.1,92608.1,COD,Shipped,Express
9322818,292122,2024-05-27,Fashion,Shirt,2,7360,15,14720,421,2252.16,15185.16,COD,Shipped,Standard
3294801,245223,2025-09-25,Home,Mixer,2,361,10,722,129,116.96,895.76,Card,Delivered,Standard
5743912,129724,2025-01-31,Fashion,Shoes,5,41124,5,205620,100,35161.02,230600.02,COD,Delivered,Standard
5877010,315413,2024-10-29,Electronics,Phone,5,17130,0,85650,109,15417.0,101176.0,COD,Delivered,Express
1373690,653259,2025-06-27,Fashion,Shoes,3,2678,0,8034,191,1446.12,9671.12,UPI,Shipped,Express
7096764,629828,2024-02-06,Electronics,Phone,2,36766,5,73532,338,12573.97,82767.37,Card,Delivered,Standard
9306124,194793,2024-01-23,Electronics,Phone,5,35089,10,175445,237,28422.09,186559.59,Card,Shipped,Standard
1477739,130451,2024-09-16,Electronics,Laptop,5,23252,0,116260,107,20926.8,137293.8,Card,Delivered,Express
4895862,788554,2025-05-28,Electronics,Phone,4,4005,15,16020,144,2451.06,16212.06,COD,Delivered,Express
4899388,365719,2024-08-12,Fashion,Shoes,5,6184,10,30920,318,5009.04,33155.04,COD,Shipped,Express
1838096,338473,2024-02-03,Fashion,Shoes,3,16594,0,49782,201,8960.76,58943.76,UPI,Delivered,Standard
5937460,716122,2024-09-04,Electronics,Laptop,5,3584,5,17920,212,3064.32,20300.32,COD,Delivered,Standard
4026647,272803,2024-05-12,Electronics,Laptop,3,9189,15,27567,9,4217.75,27658.7,UPI,Processing,Standard
9132225,730662,2024-10-17,Fashion,Shoes,5,14247,5,71235,6,12181.18,79860.43,UPI,Processing,Express
5937402,272803,2024-09-29,Electronics,Phone,1,2545,5,2545,171,435.19,3023.95,Card,Delivered,Standard
2147134,432120,2024-12-28,Home,Chair,4,47859,0,191436,88,34458.48,225982.48,Card,Shipped,Express
4215120,443661,2024-09-19,Electronics,Laptop,5,16289,0,81445,204,14660.1,96309.1,COD,Delivered,Express
3071540,671774,2024-01-03,Fashion,Shirt,5,32656,15,163280,292,24981.84,164061.84,UPI,Delivered,Express
4103263,584002,2024-03-19,Fashion,Shoes,5,46751,10,233755,119,37868.31,248366.81,UPI,Returned,Express
1091686,978384,2025-12-07,Fashion,Shirt,2,12009,5,24018,353,4107.08,27277.18,COD,Shipped,Standard
6379477,761596,2024-06-22,Fashion,Shoes,3,40021,0,120063,175,21611.34,141849.34,Card,Returned,Standard
3218912,141544,2024-10-12,Electronics,Phone,4,34171,5,136684,493,23372.96,153715.76,COD,Returned,Express
9474988,665829,2024-01-04,Electronics,Laptop,5,41924,5,209620,453,35845.02,235437.02,COD,Shipped,Standard
3485610,220260,2024-03-16,Home,Chair,4,18421,10,73684,469,11936.81,78721.41,Card,Shipped,Express
1856867,178835,2025-07-11,Fashion,Shirt,1,27952,10,27952,12,4528.22,29697.02,COD,Returned,Express
4286866,317932,2025-04-14,Home,Chair,1,27720,0,27720,170,4989.6,32879.6,UPI,Delivered,Express
3818174,770156,2024-04-12,Electronics,Phone,5,35299,15,176495,39,27003.74,177063.48,COD,Returned,Standard
4761027,524101,2025-04-25,Fashion,Shoes,1,6491,10,6491,496,1051.54,7389.44,Card,Delivered,Standard
3524391,560284,2024-12-03,Electronics,Phone,3,30200,0,90600,66,16308.0,106974.0,COD,Processing,Express
4758868,928247,2025-06-17,Home,Chair,2,49514,5,99028,184,16933.79,111194.39,COD,Delivered,Standard
9960764,216771,2025-03-19,Home,Mixer,3,32552,0,97656,373,17578.08,115607.08,COD,Processing,Standard
5063677,505334,2025-06-03,Home,Chair,1,30392,0,30392,238,5470.56,36100.56,Card,Returned,Standard
5194190,814747,2024-03-19,Fashion,Shirt,1,29895,5,29895,460,5112.05,33972.29,Card,Shipped,Express
5808812,899308,2024-09-01,Home,Mixer,5,43959,10,219795,36,35606.79,233458.29,COD,Shipped,Standard
9670793,894558,2025-06-02,Fashion,Shoes,1,4804,10,4804,75,778.25,5176.85,COD,Delivered,Standard
8110045,124782,2025-01-16,Home,Chair,3,21942,10,65826,483,10663.81,70390.21,Card,Delivered,Standard
4919656,857373,2024-03-13,Home,Chair,3,45497,10,136491,411,22111.54,145364.44,Card,Shipped,Express
3505518,729857,2025-08-23,Home,Mixer,5,42604,5,213020,19,36426.42,238814.42,Card,Shipped,Standard
7352152,133302,2024-09-08,Home,Mixer,2,7652,10,15304,4,2479.25,16256.85,COD,Returned,Express
3111306,320153,2024-09-15,Home,Mixer,3,7525,10,22575,397,3657.15,24371.65,Card,Returned,Express
3944688,132304,2025-05-08,Home,Chair,1,21601,10,21601,495,3499.36,23435.26,Card,Shipped,Express
7482260,729364,2024-07-09,Home,Chair,3,7417,15,22251,67,3404.4,22384.75,COD,Shipped,Express
7440858,395018,2024-06-09,Home,Chair,2,44849,15,89698,102,13723.79,90069.09,Card,Returned,Standard
9440787,990231,2025-08-19,Home,Mixer,4,32330,10,129320,426,20949.84,137763.84,Card,Processing,Express
3608811,743486,2024-06-08,Electronics,Laptop,3,14647,5,43941,67,7513.91,49324.86,COD,Shipped,Standard
2933761,460527,2025-10-18,Home,Chair,4,12904,15,51616,49,7897.25,51819.85,Card,Processing,Express
9869938,278624,2025-04-03,Electronics,Laptop,3,6266,5,18798,263,3214.46,21335.56,COD,Processing,Standard
3145822,336321,2024-04-07,Electronics,Laptop,5,19712,5,98560,11,16853.76,110496.76,Card,Returned,Express
4230766,625231,2025-01-19,Fashion,Shirt,5,2860,10,14300,309,2316.6,15495.6,Card,Shipped,Express
3785908,536388,2025-11-27,Fashion,Shoes,3,37255,0,111765,15,20117.7,131897.7,UPI,Processing,Express
9125564,100885,2024-10-09,Fashion,Shoes,5,24099,10,120495,452,19520.19,128417.69,UPI,Delivered,Express
4878758,687954,2025-08-29,Electronics,Laptop,1,16796,10,16796,493,2720.95,18330.35,UPI,Returned,Express
8873169,443661,2025-02-10,Home,Mixer,1,36840,5,36840,100,6299.64,41397.64,UPI,Delivered,Standard
2106330,361681,2024-06-21,Fashion,Shirt,2,19163,5,38326,404,6553.75,43367.45,Card,Delivered,Standard
6431152,136202,2025-01-17,Home,Chair,3,4763,10,14289,442,2314.82,15616.92,COD,Shipped,Express
1997882,698507,2025-07-29,Electronics,Laptop,2,26637,10,53274,404,8630.39,56980.99,Card,Delivered,Express
9330066,887196,2024-02-15,Home,Mixer,5,35255,15,176275,135,26970.08,176938.83,COD,Processing,Express
3098089,509008,2024-02-22,Fashion,Shoes,1,24565,10,24565,274,3979.53,26362.03,Card,Delivered,Express
8482781,975235,2025-12-20,Fashion,Shoes,2,15432,0,30864,286,5555.52,36705.52,COD,Returned,Express
3411471,568393,2025-01-26,Home,Mixer,1,21414,0,21414,275,3854.52,25543.52,COD,Processing,Express
9471911,978264,2024-06-13,Home,Mixer,5,7191,5,35955,453,6148.3,40758.56,Card,Delivered,Standard
9980394,580401,2024-01-28,Fashion,Shoes,5,33480,5,167400,409,28625.4,188064.4,UPI,Delivered,Express
7663313,758976,2024-04-26,Fashion,Shirt,3,46889,10,140667,2,22788.05,149390.35,Card,Returned,Express
7576703,403858,2025-03-19,Electronics,Phone,3,45103,10,135309,110,21920.06,143808.16,COD,Delivered,Express
2870502,139758,2024-06-18,Fashion,Shirt,2,30623,10,61246,277,9921.85,65320.25,COD,Returned,Express
1519355,847473,2025-03-15,Fashion,Shirt,2,40734,0,81468,273,14664.24,96405.24,COD,Shipped,Standard
3760137,327120,2024-07-22,Electronics,Phone,5,12156,5,60780,69,10393.38,68203.38,UPI,Processing,Standard
4275188,367692,2025-02-09,Fashion,Shoes,2,22392,15,44784,87,6851.95,45005.35,Card,Delivered,Express
5165015,854552,2024-06-11,Home,Mixer,3,13314,5,39942,266,6830.08,45040.98,COD,Processing,Standard
5487504,266665,2025-01-25,Electronics,Laptop,4,38044,5,152176,376,26022.1,170965.3,COD,Delivered,Express
7387999,231788,2024-04-19,Fashion,Shirt,1,24029,15,24029,400,3676.44,24501.09,UPI,Shipped,Express
5678748,653259,2025-10-10,Home,Chair,2,45699,10,91398,306,14806.48,97370.68,UPI,Delivered,Express
1714396,600181,2025-02-17,Fashion,Shoes,3,45476,15,136428,446,20873.48,137283.28,Card,Processing,Standard
1613054,541464,2024-11-18,Electronics,Phone,5,38779,0,193895,478,34901.1,229274.1,COD,Delivered,Express
9072552,928247,2025-07-01,Fashion,Shoes,1,22536,10,22536,480,3650.83,24413.23,COD,Returned,Express
8473087,281657,2024-06-12,Fashion,Shirt,1,11922,10,11922,226,1931.36,12887.16,UPI,Processing,Standard
2353998,129333,2025-08-18,Fashion,Shoes,1,21666,10,21666,75,3509.89,23084.29,UPI,Returned,Standard
8246162,263346,2024-01-05,Home,Chair,2,39938,10,79876,317,12939.91,85145.31,Card,Shipped,Express
3225785,422249,2024-11-30,Fashion,Shirt,1,17600,10,17600,217,2851.2,18908.2,UPI,Shipped,Standard
8300721,575329,2024-05-09,Home,Mixer,1,22408,0,22408,348,4033.44,26789.44,Card,Shipped,Express
4559321,681331,2025-01-05,Electronics,Phone,5,42357,10,211785,139,34309.17,225054.67,UPI,Shipped,Standard
1305410,785147,2025-10-25,Electronics,Laptop,2,21339,10,42678,175,6913.84,45499.04,COD,Returned,Express
1018101,550091,2024-10-26,Electronics,Laptop,4,42467,0,169868,172,30576.24,200616.24,Card,Shipped,Express
5505146,883564,2025-04-24,Fashion,Shoes,2,12281,5,24562,470,4200.1,28004.0,Card,Returned,Standard
1377891,865351,2025-12-08,Electronics,Phone,2,25964,15,51928,414,7944.98,52497.78,UPI,Delivered,Standard
4980935,972672,2025-12-08,Electronics,Phone,3,31907,10,95721,81,15506.8,101736.7,Card,Processing,Standard
3545772,946776,2024-01-20,Home,Mixer,3,27181,5,81543,243,13943.85,91652.7,Card,Delivered,Standard
4429637,806900,2025-06-02,Electronics,Phone,2,44060,0,88120,342,15861.6,104323.6,UPI,Delivered,Express
8918558,719272,2024-04-05,Home,Chair,4,2695,0,10780,351,1940.4,13071.4,Card,Processing,Express
5471373,166023,2025-04-12,Electronics,Phone,2,30302,15,60604,7,9272.41,60792.81,Card,Processing,Express
3677207,455345,2025-08-03,Fashion,Shoes,1,44168,0,44168,40,7950.24,52158.24,COD,Delivered,Express
9420333,362374,2024-06-19,Home,Chair,4,14793,5,59172,300,10118.41,66631.81,Card,Delivered,Standard
4213657,342081,2025-06-11,Home,Mixer,4,11821,0,47284,281,8511.12,56076.12,COD,Shipped,Standard
5633945,421269,2025-12-30,Home,Mixer,3,12943,10,38829,139,6290.3,41375.4,Card,Delivered,Standard
7250344,118035,2024-11-07,Fashion,Shoes,1,30354,0,30354,244,5463.72,36061.72,COD,Delivered,Express
7537150,444031,2025-02-02,Fashion,Shoes,1,40835,10,40835,15,6615.27,43381.77,Card,Processing,Express
1277929,245001,2025-10-09,Fashion,Shoes,3,18906,15,56718,184,8677.85,57072.15,Card,Returned,Express
7301415,972787,2025-02-15,Fashion,Shirt,4,31167,0,124668,442,22440.24,147550.24,COD,Shipped,Standard
2211479,640075,2024-01-06,Fashion,Shoes,4,35815,15,143260,40,21918.78,143729.78,COD,Delivered,Express
8276905,625231,2024-05-03,Home,Chair,3,16090,5,48270,261,8254.17,54371.67,UPI,Shipped,Express
5959444,761412,2025-11-30,Fashion,Shirt,3,32085,0,96255,214,17325.9,113794.9,UPI,Returned,Express
1016691,820487,2025-09-18,Fashion,Shoes,3,29907,0,89721,447,16149.78,106317.78,COD,Returned,Standard
6018851,229230,2025-11-01,Electronics,Phone,5,21085,15,105425,200,16130.02,105941.27,COD,Processing,Standard
2997997,857373,2024-06-03,Electronics,Phone,5,30345,10,151725,97,24579.45,161228.95,COD,Shipped,Express
4288247,464885,2025-07-22,Fashion,Shirt,4,25459,10,101836,117,16497.43,108266.83,COD,Returned,Standard
8944917,746869,2024-06-21,Electronics,Phone,2,34772,0,69544,211,12517.92,82272.92,UPI,Processing,Express
3077350,397845,2024-05-20,Fashion,Shoes,2,9408,10,18816,360,3048.19,20342.59,UPI,Returned,Standard
7024358,688626,2025-07-02,Fashion,Shirt,2,14290,10,28580,493,4629.96,30844.96,COD,Returned,Standard
4732720,185991,2024-02-16,Home,Chair,1,27298,0,27298,51,4913.64,32262.64,UPI,Processing,Standard
3755060,619501,2024-09-30,Home,Chair,4,22692,10,90768,16,14704.42,96411.62,UPI,Processing,Express
1138761,861773,2024-02-22,Home,Mixer,4,5151,15,20604,278,3152.41,20943.81,COD,Shipped,Standard
7459210,752636,2025-09-29,Electronics,Laptop,3,16661,5,49983,332,8547.09,56362.94,UPI,Processing,Express
7315097,547482,2024-07-12,Fashion,Shirt,1,42843,0,42843,500,7711.74,51054.74,Card,Delivered,Standard
1762789,213392,2024-02-01,Electronics,Laptop,1,28807,5,28807,202,4926.0,32494.65,COD,Returned,Express
3661468,243229,2025-12-05,Fashion,Shoes,4,47690,0,190760,310,34336.8,225406.8,UPI,Delivered,Express
3579158,913440,2025-12-16,Electronics,Phone,3,41614,15,124842,195,19100.83,125411.53,COD,Shipped,Express
5258420,643873,2024-02-25,Home,Mixer,2,46975,5,93950,133,16065.45,105450.95,COD,Returned,Express
9053260,990231,2024-02-24,Home,Chair,5,23795,15,118975,436,18203.17,119767.93,UPI,Returned,Standard
7605187,194884,2024-10-07,Home,Chair,3,33245,5,99735,399,17054.68,112201.93,Card,Shipped,Express
3281210,221171,2024-03-02,Fashion,Shoes,1,31197,15,31197,118,4773.14,31408.59,Card,Processing,Express
2660363,725549,2025-11-09,Fashion,Shirt,1,23601,10,23601,92,3823.36,25156.26,COD,Returned,Express
7040224,338473,2024-07-03,Electronics,Phone,1,16014,5,16014,371,2738.39,18322.69,UPI,Delivered,Standard
8501080,857373,2024-01-09,Home,Chair,3,40818,0,122454,109,22041.72,144604.72,COD,Shipped,Standard
5120253,715296,2025-02-27,Home,Chair,1,43995,10,43995,434,7127.19,47156.69,COD,Processing,Standard
5711322,359309,2025-04-09,Fashion,Shirt,4,32790,10,131160,171,21247.92,139462.92,UPI,Delivered,Express
4114324,315466,2025-07-04,Home,Mixer,3,7927,10,23781,167,3852.52,25422.42,UPI,Processing,Standard
3816175,354531,2025-09-02,Home,Mixer,5,16040,15,80200,264,12270.6,80704.6,COD,Delivered,Express
8530063,972672,2025-06-19,Home,Mixer,4,33576,10,134304,99,21757.25,142729.85,COD,Shipped,Standard
8469404,220260,2024-03-06,Home,Mixer,3,19903,15,59709,105,9135.48,59993.13,COD,Shipped,Standard
4262882,872190,2024-11-09,Fashion,Shirt,3,29140,10,87420,426,14162.04,93266.04,UPI,Shipped,Standard
7622988,633123,2024-11-20,Fashion,Shoes,2,13712,0,27424,487,4936.32,32847.32,UPI,Processing,Express
2177389,915525,2025-04-22,Home,Mixer,2,35310,15,70620,0,10804.86,70831.86,COD,Delivered,Standard
4226174,904423,2024-09-15,Fashion,Shirt,1,45357,10,45357,216,7347.83,48385.13,UPI,Processing,Standard
8207624,865351,2025-04-07,Fashion,Shoes,4,5862,5,23448,275,4009.61,26560.21,Card,Delivered,Standard
4119644,785147,2025-11-07,Electronics,Laptop,3,3037,15,9111,402,1393.98,9540.33,COD,Returned,Express
8353411,355600,2025-09-22,Home,Mixer,4,31276,5,125104,266,21392.78,140507.58,UPI,Shipped,Express
1862290,303548,2025-12-05,Electronics,Phone,4,21723,15,86892,26,13294.48,87178.68,COD,Returned,Express
2258110,619501,2025-03-04,Home,Mixer,3,32617,15,97851,430,14971.2,98574.55,COD,Processing,Standard
1817458,696963,2024-03-26,Fashion,Shoes,1,29240,15,29240,400,4473.72,29727.72,UPI,Delivered,Express
3587357,196136,2024-01-29,Fashion,Shoes,1,4914,0,4914,6,884.52,5804.52,Card,Shipped,Express
3394733,873273,2025-07-20,Electronics,Phone,4,3724,10,14896,389,2413.15,16208.55,COD,Processing,Standard
8265187,441277,2025-09-04,Fashion,Shoes,2,33719,0,67438,231,12138.84,79807.84,COD,Returned,Standard
4183486,860705,2025-11-02,Home,Mixer,4,38174,0,152696,81,27485.28,180262.28,Card,Shipped,Express
7557793,936016,2024-04-05,Home,Mixer,2,16768,15,33536,181,5131.01,33817.61,COD,Shipped,Express
9843416,930665,2025-02-14,Fashion,Shoes,5,25780,15,128900,487,19721.7,129773.7,Card,Processing,Express
2666002,559158,2025-12-12,Electronics,Phone,5,35981,5,179905,483,30763.75,202156.51,UPI,Delivered,Standard
6374157,853753,2025-01-08,Home,Chair,1,38134,10,38134,464,6177.71,40962.31,COD,Shipped,Express
8320983,731130,2025-02-18,Electronics,Phone,4,27287,10,109148,222,17681.98,116137.18,UPI,Returned,Express
7447286,149744,2025-10-29,Fashion,Shoes,2,15653,15,31306,371,4789.82,31770.92,UPI,Shipped,Standard
5766317,509008,2024-12-04,Home,Chair,3,13492,10,40476,252,6557.11,43237.51,Card,Processing,Express
4180049,602086,2024-10-16,Home,Mixer,3,36861,5,110583,226,18909.69,124189.54,UPI,Shipped,Standard
8051762,686546,2024-02-06,Home,Chair,4,32760,5,131040,14,22407.84,146909.84,UPI,Processing,Standard
1732443,780357,2024-02-17,Fashion,Shirt,2,35728,10,71456,77,11575.87,75963.27,Card,Delivered,Standard
1550012,139241,2025-10-21,Fashion,Shoes,4,26014,0,104056,258,18730.08,123044.08,UPI,Delivered,Standard
6481530,142686,2024-07-23,Fashion,Shirt,1,27657,5,27657,334,4729.35,31337.5,Card,Shipped,Express
5212581,766246,2025-05-03,Fashion,Shirt,3,32948,5,98844,33,16902.32,110837.12,COD,Delivered,Express
7334945,142362,2024-07-19,Fashion,Shoes,5,49875,0,249375,109,44887.5,294371.5,COD,Shipped,Standard
9326156,729857,2025-01-13,Electronics,Laptop,2,7483,0,14966,58,2693.88,17717.88,UPI,Delivered,Standard
5926987,404385,2025-12-11,Electronics,Laptop,4,30083,15,120332,428,18410.8,121121.0,Card,Returned,Standard
2451796,625126,2025-08-04,Fashion,Shirt,5,40212,0,201060,323,36190.8,237573.8,UPI,Processing,Standard
6451711,371699,2025-03-14,Home,Mixer,2,378,0,756,373,136.08,1265.08,Card,Processing,Standard
3375291,730018,2024-10-12,Home,Chair,1,7478,10,7478,319,1211.44,8260.64,COD,Returned,Standard
1886911,382359,2025-01-05,Fashion,Shoes,2,30816,0,61632,385,11093.76,73110.76,UPI,Delivered,Standard
2404060,992339,2024-09-30,Electronics,Laptop,3,44478,10,133434,292,21616.31,141998.91,COD,Shipped,Express
1965381,676936,2025-08-06,Fashion,Shirt,2,40900,15,81800,478,12515.4,82523.4,Card,Returned,Standard
4063916,716122,2025-06-02,Electronics,Laptop,5,18987,0,94935,402,17088.3,112425.3,Card,Delivered,Express
9241730,750152,2025-07-26,Home,Chair,1,40950,5,40950,37,7002.45,45941.95,Card,Delivered,Standard
6675294,521868,2025-08-22,Fashion,Shoes,1,18430,15,18430,161,2819.79,18646.29,COD,Shipped,Express
8099815,698980,2024-02-27,Fashion,Shoes,1,15469,15,15469,315,2366.76,15830.41,COD,Delivered,Standard
1690311,343454,2025-09-23,Home,Mixer,2,12326,10,24652,216,3993.62,26396.42,COD,Processing,Standard
8459222,620611,2025-01-24,Home,Mixer,2,41541,0,83082,290,14954.76,98326.76,COD,Returned,Express
3034339,994737,2024-07-31,Home,Mixer,1,48146,5,48146,72,8232.97,54043.67,UPI,Processing,Express
9165297,927036,2025-08-17,Home,Mixer,5,14996,5,74980,459,12821.58,84511.58,COD,Delivered,Express
5264506,122559,2024-06-12,Home,Chair,5,42326,10,211630,70,34284.06,224821.06,UPI,Processing,Standard
4396642,791763,2024-01-30,Home,Mixer,3,34899,5,104697,259,17903.19,117624.34,Card,Shipped,Standard
7326690,972672,2025-07-23,Fashion,Shirt,5,23532,10,117660,276,19060.92,125230.92,UPI,Processing,Standard
3810439,697687,2025-08-07,Fashion,Shirt,2,13990,15,27980,498,4280.94,28561.94,UPI,Shipped,Express
8210293,635780,2024-09-28,Home,Mixer,5,39690,0,198450,77,35721.0,234248.0,UPI,Shipped,Standard
4742972,928247,2025-09-15,Fashion,Shirt,2,19625,10,39250,149,6358.5,41832.5,Card,Returned,Express
7148627,729364,2024-01-26,Electronics,Phone,3,16272,0,48816,371,8786.88,57973.88,COD,Processing,Express
7508978,497252,2024-07-23,Home,Mixer,1,18059,5,18059,491,3088.09,20735.14,UPI,Shipped,Express
2650698,150917,2025-03-12,Fashion,Shirt,1,40328,10,40328,178,6533.14,43006.34,UPI,Returned,Standard
8886096,992625,2025-04-23,Fashion,Shoes,1,7859,5,7859,240,1343.89,9049.94,UPI,Shipped,Standard
7721199,903238,2025-10-13,Home,Mixer,5,10764,5,53820,389,9203.22,60721.22,COD,Delivered,Express
6484491,917907,2024-08-04,Electronics,Laptop,1,19622,5,19622,7,3355.36,22003.26,COD,Returned,Standard
4850000,677509,2024-08-27,Home,Chair,5,22436,0,112180,284,20192.4,132656.4,UPI,Processing,Express
1918404,107840,2025-05-22,Home,Chair,2,19116,0,38232,491,6881.76,45604.76,UPI,Processing,Standard
2298085,223646,2025-02-06,Electronics,Phone,5,39643,5,198215,155,33894.76,222354.02,COD,Delivered,Standard
5454459,245884,2025-12-09,Fashion,Shoes,3,30251,10,90753,234,14701.99,96613.69,UPI,Returned,Express
1961536,281657,2025-03-09,Home,Chair,2,30713,0,61426,113,11056.68,72595.68,Card,Shipped,Standard
4575909,209496,2024-08-26,Electronics,Phone,5,15877,15,79385,191,12145.9,79814.15,Card,Returned,Standard
8262279,441149,2025-08-18,Electronics,Phone,1,43460,5,43460,166,7431.66,48884.66,UPI,Processing,Express
4601219,521868,2025-04-27,Fashion,Shirt,3,46475,15,139425,167,21332.02,140010.27,Card,Delivered,Standard
4280567,343454,2025-07-27,Home,Chair,2,38799,0,77598,88,13967.64,91653.64,UPI,Returned,Express
1618236,509446,2025-05-29,Fashion,Shoes,1,12764,5,12764,351,2182.64,14659.44,UPI,Shipped,Standard
2103174,408306,2024-06-01,Electronics,Laptop,2,14490,10,28980,352,4694.76,31128.76,Card,Shipped,Standard
6162959,227716,2024-08-11,Fashion,Shirt,3,45365,10,136095,431,22047.39,144963.89,UPI,Processing,Standard
2133264,920720,2024-02-23,Fashion,Shoes,5,43963,15,219815,143,33631.69,220617.45,UPI,Delivered,Standard
1051517,976363,2024-08-03,Home,Chair,2,18504,0,37008,125,6661.44,43794.44,COD,Delivered,Standard
9899458,613480,2024-12-26,Electronics,Phone,1,36880,15,36880,304,5642.64,37294.64,Card,Processing,Express
1433471,738524,2025-09-08,Electronics,Phone,5,1190,15,5950,32,910.35,5999.85,COD,Processing,Express
3436300,317699,2024-10-28,Fashion,Shirt,3,19835,10,59505,43,9639.81,63237.31,COD,Shipped,Standard
8553284,410811,2025-07-25,Electronics,Laptop,4,22521,10,90084,218,14593.61,95887.21,UPI,Delivered,Express
3642263,903238,2024-05-26,Fashion,Shirt,2,20349,5,40698,400,6959.36,46022.46,Card,Delivered,Standard
1828397,288289,2025-06-23,Home,Mixer,1,7216,10,7216,352,1168.99,8015.39,Card,Delivered,Standard
1784167,390365,2025-11-17,Home,Chair,4,14329,10,57316,76,9285.19,60945.59,COD,Delivered,Standard
5017925,263346,2024-12-30,Electronics,Phone,2,5421,15,10842,150,1658.83,11024.53,Card,Returned,Express
4753929,497655,2024-08-24,Fashion,Shoes,5,20200,15,101000,382,15453.0,101685.0,Card,Processing,Express
4306123,889878,2025-03-31,Electronics,Laptop,4,42917,0,171668,90,30900.24,202658.24,Card,Processing,Standard
1519736,161640,2025-10-12,Electronics,Laptop,2,15276,15,30552,86,4674.46,30729.66,Card,Processing,Express
8590010,276312,2025-07-11,Electronics,Phone,2,29483,5,58966,468,10083.19,66568.89,COD,Returned,Standard
5086952,547007,2024-12-23,Home,Chair,1,3483,0,3483,360,626.94,4469.94,Card,Returned,Standard
8120728,464885,2025-01-22,Electronics,Phone,2,20742,10,41484,150,6720.41,44206.01,COD,Returned,Express
4837296,920720,2024-07-16,Fashion,Shoes,2,6410,5,12820,54,2192.22,14425.22,UPI,Shipped,Standard
3437478,783244,2024-08-29,Electronics,Laptop,5,46527,0,232635,122,41874.3,274631.3,Card,Shipped,Standard
7151167,899308,2024-11-17,Electronics,Phone,3,48489,10,145467,139,23565.65,154624.95,UPI,Delivered,Standard
1958209,496652,2024-12-12,Home,Mixer,5,46161,15,230805,405,35313.17,231902.42,Card,Returned,Standard
9796823,496652,2024-01-15,Fashion,Shoes,5,41173,10,205865,105,33350.13,218733.63,Card,Returned,Express
6965474,382359,2024-09-13,Electronics,Laptop,4,41541,15,166164,62,25423.09,166724.49,COD,Delivered,Standard
8302573,272757,2024-03-27,Home,Mixer,5,22927,15,114635,229,17539.15,115207.9,COD,Processing,Express
1586966,940775,2025-07-21,Home,Mixer,4,26228,0,104912,239,18884.16,124035.16,COD,Delivered,Express
7013842,288289,2025-11-22,Home,Chair,3,29872,15,89616,322,13711.25,90206.85,Card,Processing,Express
1139400,436305,2025-04-17,Electronics,Phone,5,24038,10,120190,255,19470.78,127896.78,Card,Shipped,Express
4700266,267214,2024-05-03,Home,Chair,4,41626,15,166504,341,25475.11,167344.51,Card,Returned,Standard
9043821,467224,2025-04-09,Electronics,Laptop,4,2123,0,8492,469,1528.56,10489.56,UPI,Returned,Express
7752185,654061,2025-07-10,Electronics,Laptop,1,24643,10,24643,466,3992.17,26636.87,COD,Delivered,Express
4615226,805810,2024-08-24,Electronics,Laptop,3,41898,0,125694,484,22624.92,148802.92,UPI,Returned,Standard
8893255,264590,2024-09-03,Home,Chair,2,4294,0,8588,114,1545.84,10247.84,UPI,Returned,Standard
5709522,231788,2024-09-23,Home,Mixer,4,34300,0,137200,199,24696.0,162095.0,Card,Processing,Express
3841474,863762,2024-03-13,Electronics,Phone,2,25856,0,51712,29,9308.16,61049.16,Card,Shipped,Standard
7188139,592117,2025-02-19,Electronics,Laptop,4,42394,15,169576,102,25945.13,170186.73,COD,Processing,Express
5895026,495520,2024-02-24,Fashion,Shirt,5,39305,10,196525,233,31837.05,208942.55,UPI,Delivered,Standard
2797906,288289,2024-04-20,Home,Mixer,2,2462,10,4924,46,797.69,5275.29,UPI,Processing,Express
1113173,743486,2025-12-17,Electronics,Phone,3,11601,5,34803,429,5951.31,39443.16,UPI,Delivered,Standard
9794405,408306,2024-04-27,Home,Mixer,2,16005,10,32010,449,5185.62,34443.62,UPI,Returned,Express
7719400,428188,2025-10-16,Home,Mixer,2,32587,0,65174,456,11731.32,77361.32,UPI,Delivered,Express
7600399,407746,2025-02-03,Home,Chair,2,12981,15,25962,88,3972.19,26127.89,Card,Shipped,Standard
2866640,766234,2025-11-12,Fashion,Shoes,2,9422,5,18844,489,3222.32,21613.12,UPI,Returned,Standard
3191867,925244,2025-06-17,Electronics,Laptop,2,42320,15,84640,189,12949.92,85082.92,COD,Returned,Express
3738877,698321,2024-05-04,Home,Chair,5,22265,15,111325,498,17032.72,112156.98,COD,Returned,Express
5667496,872703,2024-10-28,Electronics,Phone,1,36864,10,36864,375,5971.97,39524.57,COD,Returned,Express
7045168,677509,2025-11-12,Home,Chair,2,227,0,454,355,81.72,890.72,UPI,Processing,Standard
1757800,130451,2025-06-14,Fashion,Shirt,3,25538,10,76614,136,12411.47,81500.07,COD,Delivered,Standard
5754500,616267,2025-12-29,Home,Mixer,2,27226,10,54452,324,8821.22,58152.02,Card,Returned,Standard
4252748,344406,2024-05-31,Fashion,Shoes,2,5314,10,10628,96,1721.74,11382.94,Card,Processing,Standard
7448118,609380,2024-01-03,Electronics,Phone,4,27888,15,111552,392,17067.46,112278.66,UPI,Processing,Express
2249509,857730,2024-08-26,Home,Chair,1,35088,5,35088,75,6000.05,39408.65,COD,Shipped,Standard
8715004,821619,2024-10-31,Fashion,Shirt,3,3193,10,9579,144,1551.8,10316.9,COD,Returned,Express
1808381,636547,2024-08-08,Fashion,Shoes,3,42998,15,128994,86,19736.08,129466.98,UPI,Shipped,Standard
3581301,546788,2024-09-22,Fashion,Shirt,5,38880,15,194400,226,29743.2,195209.2,Card,Returned,Standard
1848371,278585,2025-02-06,Electronics,Laptop,3,46885,15,140655,172,21520.22,141248.96,Card,Delivered,Standard
3609871,323377,2024-01-19,Fashion,Shoes,3,6882,0,20646,189,3716.28,24551.28,COD,Delivered,Standard
3351125,691472,2024-05-13,Fashion,Shirt,2,33076,5,66152,406,11311.99,74562.39,Card,Delivered,Standard
8606999,719869,2024-06-20,Fashion,Shirt,4,35523,15,142092,384,21740.08,142902.28,Card,Processing,Standard
3889048,139758,2024-03-01,Fashion,Shoes,1,42153,5,42153,391,7208.16,47644.51,Card,Shipped,Standard
3506308,992625,2025-08-16,Fashion,Shirt,3,24392,5,73176,236,12513.1,82266.3,Card,Processing,Express
3885677,497252,2025-12-13,Fashion,Shoes,5,29639,15,148195,169,22673.83,148808.58,Card,Shipped,Standard
3352037,272757,2024-03-03,Home,Chair,5,23104,5,115520,406,19753.92,129903.92,COD,Delivered,Standard
6269400,915557,2024-08-02,Home,Mixer,4,4285,10,17140,219,2776.68,18421.68,UPI,Processing,Standard
4958120,512727,2025-12-07,Electronics,Laptop,1,28871,10,28871,454,4677.1,31115.0,Card,Shipped,Standard
3087739,654028,2024-02-09,Electronics,Laptop,3,43939,5,131817,161,22540.71,147927.86,COD,Returned,Express
7077367,629828,2024-11-03,Electronics,Phone,5,38236,0,191180,170,34412.4,225762.4,Card,Delivered,Standard
5235744,125594,2025-01-18,Electronics,Phone,2,34698,10,69396,396,11242.15,74094.55,COD,Returned,Standard
2857995,241707,2025-04-22,Home,Chair,1,47104,0,47104,390,8478.72,55972.72,Card,Processing,Standard
1813648,325646,2025-07-21,Fashion,Shirt,5,49181,0,245905,469,44262.9,290636.9,COD,Processing,Standard
3949345,725549,2024-01-20,Home,Mixer,5,6304,0,31520,91,5673.6,37284.6,COD,Returned,Standard
3007955,895991,2025-08-22,Electronics,Laptop,4,10437,15,41748,192,6387.44,42065.24,COD,Delivered,Express
1909671,755152,2024-04-20,Electronics,Laptop,4,49099,10,196396,61,31816.15,208633.55,UPI,Delivered,Standard
5003350,130451,2025-11-29,Fashion,Shirt,1,11694,10,11694,395,1894.43,12814.03,Card,Processing,Standard
1787548,856531,2024-10-09,Electronics,Laptop,3,33338,5,100014,460,17102.39,112575.69,COD,Shipped,Express
6033678,413111,2024-07-18,Home,Mixer,1,30354,15,30354,270,4644.16,30715.06,UPI,Returned,Standard
3366580,947935,2025-11-06,Electronics,Laptop,1,29338,5,29338,428,5016.8,33315.9,Card,Returned,Standard
1099240,158849,2025-04-10,Home,Chair,1,30032,0,30032,276,5405.76,35713.76,UPI,Returned,Standard
3923061,783244,2025-08-07,Home,Chair,2,41593,0,83186,106,14973.48,98265.48,Card,Shipped,Express
8682124,516536,2024-06-23,Fashion,Shirt,1,47992,10,47992,22,7774.7,50989.5,Card,Shipped,Standard
1531712,625126,2024-02-11,Home,Chair,5,44141,5,220705,442,37740.56,247852.3,UPI,Returned,Express
8234402,915557,2024-06-26,Electronics,Laptop,3,47920,0,143760,176,25876.8,169812.8,Card,Shipped,Express
1214256,988285,2025-07-21,Fashion,Shoes,2,5004,0,10008,439,1801.44,12248.44,COD,Delivered,Express
3061788,576789,2024-09-21,Electronics,Laptop,3,31766,15,95298,260,14580.59,95843.89,Card,Delivered,Express
4016001,571325,2025-12-05,Fashion,Shirt,1,11754,15,11754,398,1798.36,12187.26,Card,Processing,Standard
2337973,453319,2024-10-31,Fashion,Shirt,1,25555,5,25555,67,4369.9,28714.15,UPI,Delivered,Standard
1664104,903238,2025-07-15,Home,Mixer,3,24461,0,73383,255,13208.94,86846.94,Card,Delivered,Standard
1755533,797034,2024-01-17,Fashion,Shoes,4,19750,0,79000,460,14220.0,93680.0,UPI,Returned,Standard
6637845,536388,2024-08-16,Home,Mixer,3,29722,10,89166,500,14444.89,95194.29,UPI,Shipped,Standard
9020830,656747,2025-11-15,Fashion,Shirt,2,26290,5,52580,91,8991.18,59033.18,Card,Processing,Express
8549107,263346,2024-10-31,Electronics,Laptop,1,19667,5,19667,297,3363.06,22343.71,Card,Delivered,Express
5538512,860705,2024-01-10,Fashion,Shoes,1,17990,15,17990,38,2752.47,18081.97,Card,Processing,Standard
9089615,677509,2025-04-04,Fashion,Shoes,3,26164,15,78492,71,12009.28,78798.48,Card,Returned,Standard
2701394,476639,2025-06-14,Home,Mixer,4,23592,5,94368,89,16136.93,105875.53,Card,Shipped,Standard
9531606,227716,2025-08-30,Electronics,Phone,3,44286,0,132858,362,23914.44,157134.44,UPI,Delivered,Standard
5164786,476639,2024-07-08,Fashion,Shoes,4,25283,0,101132,72,18203.76,119407.76,COD,Returned,Standard
4745383,381028,2025-06-08,Home,Chair,4,38423,0,153692,229,27664.56,181585.56,Card,Delivered,Express
6213729,742195,2024-11-29,Electronics,Laptop,5,15725,5,78625,70,13444.88,88208.62,UPI,Delivered,Express
7945042,315413,2024-01-04,Home,Chair,4,30449,0,121796,330,21923.28,144049.28,UPI,Returned,Standard
9047472,216771,2025-08-12,Home,Chair,2,27595,15,55190,164,8444.07,55519.57,UPI,Processing,Standard
1380049,482453,2025-11-05,Home,Mixer,5,34389,5,171945,299,29402.59,193049.35,Card,Returned,Standard
5979868,320153,2025-10-25,Fashion,Shoes,4,40056,0,160224,127,28840.32,189191.32,Card,Processing,Standard
9077409,115267,2025-11-09,Fashion,Shirt,2,48154,0,96308,416,17335.44,114059.44,COD,Shipped,Express
8354659,944605,2024-11-06,Electronics,Laptop,1,5967,5,5967,38,1020.36,6727.01,COD,Shipped,Express
4389480,736944,2025-05-23,Home,Mixer,3,27130,10,81390,390,13185.18,86826.18,UPI,Processing,Express
7597940,575003,2024-11-17,Home,Chair,4,45660,5,182640,83,31231.44,204822.44,COD,Shipped,Express
3479758,370973,2025-07-06,Home,Mixer,3,38820,15,116460,121,17818.38,116930.38,Card,Processing,Express
3978469,205837,2025-05-10,Electronics,Phone,4,4744,10,18976,209,3074.11,20361.51,Card,Delivered,Express
3939065,569659,2024-12-19,Electronics,Laptop,3,36506,15,109518,423,16756.25,110269.55,COD,Processing,Express
2111175,843780,2024-04-03,Home,Mixer,4,30726,15,122904,262,18804.31,123534.71,COD,Delivered,Standard
6329650,432765,2025-05-20,Electronics,Phone,5,15592,10,77960,411,12629.52,83204.52,UPI,Shipped,Standard
4655870,917620,2025-01-24,Electronics,Laptop,2,6553,15,13106,431,2005.22,13576.32,Card,Returned,Express
9374519,691865,2024-11-14,Fashion,Shoes,1,31128,10,31128,207,5042.74,33264.94,COD,Delivered,Express
1068143,505334,2025-12-20,Home,Chair,2,6136,10,12272,483,1988.06,13515.86,UPI,Delivered,Standard
2647708,978384,2025-01-07,Home,Mixer,5,6511,0,32555,181,5859.9,38595.9,Card,Processing,Standard
6753507,917406,2025-05-08,Home,Mixer,2,44768,5,89536,230,15310.66,100599.86,Card,Returned,Standard
1492924,654028,2024-11-03,Fashion,Shoes,2,48098,10,96196,322,15583.75,102482.15,UPI,Delivered,Standard
9644151,697182,2024-06-21,Fashion,Shirt,5,43036,15,215180,125,32922.54,215950.54,UPI,Shipped,Express
6313470,201088,2024-07-09,Electronics,Laptop,5,46023,15,230115,354,35207.6,231159.35,COD,Shipped,Standard
5192000,439411,2024-11-25,Home,Mixer,2,33291,0,66582,237,11984.76,78803.76,COD,Shipped,Express
3177196,432849,2024-10-18,Fashion,Shoes,3,3354,10,10062,90,1630.04,10775.84,Card,Returned,Standard
4374132,528053,2025-01-07,Fashion,Shirt,1,47672,10,47672,467,7722.86,51094.66,COD,Delivered,Standard
9814800,407746,2024-02-04,Electronics,Laptop,3,33097,15,99291,295,15191.52,99883.87,UPI,Shipped,Standard
6843325,409906,2025-04-19,Fashion,Shoes,4,41232,5,164928,134,28202.69,185018.29,UPI,Processing,Express
4527321,119829,2024-01-28,Home,Chair,4,32779,0,131116,65,23600.88,154781.88,Card,Delivered,Standard
6613977,328160,2025-05-08,Electronics,Phone,3,16843,5,50529,136,8640.46,56779.01,Card,Shipped,Standard
3684154,947935,2024-06-13,Fashion,Shoes,5,18428,5,92140,258,15755.94,103546.94,Card,Shipped,Express
7953923,460020,2025-12-08,Home,Mixer,1,39322,5,39322,152,6724.06,44231.96,Card,Delivered,Express
8408165,427160,2025-01-26,Home,Chair,4,10483,15,41932,238,6415.6,42295.8,COD,Returned,Express
3839793,185714,2024-04-28,Home,Chair,4,33242,10,132968,132,21540.82,141344.02,UPI,Processing,Standard
7596846,308893,2025-11-14,Home,Mixer,2,49845,0,99690,260,17944.2,117894.2,UPI,Shipped,Standard
7065220,518804,2024-03-28,Home,Chair,1,22404,15,22404,335,3427.81,22806.21,COD,Processing,Express
7266610,581929,2025-03-07,Home,Chair,5,32115,5,160575,85,27458.33,180089.58,Card,Delivered,Standard
6104578,517915,2025-04-12,Fashion,Shoes,1,11327,15,11327,25,1733.03,11385.98,COD,Returned,Standard
5443948,807686,2024-10-09,Fashion,Shoes,4,16793,15,67172,199,10277.32,67572.52,UPI,Shipped,Standard
4271281,150917,2025-09-27,Electronics,Phone,5,10611,15,53055,318,8117.41,53532.17,Card,Shipped,Express
6937862,778592,2024-08-03,Electronics,Laptop,4,39884,15,159536,114,24409.01,160128.61,UPI,Shipped,Express
2952350,266665,2025-07-30,Fashion,Shoes,4,49675,0,198700,121,35766.0,234587.0,Card,Returned,Standard
6954918,367579,2024-06-03,Fashion,Shirt,4,16267,0,65068,60,11712.24,76840.24,Card,Shipped,Express
3775486,196051,2024-08-28,Fashion,Shirt,2,19926,15,39852,167,6097.36,40138.56,COD,Processing,Express
3475661,656747,2024-11-13,Electronics,Phone,1,16533,15,16533,347,2529.55,16929.6,UPI,Processing,Standard
5620931,976914,2024-05-13,Home,Mixer,4,46233,0,184932,100,33287.76,218319.76,COD,Returned,Standard
3932987,278585,2024-11-06,Fashion,Shoes,2,25799,5,51598,362,8823.26,58203.36,COD,Processing,Standard
9861512,295887,2025-08-15,Home,Mixer,4,13074,10,52296,447,8471.95,55985.35,UPI,Returned,Standard
9823831,125594,2024-04-02,Home,Chair,3,9943,10,29829,130,4832.3,31808.4,UPI,Delivered,Standard
5395517,309208,2024-11-15,Fashion,Shirt,3,33798,5,101394,44,17338.37,113706.67,UPI,Shipped,Standard
5096242,890778,2024-11-07,Electronics,Laptop,4,13642,10,54568,103,8840.02,58054.22,COD,Shipped,Standard
4753278,664635,2025-03-11,Electronics,Phone,4,47232,5,188928,288,32306.69,212076.29,Card,Shipped,Standard
8806517,753776,2025-12-31,Fashion,Shoes,5,18937,5,94685,361,16191.14,106502.88,Card,Shipped,Express
4457476,969711,2024-12-16,Fashion,Shoes,3,48292,5,144876,357,24773.8,162763.0,COD,Delivered,Standard
5204206,223826,2025-11-11,Home,Mixer,4,22129,15,88516,212,13542.95,88993.55,Card,Delivered,Standard
5549841,690705,2024-11-05,Home,Mixer,1,17853,0,17853,0,3213.54,21066.54,UPI,Processing,Standard
9251756,472185,2025-06-04,Home,Mixer,4,11898,10,47592,250,7709.9,50792.7,COD,Returned,Express
6280172,820487,2024-01-31,Home,Chair,5,23324,0,116620,443,20991.6,138054.6,Card,Returned,Standard
3882397,978384,2025-01-08,Home,Chair,3,5724,15,17172,297,2627.32,17520.52,COD,Delivered,Express
7186354,426370,2025-04-15,Electronics,Phone,3,18395,5,55185,442,9436.64,62304.39,COD,Delivered,Standard
6201364,851989,2024-12-16,Home,Chair,1,12307,10,12307,38,1993.73,13108.03,COD,Delivered,Standard
1065540,630903,2025-04-30,Home,Mixer,5,12245,0,61225,424,11020.5,72669.5,UPI,Shipped,Express
1208823,284838,2024-11-11,Fashion,Shoes,4,35518,5,142072,361,24294.31,159623.71,UPI,Delivered,Standard
9902614,731130,2025-07-29,Home,Mixer,4,37431,5,149724,250,25602.8,168090.6,Card,Processing,Express
7396159,674615,2024-09-11,Home,Mixer,3,26638,0,79914,417,14384.52,94715.52,COD,Processing,Standard
7858770,542611,2024-04-03,Home,Mixer,5,1606,15,8030,497,1228.59,8551.09,Card,Processing,Express
5755225,819982,2024-06-29,Home,Chair,5,37130,15,185650,308,28404.45,186514.95,Card,Delivered,Express
6951446,455311,2024-01-28,Electronics,Laptop,5,28510,0,142550,443,25659.0,168652.0,UPI,Delivered,Standard
3436116,432120,2024-10-25,Electronics,Phone,1,23401,0,23401,387,4212.18,28000.18,COD,Shipped,Express
3160649,358349,2024-03-09,Home,Mixer,5,17048,5,85240,358,14576.04,95912.04,COD,Returned,Standard
2965553,264590,2025-05-16,Home,Chair,1,18293,15,18293,77,2798.83,18424.88,Card,Processing,Standard
2411967,437643,2025-03-21,Electronics,Laptop,2,33948,0,67896,422,12221.28,80539.28,Card,Returned,Express
2486017,730662,2024-09-30,Electronics,Phone,3,33031,5,99093,324,16944.9,111407.25,COD,Delivered,Standard
2741915,214044,2025-12-05,Fashion,Shoes,2,33680,5,67360,56,11518.56,75566.56,UPI,Delivered,Standard
4024572,637395,2024-02-17,Fashion,Shoes,1,43014,5,43014,280,7355.39,48498.69,COD,Returned,Standard
4752385,327120,2025-12-08,Electronics,Phone,4,39748,10,158992,296,25756.7,169145.5,UPI,Processing,Express
7054488,231207,2025-10-03,Home,Chair,3,28740,0,86220,309,15519.6,102048.6,COD,Returned,Express
1920368,697982,2025-04-12,Home,Chair,4,36388,10,145552,396,23579.42,154972.22,UPI,Returned,Express
4696235,279848,2025-06-29,Fashion,Shoes,4,11705,0,46820,462,8427.6,55709.6,COD,Processing,Express
7196128,819861,2024-05-22,Electronics,Phone,2,8443,0,16886,99,3039.48,20024.48,UPI,Delivered,Express
7903860,967977,2025-04-13,Electronics,Phone,3,7495,15,22485,176,3440.2,22728.46,COD,Returned,Express
7973025,495520,2024-08-08,Fashion,Shoes,1,14970,0,14970,291,2694.6,17955.6,UPI,Shipped,Express
5246930,512357,2024-03-09,Fashion,Shoes,3,6448,15,19344,234,2959.63,19636.03,Card,Shipped,Standard
8343781,241707,2024-07-06,Home,Chair,4,37445,0,149780,283,26960.4,177023.4,Card,Delivered,Standard
7550686,956728,2025-07-05,Home,Mixer,4,33220,10,132880,491,21526.56,141609.56,UPI,Shipped,Standard
1228979,448372,2025-02-02,Fashion,Shirt,1,25726,0,25726,272,4630.68,30628.68,UPI,Shipped,Express
9940128,472185,2025-01-25,Fashion,Shoes,5,35482,5,177410,141,30337.11,199017.61,UPI,Returned,Express
6797415,828813,2024-09-12,Fashion,Shirt,1,26297,10,26297,216,4260.11,28143.41,Card,Processing,Standard
8705605,235527,2025-08-09,Fashion,Shoes,2,23998,15,47996,470,7343.39,48609.99,Card,Returned,Standard
7483668,906425,2025-05-09,Home,Mixer,3,32442,15,97326,499,14890.88,98116.98,COD,Processing,Standard
2206399,935817,2024-06-16,Home,Chair,2,15792,15,31584,497,4832.35,32175.75,COD,Processing,Express
6996922,677944,2025-02-25,Electronics,Laptop,3,24048,15,72144,359,11038.03,72719.43,Card,Shipped,Express
2785077,541464,2025-09-06,Electronics,Phone,4,12909,0,51636,294,9294.48,61224.48,UPI,Shipped,Standard
6870395,373045,2024-08-13,Electronics,Laptop,4,10005,10,40020,166,6483.24,42667.24,COD,Delivered,Standard
8498516,526349,2024-02-08,Fashion,Shoes,2,13858,15,27716,142,4240.55,27941.15,COD,Returned,Express
5747617,674615,2025-08-04,Home,Chair,1,13899,10,13899,197,2251.64,14957.74,Card,Delivered,Standard
2945451,297173,2025-10-27,Home,Chair,5,19498,10,97490,339,15793.38,103873.38,COD,Shipped,Express
8080807,363069,2025-11-26,Electronics,Laptop,4,37918,10,151672,203,24570.86,161278.66,COD,Returned,Express
5847370,334037,2025-01-20,Home,Chair,4,20333,0,81332,279,14639.76,96250.76,COD,Delivered,Express
9073424,359309,2025-03-01,Fashion,Shirt,5,6757,10,33785,339,5473.17,36218.67,UPI,Shipped,Express
8261299,189100,2025-04-17,Fashion,Shoes,1,28287,5,28287,87,4837.08,31796.73,UPI,Shipped,Standard
8707436,969200,2025-03-09,Home,Mixer,2,35128,15,70256,360,10749.17,70826.77,Card,Delivered,Standard
3414155,253576,2024-05-11,Fashion,Shoes,4,10534,15,42136,9,6446.81,42271.41,UPI,Shipped,Express
4178156,241707,2024-08-21,Fashion,Shirt,5,48019,5,240095,306,41056.24,269452.49,COD,Returned,Standard
7283830,872703,2025-07-22,Fashion,Shoes,2,14781,15,29562,230,4522.99,29880.69,UPI,Delivered,Standard
4176858,602086,2024-12-02,Home,Chair,2,37411,0,74822,61,13467.96,88350.96,COD,Delivered,Express
7704885,882431,2024-11-12,Fashion,Shoes,2,16562,0,33124,330,5962.32,39416.32,Card,Delivered,Standard
3358123,982828,2025-02-01,Home,Chair,3,41255,10,123765,337,20049.93,131775.43,UPI,Delivered,Standard
9688850,273202,2024-03-30,Electronics,Laptop,2,9267,0,18534,359,3336.12,22229.12,Card,Delivered,Standard
6355707,518804,2024-07-24,Electronics,Phone,4,17399,10,69596,295,11274.55,74205.95,Card,Returned,Standard
1525786,559411,2024-10-21,Electronics,Laptop,2,8884,5,17768,418,3038.33,20335.93,Card,Shipped,Standard
3833806,128586,2024-02-21,Fashion,Shirt,5,34107,5,170535,432,29161.49,191601.73,COD,Processing,Express
9817643,698980,2025-10-12,Home,Mixer,3,6163,0,18489,150,3328.02,21967.02,UPI,Returned,Standard
2785779,857373,2024-03-02,Electronics,Laptop,4,17578,10,70312,104,11390.54,74775.34,COD,Delivered,Express
2293652,723460,2025-11-30,Fashion,Shoes,4,20386,15,81544,393,12476.23,82181.63,Card,Returned,Standard
4508820,865351,2025-10-24,Fashion,Shoes,5,23179,10,115895,7,18774.99,123087.49,Card,Delivered,Standard
1242122,788554,2025-10-28,Home,Mixer,2,18519,15,37038,61,5666.81,37210.11,Card,Delivered,Standard
9137917,514932,2024-05-23,Fashion,Shirt,5,17501,10,87505,11,14175.81,92941.31,UPI,Returned,Standard
6256027,556238,2025-12-30,Fashion,Shoes,3,47417,10,142251,415,23044.66,151485.56,COD,Returned,Express
8897041,323377,2025-12-14,Home,Chair,2,14306,5,28612,325,4892.65,32399.05,Card,Shipped,Express
8068804,319247,2024-01-28,Electronics,Laptop,2,34217,0,68434,59,12318.12,80811.12,Card,Processing,Standard
3898440,991841,2024-05-05,Fashion,Shirt,5,11025,10,55125,245,8930.25,58787.75,Card,Processing,Express
6546082,674228,2024-05-13,Fashion,Shirt,5,38231,0,191155,405,34407.9,225967.9,COD,Returned,Express
5082441,960912,2025-01-29,Electronics,Laptop,5,22995,5,114975,234,19660.72,129120.98,COD,Returned,Standard
1535201,382359,2024-12-29,Electronics,Laptop,5,42121,10,210605,248,34118.01,223910.51,UPI,Processing,Standard
5935621,426948,2024-06-09,Home,Chair,2,10474,10,20948,315,3393.58,22561.78,COD,Processing,Express
2424198,404385,2025-01-22,Home,Chair,1,16099,5,16099,216,2752.93,18262.98,Card,Processing,Express
1414757,286204,2024-02-24,Electronics,Laptop,4,30069,10,120276,189,19484.71,127922.11,Card,Processing,Standard
1578614,643873,2025-10-18,Fashion,Shoes,1,43182,15,43182,19,6606.85,43330.55,COD,Shipped,Express
1086571,546788,2024-03-25,Fashion,Shoes,2,40173,10,80346,481,13016.05,85808.45,UPI,Returned,Express
8498538,108892,2024-11-30,Fashion,Shirt,3,2087,0,6261,91,1126.98,7478.98,COD,Processing,Standard
4696499,426370,2024-01-13,Fashion,Shoes,4,22621,0,90484,340,16287.12,107111.12,COD,Returned,Express
6341499,448372,2025-11-05,Electronics,Laptop,2,40868,15,81736,176,12505.61,82157.21,Card,Delivered,Express
6278829,167543,2025-09-17,Home,Chair,2,27537,0,55074,231,9913.32,65218.32,Card,Delivered,Express
6405970,147974,2025-11-29,Electronics,Phone,5,16368,5,81840,141,13994.64,91883.64,UPI,Processing,Express
2612464,343454,2025-04-22,Home,Mixer,5,25453,15,127265,226,19471.54,127872.79,UPI,Shipped,Express
3195472,575003,2024-12-18,Fashion,Shoes,1,1326,10,1326,481,214.81,1889.21,Card,Delivered,Express
5836186,317932,2024-11-10,Home,Chair,4,30900,10,123600,146,20023.2,131409.2,Card,Processing,Standard
5452697,571217,2025-10-28,Fashion,Shoes,1,35733,0,35733,164,6431.94,42328.94,UPI,Shipped,Standard
2300021,991841,2025-09-04,Fashion,Shirt,4,5782,0,23128,363,4163.04,27654.04,UPI,Returned,Standard
7738532,809727,2024-08-28,Home,Mixer,1,28304,0,28304,259,5094.72,33657.72,UPI,Processing,Standard
6319474,130451,2025-09-10,Home,Mixer,2,32584,0,65168,343,11730.24,77241.24,COD,Returned,Express
8886631,364856,2024-08-15,Home,Mixer,3,11928,15,35784,85,5474.95,35976.35,UPI,Processing,Standard
6400751,165348,2024-12-12,Home,Chair,2,6400,5,12800,228,2188.8,14576.8,Card,Shipped,Standard
3939028,807249,2025-07-31,Electronics,Phone,1,29600,10,29600,213,4795.2,31648.2,UPI,Delivered,Express
6221264,683939,2025-03-09,Home,Chair,3,542,5,1626,328,278.05,2150.75,UPI,Returned,Express
1696746,798307,2024-08-28,Fashion,Shirt,3,13626,15,40878,415,6254.33,41415.63,UPI,Shipped,Express
5727363,335994,2025-10-26,Electronics,Phone,4,14067,0,56268,307,10128.24,66703.24,COD,Processing,Express
8094826,405361,2024-06-28,Electronics,Phone,3,10416,10,31248,203,5062.18,33388.38,UPI,Processing,Express
1290820,432835,2025-01-12,Home,Chair,3,32400,10,97200,177,15746.4,103403.4,UPI,Processing,Express
4553664,426948,2025-11-26,Electronics,Laptop,2,40193,0,80386,116,14469.48,94971.48,COD,Shipped,Standard
3316587,643873,2024-12-04,Fashion,Shoes,5,35563,15,177815,52,27205.69,178400.45,Card,Shipped,Standard
2618111,367459,2025-12-06,Fashion,Shirt,3,6724,15,20172,480,3086.32,20712.52,UPI,Delivered,Express
9989195,194884,2024-09-10,Fashion,Shoes,2,44252,0,88504,103,15930.72,104537.72,Card,Shipped,Standard
8605580,616213,2024-03-26,Home,Mixer,1,23283,15,23283,223,3562.3,23575.85,COD,Returned,Express
5423535,625231,2025-02-20,Fashion,Shoes,1,43215,0,43215,287,7778.7,51280.7,COD,Processing,Express
6610610,750152,2025-03-09,Home,Chair,2,37828,10,75656,354,12256.27,80700.67,Card,Delivered,Express
2666537,223806,2024-08-15,Fashion,Shoes,3,7261,10,21783,353,3528.85,23486.55,Card,Shipped,Standard
2748578,619072,2025-12-07,Fashion,Shirt,3,16645,10,49935,196,8089.47,53226.97,UPI,Delivered,Standard
6981429,329408,2024-04-02,Electronics,Laptop,1,42614,0,42614,202,7670.52,50486.52,Card,Shipped,Express
8048089,552623,2024-02-20,Electronics,Phone,4,20557,15,82228,15,12580.88,82489.68,COD,Processing,Express
8447634,125323,2025-12-29,Home,Chair,5,2443,5,12215,132,2088.76,13825.01,Card,Returned,Standard
8267579,196515,2024-05-25,Electronics,Phone,1,17341,0,17341,461,3121.38,20923.38,Card,Delivered,Express
7466432,663601,2024-08-20,Fashion,Shoes,3,13945,15,41835,262,6400.76,42222.5,Card,Shipped,Standard
1617147,863762,2024-09-13,Fashion,Shirt,5,28102,10,140510,178,22762.62,149399.62,Card,Processing,Standard
6698228,150917,2025-08-25,Electronics,Laptop,5,4674,10,23370,443,3785.94,25261.94,UPI,Returned,Express
1127465,781098,2025-04-06,Fashion,Shoes,3,32172,15,96516,449,14766.95,97254.55,UPI,Delivered,Express
2925129,956096,2025-05-14,Home,Mixer,4,37261,5,149044,24,25486.52,167102.32,COD,Delivered,Express
4179558,619120,2024-08-23,Home,Mixer,3,20694,15,62082,25,9498.55,62293.25,COD,Returned,Express
7511090,671774,2025-01-31,Fashion,Shoes,2,14556,15,29112,220,4454.14,29419.34,Card,Delivered,Express
4953235,275514,2025-09-11,Fashion,Shirt,4,12741,5,50964,10,8714.84,57140.64,UPI,Returned,Standard
5918368,575329,2024-02-10,Fashion,Shoes,4,31475,15,125900,464,19262.7,126741.7,Card,Processing,Express
9022955,604471,2024-12-31,Home,Mixer,5,43070,0,215350,21,38763.0,254134.0,COD,Returned,Express
8281446,791236,2025-08-31,Electronics,Laptop,1,26367,5,26367,186,4508.76,29743.41,COD,Delivered,Standard
7029576,873273,2024-12-17,Home,Mixer,4,30804,15,123216,213,18852.05,123798.65,UPI,Returned,Express
7629460,609380,2025-06-13,Fashion,Shirt,2,16100,15,32200,372,4926.6,32668.6,Card,Returned,Express
8398518,486599,2025-05-12,Fashion,Shoes,2,17393,15,34786,57,5322.26,34947.36,Card,Processing,Standard
8643664,185991,2024-04-10,Home,Mixer,2,33514,5,67028,74,11461.79,75212.39,Card,Delivered,Standard
8318007,819830,2024-02-15,Electronics,Laptop,5,33532,15,167660,429,25651.98,168591.98,COD,Delivered,Standard
2430494,674228,2025-06-24,Fashion,Shoes,4,37179,15,148716,337,22753.55,149499.15,UPI,Returned,Express
5978638,666345,2025-06-05,Home,Chair,3,5828,15,17484,366,2675.05,17902.45,Card,Delivered,Express
9073271,336695,2024-09-21,Electronics,Phone,1,35907,5,35907,142,6140.1,40393.75,COD,Delivered,Standard
5898546,542611,2024-07-08,Home,Mixer,3,22785,15,68355,314,10458.32,68874.07,UPI,Returned,Express
9145428,280537,2024-09-26,Electronics,Phone,1,1412,15,1412,146,216.04,1562.24,UPI,Returned,Standard
2111837,740980,2024-11-29,Electronics,Phone,4,20561,0,82244,218,14803.92,97265.92,COD,Delivered,Express
3602539,558405,2024-04-20,Fashion,Shirt,5,26255,0,131275,117,23629.5,155021.5,Card,Delivered,Express
2567142,849547,2025-03-20,Electronics,Laptop,5,39990,10,199950,481,32391.9,212827.9,COD,Processing,Express
2715097,723460,2025-08-16,Home,Chair,1,9599,0,9599,391,1727.82,11717.82,Card,Processing,Standard
9898351,836756,2024-05-29,Home,Chair,5,8106,10,40530,297,6565.86,43339.86,UPI,Returned,Standard
7676557,619120,2025-12-22,Electronics,Phone,4,25221,5,100884,92,17251.16,113182.96,COD,Returned,Express
3985937,231788,2025-07-21,Fashion,Shoes,1,39374,5,39374,102,6732.95,44240.25,Card,Delivered,Standard
7238262,625787,2024-12-07,Fashion,Shirt,4,3124,5,12496,279,2136.82,14287.02,Card,Returned,Standard
4064451,239478,2025-11-03,Home,Mixer,3,15146,5,45438,75,7769.9,51011.0,Card,Processing,Express
2149893,150538,2025-07-18,Home,Chair,4,14915,5,59660,273,10201.86,67151.86,Card,Processing,Standard
8179622,883564,2024-05-16,Fashion,Shirt,1,19645,0,19645,306,3536.1,23487.1,COD,Returned,Express
9761503,941704,2024-10-11,Fashion,Shoes,2,41812,0,83624,139,15052.32,98815.32,UPI,Shipped,Express
1293266,947514,2025-10-01,Electronics,Laptop,2,27175,15,54350,173,8315.55,54686.05,COD,Delivered,Express
4813818,927036,2024-05-18,Electronics,Phone,4,17277,15,69108,21,10573.52,69336.32,UPI,Delivered,Express
8296806,423516,2025-08-24,Home,Mixer,5,7086,15,35430,101,5420.79,35637.29,Card,Shipped,Standard
4055696,275514,2024-11-01,Electronics,Laptop,5,10125,15,50625,93,7745.62,50869.88,UPI,Returned,Express
9729677,175027,2025-06-26,Home,Mixer,4,20461,5,81844,350,13995.32,92097.12,Card,Delivered,Standard
2537281,536924,2025-10-21,Fashion,Shoes,3,19682,0,59046,323,10628.28,69997.28,UPI,Processing,Express
8685034,476639,2025-12-01,Fashion,Shoes,4,45694,15,182776,7,27964.73,183331.33,UPI,Returned,Standard
1832073,602086,2025-07-20,Fashion,Shirt,3,27746,15,83238,354,12735.41,83841.71,UPI,Processing,Standard
4610714,559608,2025-12-12,Electronics,Phone,4,19799,5,79196,201,13542.52,88979.72,Card,Returned,Standard
7174031,826198,2025-11-06,Electronics,Phone,4,20395,5,81580,32,13950.18,91483.18,COD,Processing,Express
6511230,149744,2025-05-14,Electronics,Laptop,5,7516,5,37580,434,6426.18,42561.18,Card,Delivered,Standard
2865951,927036,2024-02-27,Fashion,Shoes,4,31568,10,126272,455,20456.06,134555.86,UPI,Shipped,Express
3386527,390365,2024-04-06,Electronics,Phone,3,49618,0,148854,163,26793.72,175810.72,Card,Returned,Express
4905399,167310,2025-11-09,Home,Mixer,5,14045,10,70225,247,11376.45,74825.95,COD,Processing,Express
1164193,654061,2024-07-13,Home,Chair,4,6078,15,24312,385,3719.74,24769.94,UPI,Processing,Standard
9124293,533481,2025-11-04,Home,Mixer,2,6660,15,13320,387,2037.96,13746.96,UPI,Processing,Express
3776326,336695,2024-04-05,Home,Mixer,4,41971,0,167884,168,30219.12,198271.12,Card,Shipped,Express
9254608,807217,2024-08-19,Electronics,Laptop,3,31951,5,95853,254,16390.86,107705.21,Card,Processing,Express
5738571,656747,2024-01-28,Electronics,Laptop,1,35319,5,35319,163,6039.55,39755.6,COD,Returned,Express
4402027,858790,2025-02-02,Fashion,Shirt,5,16348,10,81740,433,13241.88,87240.88,Card,Delivered,Express
5389809,906425,2025-07-17,Home,Chair,1,49493,0,49493,499,8908.74,58900.74,UPI,Processing,Standard
5357215,226762,2024-09-19,Fashion,Shoes,1,16807,5,16807,261,2874.0,19101.65,Card,Processing,Express
8608168,724912,2025-12-12,Fashion,Shirt,1,47362,10,47362,194,7672.64,50492.44,COD,Delivered,Standard
1781183,367692,2025-07-19,Home,Mixer,4,2759,0,11036,229,1986.48,13251.48,UPI,Returned,Standard
6039069,747817,2024-12-09,Electronics,Laptop,1,12737,0,12737,197,2292.66,15226.66,COD,Shipped,Express
6495042,791763,2024-05-05,Fashion,Shoes,3,5726,0,17178,299,3092.04,20569.04,COD,Processing,Express
2248774,355600,2025-08-22,Electronics,Laptop,3,6015,0,18045,387,3248.1,21680.1,COD,Processing,Standard
9081348,988627,2024-03-02,Fashion,Shirt,2,9142,0,18284,382,3291.12,21957.12,COD,Delivered,Standard
8466511,642022,2024-02-16,Fashion,Shirt,3,31753,0,95259,357,17146.62,112762.62,Card,Returned,Standard
9121860,243229,2025-05-27,Electronics,Phone,1,35039,5,35039,146,5991.67,39424.72,COD,Shipped,Express
1813653,937223,2024-08-29,Home,Mixer,5,26590,0,132950,378,23931.0,157259.0,Card,Processing,Standard
7119291,920268,2024-02-20,Home,Chair,5,20681,10,103405,2,16751.61,109818.11,COD,Processing,Express
8803739,486599,2025-08-08,Home,Mixer,1,36794,0,36794,62,6622.92,43478.92,Card,Returned,Express
9189318,167543,2025-10-30,Electronics,Laptop,2,13289,5,26578,407,4544.84,30200.94,Card,Processing,Standard
7063500,724912,2025-01-10,Fashion,Shirt,5,49210,15,246050,257,37645.65,247045.15,Card,Shipped,Standard
1306274,940775,2025-09-25,Electronics,Laptop,2,33735,5,67470,12,11537.37,75645.87,Card,Delivered,Standard
6771252,683939,2025-11-14,Home,Chair,1,21463,5,21463,1,3670.17,24061.02,COD,Shipped,Standard
4293351,708248,2024-02-04,Electronics,Phone,5,23887,5,119435,243,20423.38,134129.64,COD,Returned,Standard
3557864,727220,2024-06-28,Home,Chair,2,37690,5,75380,46,12889.98,84546.98,COD,Returned,Express
2211212,455850,2025-04-08,Fashion,Shoes,1,31093,0,31093,134,5596.74,36823.74,UPI,Delivered,Standard
2291610,231788,2025-08-10,Electronics,Phone,1,41204,10,41204,303,6675.05,44061.65,COD,Shipped,Express
6239065,681331,2024-05-04,Fashion,Shirt,2,38046,0,76092,143,13696.56,89931.56,UPI,Returned,Standard
7829777,316641,2024-03-28,Electronics,Phone,4,45304,10,181216,174,29356.99,192625.39,Card,Delivered,Express
7895804,261669,2024-03-31,Fashion,Shoes,3,14417,10,43251,37,7006.66,45969.56,Card,Delivered,Standard
6271601,409828,2024-08-19,Fashion,Shoes,2,34529,10,69058,380,11187.4,73719.6,COD,Delivered,Standard
5434761,280537,2025-04-02,Electronics,Laptop,3,29530,10,88590,86,14351.58,94168.58,COD,Processing,Express
9660850,102208,2024-09-23,Fashion,Shoes,4,24175,10,96700,243,15665.4,102938.4,UPI,Returned,Standard
5534530,214044,2025-08-20,Home,Chair,4,38420,10,153680,9,24896.16,163217.16,COD,Shipped,Standard
3070682,409828,2025-07-27,Home,Mixer,1,17874,0,17874,424,3217.32,21515.32,Card,Delivered,Standard
7484879,485989,2024-08-25,Fashion,Shoes,3,10712,0,32136,2,5784.48,37922.48,Card,Processing,Express
4779522,419605,2024-12-02,Fashion,Shoes,5,33373,15,166865,45,25530.34,167410.6,Card,Shipped,Standard
2397512,196051,2025-09-30,Fashion,Shirt,2,37373,0,74746,477,13454.28,88677.28,Card,Shipped,Express
8948780,571389,2024-10-09,Electronics,Laptop,3,19201,5,57603,170,9850.11,64742.96,UPI,Returned,Express
3315176,656747,2025-03-15,Electronics,Phone,5,30079,10,150395,327,24363.99,160046.49,Card,Returned,Standard
4005323,407746,2025-09-03,Home,Mixer,4,14597,10,58388,370,9458.86,62378.06,UPI,Processing,Express
9647157,725549,2025-09-06,Home,Chair,3,12984,0,38952,18,7011.36,45981.36,Card,Shipped,Standard
6925173,667712,2024-09-07,Home,Chair,2,34282,15,68564,248,10490.29,69017.69,UPI,Shipped,Standard
5004041,354006,2025-03-29,Home,Mixer,4,40878,0,163512,250,29432.16,193194.16,UPI,Shipped,Express
5747478,630903,2024-04-10,Fashion,Shirt,3,16616,5,49848,102,8524.01,55981.61,Card,Shipped,Standard
2542656,633123,2025-02-14,Fashion,Shoes,3,7672,15,23016,226,3521.45,23311.05,UPI,Processing,Standard
3719732,857373,2024-02-25,Home,Mixer,3,9107,0,27321,259,4917.78,32497.78,Card,Processing,Express
8397338,560743,2025-08-31,Electronics,Phone,3,27119,0,81357,46,14644.26,96047.26,UPI,Delivered,Standard
7166743,766404,2024-01-18,Fashion,Shirt,3,28718,15,86154,465,13181.56,86877.46,UPI,Delivered,Standard
8416753,981991,2024-07-26,Home,Chair,3,24959,0,74877,179,13477.86,88533.86,UPI,Delivered,Express
4621160,892290,2024-03-24,Home,Mixer,4,46752,10,187008,224,30295.3,198826.5,UPI,Processing,Standard
7647057,920268,2025-08-29,Home,Mixer,4,45668,5,182672,158,31236.91,204933.31,COD,Returned,Express
1790821,920720,2024-01-27,Home,Chair,2,4430,5,8860,27,1515.06,9959.06,UPI,Processing,Standard
5858866,816730,2024-03-30,Fashion,Shoes,2,18392,5,36784,191,6290.06,41425.86,Card,Processing,Standard
5354710,746869,2024-07-18,Electronics,Laptop,2,44484,15,88968,210,13612.1,89444.9,Card,Processing,Express
1044577,510275,2025-11-14,Electronics,Laptop,2,49698,15,99396,331,15207.59,100025.19,UPI,Returned,Express
6591552,117501,2024-07-20,Fashion,Shoes,5,49817,15,249085,120,38110.0,249952.26,Card,Returned,Express
4088699,559158,2025-08-21,Electronics,Laptop,2,10927,10,21854,33,3540.35,23241.95,UPI,Processing,Standard
5765061,268010,2025-11-10,Electronics,Phone,2,32567,5,65134,14,11137.91,73029.21,COD,Delivered,Express
7373054,956096,2024-09-22,Electronics,Laptop,3,28174,5,84522,1,14453.26,94750.16,Card,Shipped,Express
5861641,344406,2024-11-26,Electronics,Laptop,4,46291,5,185164,290,31663.04,207858.84,UPI,Shipped,Express
4408652,266665,2024-12-31,Home,Chair,1,4799,10,4799,209,777.44,5305.54,UPI,Delivered,Standard
6009611,994737,2025-11-30,Electronics,Laptop,1,12395,5,12395,375,2119.55,14269.8,Card,Delivered,Standard
6990563,568393,2025-07-20,Home,Chair,5,7781,5,38905,91,6652.76,43703.5,COD,Processing,Express
9241564,699172,2025-10-27,Home,Mixer,5,31034,10,155170,168,25137.54,164958.54,UPI,Returned,Express
5765077,547007,2025-10-22,Home,Mixer,2,7919,0,15838,262,2850.84,18950.84,UPI,Processing,Express
5314047,201088,2024-09-27,Home,Mixer,5,39790,5,198950,122,34020.45,223144.95,Card,Delivered,Express
8445911,687629,2024-08-25,Electronics,Laptop,4,9760,10,39040,436,6324.48,41896.48,COD,Returned,Standard
4619451,898035,2024-02-17,Home,Mixer,2,1832,10,3664,128,593.57,4019.17,Card,Delivered,Express
4556801,587355,2025-02-23,Fashion,Shirt,1,12115,15,12115,334,1853.6,12485.34,COD,Delivered,Standard
4438136,879858,2025-03-23,Home,Chair,2,49221,5,98442,419,16833.58,110772.48,Card,Shipped,Express
6024321,363069,2024-08-21,Fashion,Shoes,1,47441,15,47441,107,7258.47,47690.32,Card,Shipped,Standard
7421956,843780,2024-09-12,Fashion,Shoes,3,22936,10,68808,360,11146.9,73434.1,UPI,Processing,Standard
1624052,344406,2025-08-23,Electronics,Laptop,5,19913,0,99565,213,17921.7,117699.7,UPI,Processing,Express
1058521,596784,2024-11-08,Home,Mixer,1,38901,0,38901,406,7002.18,46309.18,UPI,Delivered,Express
2873843,611554,2024-05-09,Fashion,Shoes,4,42505,5,170020,105,29073.42,190697.42,UPI,Processing,Standard
7284513,823092,2025-08-01,Electronics,Laptop,2,29613,0,59226,314,10660.68,70200.68,COD,Delivered,Standard
7502543,500960,2024-05-20,Electronics,Laptop,1,16409,10,16409,268,2658.26,17694.36,UPI,Delivered,Express
6801792,845738,2025-11-28,Electronics,Phone,4,25199,15,100796,20,15421.79,101118.39,COD,Delivered,Standard
4773355,559411,2025-07-19,Electronics,Laptop,2,35151,0,70302,112,12654.36,83068.36,Card,Processing,Standard
2118017,175027,2025-01-25,Home,Chair,4,13851,5,55404,218,9474.08,62325.88,COD,Shipped,Express
1578449,379680,2025-01-03,Electronics,Phone,2,215,10,430,262,69.66,718.66,UPI,Processing,Standard
4846156,778592,2025-05-31,Home,Mixer,5,42076,5,210380,482,35974.98,236317.98,Card,Shipped,Express
9814369,611669,2024-03-12,Home,Mixer,5,34909,0,174545,274,31418.1,206237.1,UPI,Processing,Standard
7269817,390647,2025-01-03,Home,Chair,4,9274,5,37096,477,6343.42,42061.62,Card,Delivered,Standard
7932130,391106,2024-05-11,Fashion,Shirt,1,25781,0,25781,493,4640.58,30914.58,Card,Processing,Express
6358102,698259,2025-03-16,Electronics,Phone,5,30112,10,150560,49,24390.72,159943.72,COD,Returned,Express
6554026,119829,2024-02-05,Fashion,Shoes,5,45648,5,228240,148,39029.04,256005.04,COD,Delivered,Express
5983549,864589,2024-04-19,Fashion,Shoes,5,17544,0,87720,105,15789.6,103614.6,Card,Delivered,Standard
1975116,496329,2025-02-23,Home,Mixer,2,13698,10,27396,308,4438.15,29402.55,UPI,Returned,Standard
5656677,654383,2024-08-18,Fashion,Shirt,4,32177,5,128708,212,22009.07,144493.67,UPI,Returned,Standard
5305142,205851,2024-06-07,Fashion,Shirt,1,21186,10,21186,93,3432.13,22592.53,COD,Delivered,Express
8614821,245001,2025-03-14,Electronics,Phone,5,24154,15,120770,389,18477.81,121521.31,COD,Returned,Express
7309612,516536,2024-04-08,Home,Mixer,4,16267,10,65068,431,10541.02,69533.22,COD,Returned,Express
7535581,580401,2024-10-08,Home,Mixer,3,41019,10,123057,117,19935.23,130803.53,UPI,Shipped,Standard
1584842,553981,2024-01-06,Electronics,Phone,5,9379,15,46895,56,7174.93,47091.68,COD,Shipped,Express
5658200,316641,2025-04-14,Home,Mixer,5,6140,15,30700,394,4697.1,31186.1,Card,Processing,Standard
1645496,495520,2024-03-04,Home,Mixer,4,11293,0,45172,317,8130.96,53619.96,COD,Shipped,Standard
9845435,512719,2025-11-16,Fashion,Shoes,4,12554,10,50216,422,8134.99,53751.39,COD,Delivered,Express
4953151,121363,2025-04-02,Fashion,Shirt,5,46500,5,232500,287,39757.5,260919.5,Card,Shipped,Express
5280275,219869,2025-01-06,Home,Mixer,4,22276,15,89104,336,13632.91,89707.31,UPI,Delivered,Standard
1991828,499721,2024-11-04,Electronics,Phone,3,28015,5,84045,18,14371.69,94232.45,Card,Returned,Standard
7380792,761412,2024-08-04,Electronics,Phone,2,18658,15,37316,98,5709.35,37525.95,Card,Shipped,Express
4639870,470434,2024-10-17,Electronics,Laptop,5,19284,15,96420,492,14752.26,97201.26,COD,Processing,Express
6688571,435317,2024-05-10,Fashion,Shoes,3,15316,0,45948,404,8270.64,54622.64,COD,Shipped,Express
8615519,360273,2024-04-15,Home,Mixer,5,37760,10,188800,160,30585.6,200665.6,UPI,Shipped,Standard
5670896,428188,2024-09-18,Home,Chair,1,25382,15,25382,500,3883.45,25958.15,UPI,Processing,Standard
7396496,488521,2024-04-30,Home,Chair,5,25668,0,128340,176,23101.2,151617.2,UPI,Delivered,Express
6003241,432651,2024-10-22,Fashion,Shoes,4,27294,15,109176,426,16703.93,109929.53,COD,Processing,Standard
2613298,107840,2024-06-04,Home,Chair,2,40939,10,81878,259,13264.24,87213.44,UPI,Shipped,Standard
9729571,551067,2025-10-03,Fashion,Shirt,4,48962,15,195848,394,29964.74,196829.54,UPI,Processing,Express
4159126,263346,2024-02-20,Home,Mixer,1,18786,15,18786,296,2874.26,19138.36,UPI,Shipped,Standard
3756162,145599,2025-06-17,Electronics,Laptop,5,15263,10,76315,463,12363.03,81509.53,COD,Shipped,Standard
9696478,852843,2024-06-10,Fashion,Shoes,4,14065,15,56260,205,8607.78,56633.78,Card,Processing,Standard
8442307,696853,2024-09-29,Fashion,Shoes,4,39302,15,157208,405,24052.82,158084.62,UPI,Shipped,Standard
5372290,488521,2025-12-27,Home,Chair,5,46825,0,234125,268,42142.5,276535.5,COD,Processing,Standard
1273098,294936,2024-06-23,Fashion,Shirt,1,14444,15,14444,9,2209.93,14496.33,Card,Returned,Express
8141062,649344,2024-12-04,Fashion,Shirt,1,6881,5,6881,212,1176.65,7925.6,Card,Shipped,Standard
1535599,900267,2025-06-24,Fashion,Shoes,3,5676,15,17028,165,2605.28,17244.08,Card,Returned,Standard
6621946,309546,2025-04-23,Home,Mixer,2,10637,0,21274,347,3829.32,25450.32,Card,Returned,Express
3732408,571389,2025-07-31,Home,Chair,5,41044,10,205220,113,33245.64,218056.64,Card,Shipped,Standard
6350009,821619,2024-07-06,Home,Mixer,2,28340,10,56680,304,9182.16,60498.16,COD,Shipped,Standard
1886166,860705,2025-07-22,Fashion,Shirt,3,34985,10,104955,54,17002.71,111516.21,COD,Shipped,Standard
4154775,572745,2024-04-22,Home,Mixer,2,9951,15,19902,449,3045.01,20410.71,UPI,Shipped,Standard
7993586,448856,2024-12-25,Fashion,Shoes,3,48356,15,145068,4,22195.4,145507.2,COD,Processing,Express
8951968,990231,2025-02-22,Electronics,Phone,5,2333,0,11665,484,2099.7,14248.7,COD,Shipped,Standard
4845956,758976,2024-08-17,Fashion,Shirt,5,24938,5,124690,425,21321.99,140202.49,COD,Returned,Express
9010138,677944,2024-09-04,Home,Chair,4,44325,15,177300,62,27126.9,177893.9,COD,Returned,Standard
2379174,864589,2024-08-25,Home,Chair,4,49156,5,196624,151,33622.7,220566.5,Card,Shipped,Express
6862354,611554,2024-12-23,Fashion,Shoes,3,45302,15,135906,88,20793.62,136401.72,Card,Delivered,Express
8250725,419605,2024-12-17,Fashion,Shirt,1,8647,15,8647,207,1322.99,8879.94,COD,Processing,Express
3840253,219869,2024-11-29,Fashion,Shirt,4,40260,10,161040,118,26088.48,171142.48,Card,Returned,Express
6870793,314771,2024-03-18,Home,Chair,4,34959,15,139836,262,21394.91,140517.51,Card,Shipped,Standard
2817215,616213,2024-08-02,Electronics,Phone,3,29553,0,88659,378,15958.62,104995.62,Card,Processing,Standard
6539882,671990,2025-05-19,Fashion,Shirt,1,7394,10,7394,326,1197.83,8178.43,COD,Processing,Express
2156605,676936,2025-08-04,Home,Mixer,5,30284,10,151420,279,24530.04,161087.04,COD,Delivered,Express
4554731,336321,2024-06-06,Home,Mixer,5,30669,0,153345,405,27602.1,181352.1,COD,Processing,Standard
1847469,178835,2025-06-28,Fashion,Shirt,5,42986,5,214930,263,36753.03,241199.53,UPI,Delivered,Express
3033391,845738,2025-12-05,Electronics,Phone,5,23783,10,118915,496,19264.23,126783.73,UPI,Delivered,Standard
3235743,417518,2025-10-24,Electronics,Laptop,5,35471,10,177355,244,28731.51,188595.01,Card,Processing,Standard
2980915,608480,2025-09-17,Home,Chair,1,4939,15,4939,254,755.67,5207.82,COD,Returned,Express
4428614,129333,2025-02-27,Home,Chair,4,17318,5,69272,487,11845.51,78140.91,Card,Returned,Express
6512549,698259,2025-02-23,Electronics,Laptop,3,1641,5,4923,215,841.83,5733.68,UPI,Shipped,Standard
3356534,500960,2024-07-31,Home,Mixer,2,7550,0,15100,472,2718.0,18290.0,COD,Returned,Standard
8825822,778592,2025-06-09,Electronics,Phone,1,5520,15,5520,482,844.56,6018.56,COD,Returned,Standard
7342745,639343,2025-02-10,Fashion,Shirt,2,3885,5,7770,281,1328.67,8991.17,Card,Processing,Standard
6216588,972787,2025-12-16,Fashion,Shoes,4,16853,0,67412,371,12134.16,79917.16,UPI,Returned,Express
1184920,917907,2025-01-02,Fashion,Shoes,5,47782,0,238910,341,43003.8,282254.8,COD,Processing,Express
8654648,510275,2024-07-05,Electronics,Phone,4,31977,10,127908,190,20721.1,136028.3,COD,Delivered,Express
3454366,276139,2024-04-08,Home,Mixer,1,2578,5,2578,179,440.84,3068.94,UPI,Shipped,Express
7247774,750152,2024-11-27,Electronics,Laptop,3,35893,5,107679,126,18413.11,120834.16,Card,Delivered,Standard
8993592,118035,2024-09-17,Fashion,Shoes,3,41981,0,125943,94,22669.74,148706.74,UPI,Returned,Express
8854434,716122,2024-07-25,Fashion,Shirt,4,20624,10,82496,191,13364.35,87801.75,Card,Processing,Standard
9021246,495520,2025-01-01,Electronics,Phone,4,23726,15,94904,264,14520.31,95452.71,Card,Delivered,Express
8440347,838832,2025-01-02,Home,Chair,4,39178,10,156712,10,25387.34,166438.14,COD,Shipped,Express
7763894,509446,2024-10-20,Electronics,Laptop,2,32272,5,64544,237,11037.02,72590.82,UPI,Returned,Standard
2355502,791236,2024-01-21,Electronics,Laptop,2,8484,15,16968,250,2596.1,17268.9,COD,Returned,Standard
1640559,568393,2025-01-18,Electronics,Laptop,1,46317,10,46317,141,7503.35,49329.65,UPI,Processing,Express
6943425,753816,2024-03-06,Fashion,Shirt,5,26919,15,134595,126,20593.03,135124.79,Card,Returned,Standard
3188379,693458,2025-06-28,Home,Chair,1,25471,10,25471,381,4126.3,27431.2,COD,Processing,Standard
6485227,240891,2024-03-16,Home,Mixer,4,14430,5,57720,429,9870.12,65133.12,Card,Returned,Standard
9162684,688626,2025-07-02,Home,Chair,1,24206,5,24206,263,4139.23,27397.93,Card,Shipped,Standard
7925456,473111,2024-11-16,Home,Chair,4,32706,5,130824,285,22370.9,146938.7,Card,Shipped,Express
1047678,609604,2025-11-20,Electronics,Laptop,2,9270,5,18540,328,3170.34,21111.34,COD,Processing,Standard
6861421,776633,2025-02-05,Electronics,Phone,1,47146,5,47146,47,8061.97,52897.67,Card,Processing,Standard
3058079,427160,2025-09-14,Fashion,Shoes,3,41743,15,125229,11,19160.04,125615.69,UPI,Shipped,Standard
2019062,740980,2025-11-12,Electronics,Laptop,4,25423,10,101692,92,16474.1,108088.9,Card,Delivered,Standard
6884661,218589,2025-04-17,Fashion,Shoes,3,28420,10,85260,283,13812.12,90829.12,COD,Processing,Standard
5190523,814747,2024-03-15,Home,Mixer,5,1913,5,9565,180,1635.62,10902.36,UPI,Returned,Standard
4432826,727220,2024-06-19,Home,Chair,4,3083,15,12332,499,1886.8,12868.0,Card,Processing,Standard
1857308,362209,2025-12-03,Electronics,Phone,3,42304,0,126912,341,22844.16,150097.16,UPI,Returned,Express
7412104,915707,2025-04-10,Fashion,Shirt,2,47365,15,94730,362,14493.69,95376.19,Card,Returned,Express
5894921,872703,2025-05-06,Fashion,Shoes,4,28627,10,114508,115,18550.3,121722.5,COD,Delivered,Express
9838008,320153,2024-03-26,Home,Mixer,5,16372,5,81860,77,13998.06,91842.06,COD,Delivered,Standard
7779080,231788,2024-11-15,Home,Mixer,4,39350,15,157400,375,24082.2,158247.2,Card,Processing,Express
1709737,470434,2025-05-07,Electronics,Phone,4,17673,5,70692,86,12088.33,79331.73,UPI,Returned,Express
3271302,435807,2024-03-28,Electronics,Phone,1,26403,10,26403,412,4277.29,28451.99,COD,Returned,Express
1782086,569659,2024-04-08,Home,Chair,5,40748,15,203740,90,31172.22,204441.22,Card,Delivered,Standard
4531414,665492,2024-08-22,Home,Chair,2,6870,5,13740,323,2349.54,15725.54,UPI,Processing,Standard
4784463,915160,2025-07-30,Home,Mixer,4,5265,0,21060,148,3790.8,24998.8,UPI,Processing,Standard
7482926,553981,2024-10-14,Electronics,Phone,4,8253,15,33012,184,5050.84,33295.04,Card,Delivered,Express
6391789,143046,2025-10-25,Fashion,Shoes,2,20232,15,40464,349,6190.99,40934.39,UPI,Shipped,Standard
6819974,220693,2025-07-19,Fashion,Shoes,1,46011,15,46011,106,7039.68,46255.03,Card,Shipped,Standard
8541996,693458,2025-05-23,Electronics,Laptop,1,29340,15,29340,450,4489.02,29878.02,UPI,Shipped,Standard
7162241,701235,2025-03-10,Fashion,Shirt,5,41648,15,208240,353,31860.72,209217.72,COD,Delivered,Standard
1629842,196515,2024-11-08,Home,Mixer,2,7934,10,15868,186,2570.62,17037.82,UPI,Shipped,Standard
1684136,330130,2024-02-29,Home,Mixer,5,24906,5,124530,416,21294.63,140014.13,UPI,Shipped,Express
3057593,950540,2025-01-08,Fashion,Shirt,4,38067,0,152268,166,27408.24,179842.24,Card,Processing,Express
2401324,168495,2024-01-29,Home,Chair,5,48436,5,242180,407,41412.78,271890.78,COD,Shipped,Express
2148382,516615,2024-09-09,Home,Chair,3,14758,10,44274,125,7172.39,47143.99,COD,Returned,Standard
3536102,435807,2024-05-23,Home,Chair,3,46270,0,138810,413,24985.8,164208.8,COD,Returned,Express
1911570,675951,2024-09-28,Fashion,Shoes,2,14798,10,29596,146,4794.55,31576.95,COD,Shipped,Standard
1444847,923669,2024-11-13,Home,Mixer,4,39095,10,156380,412,25333.56,166487.56,UPI,Processing,Standard
2652227,717613,2025-01-14,Fashion,Shirt,1,1560,0,1560,364,280.8,2204.8,Card,Processing,Standard
1172795,514932,2024-03-22,Home,Chair,1,35915,15,35915,476,5494.99,36498.75,Card,Processing,Express
7849675,669298,2025-01-12,Electronics,Laptop,4,24626,0,98504,395,17730.72,116629.72,COD,Delivered,Express
6320464,707110,2025-11-03,Home,Mixer,3,38899,0,116697,15,21005.46,137717.46,Card,Delivered,Standard
5086391,553981,2025-03-17,Electronics,Phone,4,47670,15,190680,82,29174.04,191334.04,COD,Returned,Express
9813622,205954,2025-02-11,Electronics,Phone,2,36688,15,73376,49,11226.53,73645.13,UPI,Shipped,Standard
4937518,960341,2024-01-16,Electronics,Phone,5,42991,0,214955,164,38691.9,253810.9,UPI,Processing,Express
4315920,542621,2024-05-18,Home,Mixer,1,32684,5,32684,96,5588.96,36734.76,Card,Returned,Express
8770043,677509,2024-05-22,Home,Chair,2,42162,5,84324,230,14419.4,94757.2,COD,Shipped,Standard
8578785,581929,2025-11-18,Fashion,Shirt,3,37929,15,113787,439,17409.41,114567.36,UPI,Returned,Express
8366149,354006,2025-07-17,Fashion,Shoes,3,43485,10,130455,482,21133.71,139025.21,COD,Shipped,Standard
7698390,773494,2025-02-01,Home,Chair,3,13411,5,40233,155,6879.84,45256.19,Card,Shipped,Standard
1222193,124782,2024-10-15,Home,Mixer,3,34392,5,103176,116,17643.1,115776.3,COD,Shipped,Express
1916474,420168,2025-06-29,Electronics,Laptop,1,21793,10,21793,320,3530.47,23464.17,Card,Delivered,Standard
6037867,526349,2025-07-11,Home,Mixer,2,35909,10,71818,219,11634.52,76489.72,COD,Processing,Express
4432648,889878,2024-07-28,Fashion,Shoes,3,36807,10,110421,361,17888.2,117628.1,UPI,Returned,Standard
5848162,671161,2024-11-01,Fashion,Shirt,5,45339,15,226695,119,34684.33,227494.08,UPI,Processing,Express
5108321,412349,2025-11-22,Home,Chair,4,34273,0,137092,90,24676.56,161858.56,COD,Processing,Express
5576840,797034,2024-10-04,Home,Mixer,1,47130,10,47130,367,7635.06,50419.06,COD,Returned,Standard
6348292,636547,2024-12-22,Home,Mixer,5,4173,15,20865,499,3192.34,21426.6,UPI,Shipped,Standard
5259789,849845,2025-12-19,Electronics,Phone,5,7736,10,38680,146,6266.16,41224.16,COD,Shipped,Express
6831045,843780,2024-02-14,Home,Chair,3,14981,10,44943,2,7280.77,47731.47,UPI,Processing,Standard
2224287,581434,2025-01-27,Home,Chair,3,25740,15,77220,347,11814.66,77798.66,COD,Delivered,Express
5407812,482453,2025-08-07,Fashion,Shirt,1,9650,0,9650,164,1737.0,11551.0,UPI,Shipped,Standard
4365407,961457,2024-05-13,Fashion,Shirt,2,40461,0,80922,153,14565.96,95640.96,Card,Returned,Express
7950050,592117,2025-06-07,Home,Mixer,3,6941,0,20823,353,3748.14,24924.14,COD,Processing,Express
3670043,443661,2025-02-24,Electronics,Laptop,4,10011,10,40044,265,6487.13,42791.73,COD,Shipped,Standard
8215776,426948,2024-10-11,Fashion,Shirt,5,38641,10,193205,220,31299.21,205403.71,UPI,Processing,Express
3449821,638728,2025-12-03,Fashion,Shoes,4,46797,5,187188,83,32009.15,209920.75,UPI,Returned,Standard
4734309,816610,2024-10-15,Home,Mixer,3,36324,0,108972,419,19614.96,129005.96,COD,Shipped,Standard
7536696,439411,2025-10-22,Home,Chair,2,14489,10,28978,41,4694.44,30815.64,COD,Processing,Express
1180943,367459,2024-01-20,Fashion,Shoes,2,22458,0,44916,352,8084.88,53352.88,COD,Processing,Express
6439491,426249,2024-07-06,Electronics,Phone,4,25022,10,100088,160,16214.26,106453.46,COD,Returned,Standard
7358747,780008,2024-08-05,Fashion,Shoes,5,45070,10,225350,378,36506.7,239699.7,Card,Shipped,Express
2140701,702256,2025-05-05,Home,Mixer,5,12281,5,61405,39,10500.25,68874.01,COD,Processing,Standard
8303320,526349,2024-05-01,Electronics,Phone,2,47548,0,95096,257,17117.28,112470.28,UPI,Processing,Standard
2989149,735068,2024-10-11,Fashion,Shirt,3,33596,0,100788,488,18141.84,119417.84,Card,Shipped,Express
9590318,923669,2024-03-12,Electronics,Phone,3,13958,0,41874,149,7537.32,49560.32,COD,Processing,Express
9336811,742202,2024-05-07,Fashion,Shoes,3,42112,10,126336,1,20466.43,134169.83,UPI,Processing,Standard
4968243,316641,2024-10-19,Electronics,Laptop,4,47841,5,191364,45,32723.24,214564.04,COD,Returned,Standard
9051071,299071,2025-05-18,Electronics,Laptop,3,22789,15,68367,246,10460.15,68818.1,COD,Delivered,Express
2098011,744675,2025-02-01,Home,Mixer,1,21067,0,21067,117,3792.06,24976.06,UPI,Delivered,Standard
3919299,917907,2024-08-28,Electronics,Phone,3,42264,5,126792,302,21681.43,142435.83,UPI,Returned,Standard
6210801,428498,2025-03-23,Fashion,Shirt,2,1988,0,3976,319,715.68,5010.68,UPI,Delivered,Standard
5413218,958102,2024-08-03,Home,Mixer,4,19192,15,76768,100,11745.5,77098.3,COD,Delivered,Standard
6252110,175840,2024-04-09,Fashion,Shirt,4,281,5,1124,41,192.2,1301.0,Card,Processing,Express
6778928,213174,2024-10-26,Electronics,Phone,3,2745,5,8235,30,1408.18,9261.43,UPI,Processing,Standard
4801799,284838,2024-12-22,Fashion,Shoes,3,48922,0,146766,207,26417.88,173390.88,UPI,Processing,Standard
7447326,874075,2024-03-25,Home,Chair,5,40392,0,201960,71,36352.8,238383.8,COD,Returned,Standard
2882641,464885,2024-04-11,Electronics,Laptop,5,2513,15,12565,203,1922.44,12805.69,UPI,Processing,Express
5745951,721998,2025-05-28,Home,Mixer,4,45460,10,181840,425,29458.08,193539.08,Card,Delivered,Standard
4819551,474151,2024-07-02,Electronics,Laptop,5,200,10,1000,128,162.0,1190.0,COD,Returned,Standard
5306982,592117,2024-10-12,Home,Chair,2,24569,0,49138,23,8844.84,58005.84,UPI,Shipped,Standard
7734296,317932,2024-06-24,Fashion,Shoes,2,3784,0,7568,72,1362.24,9002.24,Card,Processing,Express
8817519,441149,2025-06-18,Home,Chair,3,42176,0,126528,9,22775.04,149312.04,UPI,Returned,Express
5659514,288289,2024-07-15,Electronics,Phone,4,49980,0,199920,71,35985.6,235976.6,UPI,Returned,Standard
4221608,115267,2024-06-15,Fashion,Shirt,5,6275,10,31375,355,5082.75,33675.25,UPI,Delivered,Standard
4459299,915707,2024-08-17,Electronics,Phone,4,40572,15,162288,9,24830.06,162783.86,Card,Returned,Standard
3961048,698321,2025-03-02,Electronics,Phone,5,18817,15,94085,452,14395.0,94819.26,UPI,Processing,Standard
4263941,609380,2024-03-07,Home,Mixer,1,13148,5,13148,92,2248.31,14830.91,Card,Returned,Standard
4956267,708129,2024-05-13,Fashion,Shoes,5,44601,5,223005,95,38133.85,250083.6,Card,Shipped,Standard
6189621,626635,2024-05-24,Electronics,Phone,2,14523,0,29046,21,5228.28,34295.28,Card,Delivered,Standard
2247413,961457,2025-07-29,Fashion,Shoes,5,39691,10,198455,318,32149.71,211077.21,UPI,Returned,Standard
2092320,315466,2024-02-13,Electronics,Phone,4,1222,10,4888,23,791.86,5214.06,Card,Processing,Express
5397795,241707,2024-12-15,Fashion,Shoes,5,14559,15,72795,92,11137.64,73105.38,UPI,Shipped,Express
4870688,743486,2025-11-27,Electronics,Laptop,2,39340,15,78680,270,12038.04,79186.04,COD,Shipped,Express
4524041,696963,2025-08-24,Fashion,Shoes,5,33654,15,168270,290,25745.31,169064.81,UPI,Delivered,Express
7128557,854552,2024-02-27,Fashion,Shoes,1,25298,0,25298,202,4553.64,30053.64,Card,Shipped,Express
4316854,214807,2024-08-25,Fashion,Shirt,2,23254,15,46508,313,7115.72,46960.52,Card,Shipped,Standard
3527973,882431,2025-08-22,Fashion,Shirt,4,24911,0,99644,355,17935.92,117934.92,Card,Shipped,Express
3569818,745069,2024-09-27,Home,Chair,1,44856,15,44856,372,6862.97,45362.57,UPI,Delivered,Standard
7553004,917907,2025-04-14,Electronics,Phone,3,6161,15,18483,316,2827.9,18854.45,UPI,Delivered,Express
8659751,619072,2025-02-28,Fashion,Shirt,3,31743,15,95229,158,14570.04,95672.69,COD,Shipped,Standard
2059441,344873,2024-06-09,Fashion,Shirt,1,25775,0,25775,343,4639.5,30757.5,UPI,Shipped,Express
9826895,229919,2024-01-07,Home,Mixer,4,966,0,3864,109,695.52,4668.52,Card,Processing,Standard
3586212,846156,2024-06-21,Electronics,Laptop,5,10465,5,52325,227,8947.57,58883.32,Card,Shipped,Standard
4538127,185714,2025-12-18,Home,Chair,1,31140,0,31140,451,5605.2,37196.2,COD,Delivered,Standard
4275248,627467,2024-02-23,Electronics,Laptop,5,7919,0,39595,230,7127.1,46952.1,Card,Processing,Express
8965289,627467,2025-10-06,Fashion,Shoes,5,7907,5,39535,99,6760.48,44417.74,Card,Processing,Standard
8701636,581929,2025-07-29,Home,Mixer,2,3952,15,7904,234,1209.31,8161.71,Card,Shipped,Standard
3387517,517915,2024-04-02,Home,Chair,1,23068,15,23068,69,3529.4,23206.2,Card,Delivered,Standard
6718558,371699,2025-01-02,Electronics,Phone,3,32710,10,98130,30,15897.06,104244.06,Card,Delivered,Standard
1918270,619120,2024-08-02,Home,Chair,3,20086,15,60258,443,9219.47,60881.77,Card,Shipped,Express
1669719,175027,2024-01-31,Home,Mixer,1,5513,0,5513,172,992.34,6677.34,UPI,Returned,Express
4481921,367613,2024-04-30,Home,Mixer,3,36632,15,109896,93,16814.09,110318.69,Card,Returned,Standard
9494446,317699,2025-07-12,Fashion,Shirt,4,38783,5,155132,332,26527.57,174234.97,UPI,Returned,Standard
3513897,714190,2024-04-20,Electronics,Laptop,2,13860,10,27720,297,4490.64,29735.64,COD,Shipped,Express
4497869,616267,2024-11-17,Fashion,Shoes,3,3979,5,11937,351,2041.23,13732.38,COD,Processing,Express
3206418,960341,2024-01-30,Home,Mixer,3,6131,10,18393,124,2979.67,19657.37,COD,Processing,Standard
8686361,275605,2025-11-21,Electronics,Laptop,2,5238,10,10476,466,1697.11,11591.51,Card,Delivered,Express
1750313,417518,2025-08-09,Fashion,Shirt,3,31367,0,94101,65,16938.18,111104.18,UPI,Returned,Express
6289396,981991,2025-02-08,Home,Chair,3,3959,5,11877,268,2030.97,13582.12,Card,Processing,Express
8649954,558405,2024-01-11,Fashion,Shirt,3,39519,5,118557,50,20273.25,132952.4,Card,Delivered,Standard
4869921,637395,2024-10-08,Home,Mixer,4,3576,10,14304,112,2317.25,15302.85,Card,Delivered,Express
4348071,205954,2025-09-13,Electronics,Phone,1,41971,15,41971,419,6421.56,42515.91,COD,Shipped,Standard
2473161,837035,2025-11-11,Fashion,Shirt,4,36886,0,147544,276,26557.92,174377.92,COD,Processing,Express
7524278,596784,2024-03-13,Electronics,Phone,3,31908,10,95724,424,15507.29,102082.89,Card,Returned,Standard
5588408,196515,2024-05-06,Fashion,Shirt,3,38771,10,116313,90,18842.71,123614.41,UPI,Returned,Standard
2515154,804851,2025-02-01,Fashion,Shoes,3,20599,10,61797,323,10011.11,65951.41,COD,Processing,Standard
1390685,628594,2025-06-18,Home,Mixer,3,38227,15,114681,214,17546.19,115239.04,COD,Processing,Express
6962449,934879,2025-11-20,Fashion,Shoes,1,15329,15,15329,334,2345.34,15708.99,UPI,Returned,Express
9714577,816730,2024-07-06,Electronics,Laptop,5,44844,15,224220,335,34305.66,225227.66,Card,Returned,Standard
3706416,947935,2025-02-21,Home,Chair,4,5272,15,21088,187,3226.46,21338.26,UPI,Delivered,Standard
6494968,660285,2025-01-11,Fashion,Shoes,4,48808,15,195232,234,29870.5,196051.7,Card,Processing,Express
6168552,942904,2025-02-15,Home,Chair,3,49341,15,148023,75,22647.52,148542.07,COD,Processing,Express
8951978,100885,2024-07-22,Fashion,Shoes,4,46328,15,185312,3,28352.74,185870.94,COD,Returned,Express
8881752,913524,2025-12-08,Home,Chair,4,16831,15,67324,329,10300.57,67854.97,COD,Shipped,Standard
5346881,386171,2024-06-07,Home,Mixer,3,28870,0,86610,211,15589.8,102410.8,COD,Shipped,Standard
2768013,834430,2024-10-04,Home,Mixer,3,49544,15,148632,95,22740.7,149172.9,UPI,Processing,Express
8735871,386171,2025-01-12,Fashion,Shirt,5,27422,5,137110,483,23445.81,154183.31,Card,Shipped,Standard
6000808,284838,2024-09-03,Electronics,Phone,5,34988,0,174940,379,31489.2,206808.2,UPI,Shipped,Express
7042020,677509,2024-01-14,Electronics,Phone,2,19659,5,39318,183,6723.38,44258.48,Card,Processing,Standard
9868664,797562,2024-11-18,Electronics,Phone,3,7523,5,22569,433,3859.3,25732.85,COD,Returned,Express
4630554,436305,2024-07-20,Home,Chair,1,26816,10,26816,120,4344.19,28598.59,Card,Processing,Express
7977708,807249,2024-05-19,Fashion,Shoes,4,24840,0,99360,189,17884.8,117433.8,Card,Delivered,Standard
2558537,991841,2024-06-19,Fashion,Shoes,4,1858,15,7432,393,1137.1,7847.3,UPI,Shipped,Standard
5879152,185321,2024-07-14,Home,Mixer,5,28120,5,140600,487,24042.6,158099.6,COD,Processing,Standard
4801227,306948,2024-01-22,Fashion,Shoes,4,43763,5,175052,251,29933.89,196484.29,COD,Delivered,Standard
7876363,874441,2024-07-22,Fashion,Shoes,1,27992,0,27992,347,5038.56,33377.56,Card,Shipped,Express
5697687,113857,2024-09-16,Home,Chair,3,40689,15,122067,290,18676.25,122723.2,UPI,Processing,Express
2839688,213392,2025-11-05,Fashion,Shoes,3,13506,10,40518,80,6563.92,43110.12,UPI,Shipped,Express
4622098,342081,2025-08-06,Electronics,Phone,1,34928,5,34928,93,5972.69,39247.29,UPI,Delivered,Express
4462694,158849,2024-11-06,Home,Mixer,5,30833,15,154165,308,23587.24,154935.49,COD,Shipped,Express
5638486,676936,2025-10-03,Home,Mixer,1,3961,5,3961,435,677.33,4875.28,COD,Processing,Standard
8191735,625231,2025-06-07,Electronics,Phone,5,1604,0,8020,350,1443.6,9813.6,Card,Returned,Express
6887319,441149,2024-10-31,Home,Chair,5,15861,0,79305,132,14274.9,93711.9,UPI,Delivered,Standard
1149208,295887,2024-05-16,Home,Mixer,5,13435,10,67175,488,10882.35,71827.85,UPI,Delivered,Standard
1054002,516536,2025-11-21,Fashion,Shoes,4,2885,0,11540,205,2077.2,13822.2,COD,Delivered,Standard
9002710,500926,2024-05-29,Fashion,Shirt,5,7617,0,38085,276,6855.3,45216.3,Card,Shipped,Express
6353707,111394,2025-08-14,Home,Mixer,5,825,10,4125,259,668.25,4639.75,UPI,Processing,Express
3044995,900267,2025-06-12,Fashion,Shirt,2,26662,0,53324,416,9598.32,63338.32,Card,Processing,Express
7253012,418104,2025-06-20,Electronics,Laptop,4,9138,0,36552,479,6579.36,43610.36,COD,Processing,Standard
4961814,299071,2025-02-15,Fashion,Shirt,1,24193,15,24193,80,3701.53,24345.58,UPI,Delivered,Express
2247947,457456,2024-01-01,Home,Mixer,5,38920,10,194600,337,31525.2,207002.2,Card,Processing,Express
2621740,664352,2025-09-23,Home,Chair,4,23588,10,94352,385,15285.02,100586.82,COD,Processing,Standard
2829961,336695,2025-07-03,Home,Chair,5,29796,10,148980,254,24134.76,158470.76,COD,Delivered,Standard
1566585,102208,2025-03-27,Fashion,Shoes,2,32528,0,65056,15,11710.08,76781.08,UPI,Delivered,Express
7915981,101661,2025-05-12,Electronics,Laptop,2,15652,0,31304,372,5634.72,37310.72,Card,Returned,Standard
6164613,131011,2024-10-19,Electronics,Phone,5,46576,5,232880,466,39822.48,261524.48,COD,Returned,Express
1862396,679147,2024-07-07,Home,Mixer,3,43916,15,131748,240,20157.44,132383.24,COD,Returned,Express
1872303,917406,2025-07-31,Fashion,Shirt,4,42756,5,171024,462,29245.1,192179.9,Card,Shipped,Standard
6943049,804851,2024-09-28,Fashion,Shirt,5,34255,15,171275,10,26205.08,171798.83,Card,Processing,Standard
4070810,626635,2025-10-23,Fashion,Shoes,4,33186,0,132744,185,23893.92,156822.92,COD,Shipped,Express
6600945,679715,2024-02-29,Home,Mixer,2,10489,10,20978,60,3398.44,22338.64,UPI,Processing,Standard
8485252,281248,2025-06-27,Fashion,Shirt,5,240,0,1200,190,216.0,1606.0,UPI,Delivered,Express
6461901,674228,2025-10-02,Electronics,Phone,4,24150,5,96600,97,16518.6,108385.6,UPI,Shipped,Express
1141372,629828,2024-05-04,Fashion,Shoes,5,44587,0,222935,240,40128.3,263303.3,UPI,Delivered,Express
8657321,917406,2024-03-14,Electronics,Phone,1,5334,10,5334,216,864.11,5880.71,Card,Processing,Express
1608297,248562,2025-10-07,Electronics,Phone,4,33637,0,134548,417,24218.64,159183.64,Card,Returned,Express
9746843,967977,2024-10-05,Fashion,Shirt,5,3373,5,16865,236,2883.91,19141.67,Card,Returned,Express
9505301,960341,2025-04-25,Fashion,Shoes,4,17483,15,69932,298,10699.6,70439.8,Card,Returned,Express
1923279,310609,2025-12-12,Home,Chair,1,5462,10,5462,255,884.84,6055.64,COD,Returned,Express
7768635,742202,2024-05-16,Fashion,Shoes,2,253,5,506,300,86.53,867.23,Card,Delivered,Express
2819348,669285,2025-12-17,Fashion,Shirt,3,33293,10,99879,328,16180.4,106399.5,UPI,Shipped,Express
8081556,698321,2025-09-23,Electronics,Phone,2,41865,0,83730,310,15071.4,99111.4,UPI,Returned,Express
9629231,649344,2024-12-18,Home,Chair,4,39853,0,159412,325,28694.16,188431.16,UPI,Processing,Express
2656383,679147,2024-04-01,Fashion,Shoes,5,4229,15,21145,85,3235.18,21293.44,COD,Shipped,Express
6853019,474121,2024-08-02,Electronics,Laptop,5,21765,5,108825,7,18609.08,121999.82,UPI,Delivered,Express
7429470,185714,2024-11-09,Electronics,Laptop,3,34252,5,102756,394,17571.28,115583.48,COD,Delivered,Express
8214110,636547,2024-06-02,Electronics,Laptop,2,39180,10,78360,287,12694.32,83505.32,Card,Shipped,Standard
2707642,413228,2025-05-12,Home,Chair,2,29043,0,58086,372,10455.48,68913.48,Card,Delivered,Standard
3427691,275605,2024-12-29,Electronics,Laptop,1,240,10,240,195,38.88,449.88,UPI,Processing,Express
6036964,705861,2025-07-17,Electronics,Laptop,4,29216,15,116864,177,17880.19,117391.59,COD,Returned,Standard
7426918,432765,2025-06-13,Electronics,Laptop,4,6683,5,26732,217,4571.17,30183.57,COD,Delivered,Standard
4757351,212069,2024-09-08,Home,Chair,5,5940,0,29700,463,5346.0,35509.0,Card,Shipped,Express
7358207,125594,2025-06-15,Home,Mixer,1,26660,5,26660,351,4558.86,30236.86,Card,Returned,Standard
8579150,578001,2024-04-13,Electronics,Laptop,5,14911,10,74555,196,12077.91,79373.41,UPI,Delivered,Express
7380823,444031,2024-12-17,Fashion,Shoes,4,16656,5,66624,197,11392.7,74882.5,UPI,Returned,Standard
8977083,355600,2024-10-19,Fashion,Shoes,4,4250,0,17000,456,3060.0,20516.0,UPI,Processing,Express
7935072,534555,2025-10-13,Electronics,Laptop,5,9182,0,45910,244,8263.8,54417.8,Card,Delivered,Express
3779161,903238,2025-05-01,Fashion,Shirt,1,26580,5,26580,106,4545.18,29902.18,Card,Returned,Standard
3065536,753223,2024-03-18,Home,Chair,5,27786,5,138930,180,23757.03,155920.53,COD,Delivered,Express
1877262,435807,2024-05-24,Home,Mixer,5,49517,10,247585,108,40108.77,263043.27,COD,Shipped,Express
4671147,394426,2024-12-30,Home,Chair,4,16856,5,67424,354,11529.5,75936.3,UPI,Shipped,Express
3045567,134035,2024-08-06,Electronics,Phone,1,5888,15,5888,361,900.86,6266.66,UPI,Returned,Express
2031382,780357,2024-09-15,Home,Mixer,1,23812,0,23812,168,4286.16,28266.16,UPI,Returned,Standard
9018397,904423,2025-09-26,Home,Mixer,2,30965,0,61930,300,11147.4,73377.4,COD,Returned,Standard
7161871,614650,2024-07-20,Fashion,Shoes,4,10891,5,43564,313,7449.44,49148.24,Card,Delivered,Standard
3822054,444031,2025-05-02,Home,Chair,4,6936,10,27744,208,4494.53,29672.13,COD,Returned,Express
4808065,624677,2025-12-01,Fashion,Shoes,4,49659,0,198636,157,35754.48,234547.48,UPI,Processing,Express
9152462,122533,2024-12-08,Fashion,Shirt,1,10479,5,10479,462,1791.91,12208.96,Card,Processing,Express
1944039,715296,2024-10-10,Fashion,Shoes,2,27478,0,54956,23,9892.08,64871.08,Card,Shipped,Standard
7984082,118971,2025-10-16,Fashion,Shirt,5,15160,5,75800,47,12961.8,85018.8,Card,Delivered,Standard
8849759,315413,2024-09-10,Fashion,Shirt,5,566,0,2830,384,509.4,3723.4,UPI,Returned,Standard
7238095,987302,2025-09-29,Home,Chair,2,39929,0,79858,415,14374.44,94647.44,COD,Returned,Express
5663695,616267,2025-11-28,Home,Chair,1,21717,5,21717,275,3713.61,24619.76,COD,Delivered,Standard
3919665,730018,2025-07-01,Home,Mixer,5,38101,10,190505,379,30861.81,202695.31,UPI,Returned,Express
4526013,422249,2025-08-31,Electronics,Laptop,3,4102,15,12306,280,1882.82,12622.92,COD,Delivered,Standard
9352408,280537,2024-03-26,Home,Chair,3,46994,5,140982,343,24107.92,158383.82,COD,Shipped,Standard
4733728,746869,2025-02-24,Fashion,Shirt,1,24930,15,24930,66,3814.29,25070.79,Card,Returned,Express
8779968,104203,2024-01-07,Home,Mixer,2,11925,5,23850,402,4078.35,27137.85,Card,Processing,Standard
6759453,868360,2024-01-25,Electronics,Laptop,1,48297,10,48297,95,7824.11,51386.41,UPI,Processing,Standard
4539262,310184,2025-05-29,Home,Mixer,3,27741,10,83223,455,13482.13,88837.83,COD,Delivered,Express
3091247,879858,2024-10-21,Home,Chair,5,21762,0,108810,13,19585.8,128408.8,Card,Delivered,Standard
3998730,691472,2024-09-22,Fashion,Shoes,2,41738,0,83476,450,15025.68,98951.68,COD,Returned,Express
3940373,279848,2024-03-02,Electronics,Laptop,3,49871,5,149613,272,25583.82,167988.17,Card,Processing,Express
1899548,895460,2024-08-15,Electronics,Phone,5,36821,5,184105,254,31481.95,206635.7,UPI,Returned,Express
2589037,552623,2025-06-13,Fashion,Shirt,5,47916,0,239580,259,43124.4,282963.4,COD,Processing,Standard
8324932,118732,2024-06-10,Electronics,Phone,5,25601,0,128005,294,23040.9,151339.9,COD,Shipped,Express
9644556,342081,2024-11-03,Electronics,Laptop,4,14840,15,59360,208,9082.08,59746.08,COD,Shipped,Express
2781452,792594,2025-05-14,Electronics,Phone,1,5829,5,5829,369,996.76,6903.31,Card,Processing,Standard
4182230,735068,2024-03-11,Home,Chair,5,30670,15,153350,115,23462.55,153925.05,Card,Processing,Express
7780374,997871,2025-10-28,Electronics,Phone,2,20949,5,41898,192,7164.56,47159.66,UPI,Processing,Express
4717344,835341,2025-01-26,Fashion,Shoes,5,42586,5,212930,103,36411.03,238797.53,COD,Delivered,Express
7798267,913440,2025-11-16,Fashion,Shirt,4,11736,10,46944,58,7604.93,49912.53,UPI,Processing,Express
2310458,149744,2024-07-14,Home,Chair,1,39265,15,39265,456,6007.55,39838.79,COD,Processing,Standard
8312969,371671,2025-04-29,Home,Chair,4,10419,0,41676,448,7501.68,49625.68,COD,Delivered,Standard
7244392,344873,2025-10-21,Electronics,Phone,4,36048,0,144192,99,25954.56,170245.56,UPI,Shipped,Standard
8367463,109652,2024-08-29,Home,Mixer,4,35440,10,141760,229,22965.12,150778.12,Card,Shipped,Standard
8500646,552623,2024-06-05,Electronics,Laptop,3,28874,10,86622,373,14032.76,92365.56,Card,Processing,Express
8051334,679715,2025-12-06,Home,Mixer,1,19685,10,19685,217,3188.97,21122.47,COD,Returned,Express
2749064,194884,2025-10-01,Fashion,Shoes,5,49261,5,246305,39,42118.15,276146.91,COD,Returned,Standard
8409600,161640,2025-04-30,Electronics,Phone,5,11943,15,59715,273,9136.4,60167.15,COD,Returned,Standard
1187652,619896,2025-02-28,Fashion,Shoes,2,16529,0,33058,149,5950.44,39157.44,COD,Returned,Standard
8270114,924646,2025-05-13,Fashion,Shoes,4,16986,5,67944,379,11618.42,76544.22,COD,Processing,Express
1615915,567317,2024-07-14,Fashion,Shoes,2,5160,15,10320,103,1578.96,10453.96,Card,Delivered,Standard
1994561,316641,2025-10-27,Fashion,Shoes,5,44931,0,224655,37,40437.9,265129.9,UPI,Delivered,Express
7752747,131011,2025-01-15,Home,Mixer,4,43500,0,174000,151,31320.0,205471.0,COD,Shipped,Standard
1945507,474151,2024-11-10,Home,Chair,5,36734,0,183670,422,33060.6,217152.6,Card,Processing,Standard
8591272,992339,2024-06-08,Fashion,Shoes,1,4843,5,4843,57,828.15,5486.0,COD,Processing,Standard
8096574,118035,2025-12-10,Electronics,Phone,4,34410,15,137640,145,21058.92,138197.92,COD,Processing,Express
6708568,498055,2024-11-13,Home,Chair,5,40573,0,202865,40,36515.7,239420.7,UPI,Delivered,Express
1968892,728993,2024-06-12,Home,Mixer,3,30645,15,91935,463,14066.06,92673.8,COD,Delivered,Standard
8468206,281657,2025-11-06,Fashion,Shoes,1,30869,0,30869,420,5556.42,36845.42,Card,Returned,Express
9380129,450573,2025-11-21,Fashion,Shirt,4,23570,5,94280,92,16121.88,105779.88,Card,Delivered,Standard
5412093,566677,2025-04-02,Electronics,Laptop,2,41793,15,83586,105,12788.66,83941.76,Card,Delivered,Express
8196931,944605,2024-02-03,Fashion,Shoes,5,32781,5,163905,358,28027.75,184095.51,Card,Delivered,Express
9172206,397845,2025-03-16,Electronics,Laptop,2,5388,15,10776,82,1648.73,10890.33,Card,Shipped,Express
3828331,132191,2025-12-15,Home,Mixer,4,47792,15,191168,426,29248.7,192167.5,COD,Returned,Standard
2535917,279849,2024-04-29,Electronics,Laptop,2,41465,0,82930,408,14927.4,98265.4,UPI,Processing,Express
3134099,978393,2025-02-13,Electronics,Laptop,4,9586,5,38344,369,6556.82,43352.62,Card,Shipped,Standard
6379195,653259,2025-08-10,Home,Chair,2,49526,15,99052,296,15154.96,99645.16,COD,Shipped,Express
2354561,474294,2024-10-24,Home,Chair,3,30417,0,91251,65,16425.18,107741.18,Card,Returned,Standard
7669374,946796,2024-12-26,Home,Chair,1,37304,5,37304,184,6378.98,42001.78,UPI,Shipped,Standard
5019719,336695,2024-02-10,Home,Chair,1,34163,5,34163,263,5841.87,38559.72,UPI,Shipped,Express
1822278,125323,2025-09-13,Fashion,Shoes,4,29569,5,118276,277,20225.2,132864.4,UPI,Returned,Express
5176276,166023,2025-08-20,Electronics,Laptop,1,24789,0,24789,255,4462.02,29506.02,Card,Processing,Express
6715742,141967,2025-02-23,Home,Mixer,5,17338,15,86690,431,13263.57,87381.07,Card,Processing,Standard
6053935,903238,2024-02-24,Home,Mixer,3,8841,10,26523,253,4296.73,28420.43,COD,Delivered,Express
4562330,683484,2025-03-01,Electronics,Laptop,1,18094,15,18094,107,2768.38,18255.28,UPI,Returned,Standard
7219205,639343,2024-03-03,Electronics,Laptop,1,791,5,791,456,135.26,1342.71,Card,Delivered,Standard
8407147,758976,2025-06-27,Electronics,Laptop,1,48086,0,48086,43,8655.48,56784.48,UPI,Returned,Standard
4183104,852843,2025-06-07,Fashion,Shoes,3,4217,10,12651,51,2049.46,13486.36,COD,Processing,Express
9469077,920268,2025-05-10,Electronics,Laptop,3,40681,15,122043,133,18672.58,122542.13,UPI,Delivered,Standard
4495254,602086,2024-04-11,Home,Mixer,4,5164,15,20656,461,3160.37,21178.97,Card,Delivered,Standard
3069664,701235,2024-05-05,Home,Chair,2,28741,0,57482,115,10346.76,67943.76,COD,Delivered,Express
2857147,883564,2024-04-22,Fashion,Shirt,4,11570,10,46280,321,7497.36,49470.36,Card,Delivered,Express
5572248,204857,2024-02-01,Fashion,Shirt,4,4293,5,17172,84,2936.41,19333.81,COD,Processing,Standard
8086028,436850,2025-10-25,Fashion,Shoes,4,33147,10,132588,397,21479.26,141205.46,COD,Processing,Standard
8042083,692383,2025-09-05,Home,Mixer,3,30729,0,92187,71,16593.66,108851.66,Card,Processing,Standard
6103348,353147,2025-08-15,Fashion,Shirt,2,29353,15,58706,75,8982.02,58957.12,Card,Processing,Express
5162947,640075,2024-01-07,Home,Chair,4,9726,5,38904,489,6652.58,44100.38,COD,Delivered,Standard
3113387,547482,2025-01-28,Fashion,Shirt,5,7498,10,37490,396,6073.38,40210.38,COD,Shipped,Standard
5695194,701235,2024-01-12,Home,Chair,2,3744,5,7488,34,1280.45,8428.05,UPI,Returned,Express
5490290,696853,2025-11-21,Electronics,Laptop,1,21370,5,21370,213,3654.27,24168.77,Card,Processing,Standard
4958381,721998,2025-05-03,Fashion,Shoes,5,9899,0,49495,164,8909.1,58568.1,COD,Processing,Standard
1252759,117501,2025-05-11,Electronics,Laptop,2,6522,0,13044,236,2347.92,15627.92,COD,Processing,Express
2970467,142686,2024-06-02,Home,Mixer,2,33888,10,67776,226,10979.71,72204.11,UPI,Processing,Standard
1767775,947190,2025-11-29,Fashion,Shoes,4,16342,0,65368,414,11766.24,77548.24,UPI,Delivered,Express
6611690,126681,2025-10-15,Fashion,Shoes,4,23038,15,92152,69,14099.26,92497.46,COD,Delivered,Express
9729093,913914,2025-05-11,Electronics,Laptop,1,40597,15,40597,426,6211.34,41144.79,Card,Processing,Express
3264540,495898,2025-07-26,Electronics,Phone,2,34870,5,69740,290,11925.54,78468.54,COD,Shipped,Express
2605570,552209,2025-12-04,Home,Chair,2,25593,10,51186,159,8292.13,54518.53,UPI,Processing,Express
8643561,231090,2024-06-06,Fashion,Shirt,5,46403,5,232015,215,39674.56,260303.82,UPI,Delivered,Standard
6405876,608033,2024-08-09,Electronics,Phone,1,15291,0,15291,137,2752.38,18180.38,UPI,Returned,Express
5333269,174162,2025-01-22,Fashion,Shoes,3,43691,15,131073,108,20054.17,131574.22,COD,Processing,Express
2057153,575329,2024-01-13,Fashion,Shoes,1,21605,5,21605,219,3694.45,24438.21,COD,Shipped,Standard
4786072,213392,2025-03-24,Home,Chair,1,41863,0,41863,356,7535.34,49754.34,Card,Processing,Express
5983146,903238,2024-01-14,Electronics,Laptop,2,13858,0,27716,147,4988.88,32851.88,Card,Returned,Standard
7859789,165348,2025-04-11,Fashion,Shoes,3,3276,5,9828,153,1680.59,11170.19,UPI,Shipped,Express
6055190,571325,2024-06-25,Electronics,Laptop,5,38442,5,192210,399,32867.91,215866.41,COD,Shipped,Standard
3785905,857373,2024-04-18,Fashion,Shoes,4,32295,5,129180,94,22089.78,144904.78,UPI,Returned,Express
4142810,930975,2025-01-31,Home,Mixer,2,25682,10,51364,87,8320.97,54635.57,COD,Delivered,Express
5882246,510275,2025-04-30,Electronics,Laptop,2,5043,10,10086,94,1633.93,10805.33,UPI,Returned,Express
5192545,907668,2025-09-07,Electronics,Phone,3,14189,15,42567,86,6512.75,42780.7,UPI,Returned,Standard
3891573,720137,2025-01-01,Fashion,Shoes,3,5101,10,15303,449,2479.09,16700.79,COD,Processing,Standard
3391568,804851,2025-07-28,Fashion,Shoes,4,4656,10,18624,79,3017.09,19857.69,UPI,Delivered,Standard
4764228,167543,2024-04-22,Electronics,Phone,3,48243,10,144729,74,23446.1,153776.2,Card,Shipped,Express
8860426,926399,2025-12-28,Fashion,Shirt,5,45941,10,229705,359,37212.21,244305.71,Card,Delivered,Express
9011534,796000,2025-02-09,Fashion,Shirt,2,16741,10,33482,101,5424.08,35658.88,UPI,Processing,Standard
7212181,149744,2024-09-30,Electronics,Laptop,3,11029,0,33087,425,5955.66,39467.66,COD,Processing,Standard
1169118,863762,2024-01-09,Fashion,Shirt,1,28269,15,28269,298,4325.16,28651.81,UPI,Shipped,Express
6710632,209340,2025-12-01,Fashion,Shoes,2,46975,10,93950,182,15219.9,99956.9,COD,Shipped,Standard
7621281,130451,2024-12-21,Electronics,Laptop,4,30795,15,123180,261,18846.54,123810.54,COD,Processing,Standard
1796707,780357,2025-07-22,Electronics,Phone,1,2066,5,2066,449,353.29,2764.99,COD,Returned,Express
7203469,800216,2025-08-02,Electronics,Laptop,1,32227,5,32227,317,5510.82,36443.47,COD,Delivered,Express
5026567,638916,2025-07-24,Home,Mixer,2,10057,0,20114,280,3620.52,24014.52,COD,Shipped,Standard
6266498,616213,2025-09-11,Electronics,Laptop,1,11815,0,11815,364,2126.7,14305.7,UPI,Delivered,Express
8987465,697982,2024-09-28,Electronics,Phone,3,48923,15,146769,480,22455.66,147689.31,COD,Returned,Standard
1396100,889878,2024-12-12,Fashion,Shoes,4,18474,10,73896,76,11971.15,78553.55,UPI,Shipped,Standard
9315036,921126,2024-05-25,Electronics,Phone,5,2624,0,13120,62,2361.6,15543.6,Card,Shipped,Standard
7070854,427160,2024-10-07,Fashion,Shirt,1,38118,10,38118,354,6175.12,40835.32,COD,Delivered,Express
9713511,488521,2025-10-25,Electronics,Laptop,5,44959,15,224795,238,34393.64,225707.39,COD,Shipped,Express
2279660,370500,2024-03-02,Home,Chair,3,4686,0,14058,380,2530.44,16968.44,COD,Processing,Express
2082487,906425,2024-06-30,Electronics,Phone,5,16897,0,84485,356,15207.3,100048.3,COD,Delivered,Standard
3395028,996626,2025-02-03,Home,Mixer,4,25041,10,100164,328,16226.57,106702.17,COD,Returned,Standard
1897581,281411,2024-09-07,Electronics,Phone,5,9470,5,47350,427,8096.85,53506.35,UPI,Shipped,Express
8384708,873273,2025-05-16,Home,Mixer,3,48224,5,144672,449,24738.91,162626.31,UPI,Processing,Standard
2519843,834430,2025-01-03,Home,Chair,3,46934,0,140802,223,25344.36,166369.36,UPI,Delivered,Express
7239761,352696,2025-09-04,Electronics,Phone,5,44060,5,220300,3,37671.3,246959.3,UPI,Delivered,Express
5413612,188793,2024-11-23,Fashion,Shoes,2,10834,15,21668,100,3315.2,21833.0,Card,Shipped,Express
5050072,278585,2025-11-06,Home,Chair,1,27976,5,27976,60,4783.9,31421.1,COD,Delivered,Express
3619384,267379,2025-07-09,Home,Mixer,2,32899,10,65798,457,10659.28,70334.48,Card,Delivered,Standard
5260561,942410,2024-05-27,Fashion,Shoes,1,5141,5,5141,135,879.11,5898.06,UPI,Delivered,Express
9660509,654028,2024-08-09,Electronics,Phone,2,27135,5,54270,181,9280.17,61017.67,UPI,Returned,Express
7094538,937223,2024-07-26,Home,Chair,3,25318,15,75954,175,11620.96,76356.86,UPI,Returned,Express
7676058,524101,2024-06-28,Fashion,Shoes,1,4257,15,4257,215,651.32,4484.77,Card,Returned,Standard
9225388,432835,2024-03-16,Home,Mixer,5,6263,0,31315,310,5636.7,37261.7,UPI,Shipped,Standard
4013745,847473,2024-07-27,Fashion,Shoes,4,22892,0,91568,441,16482.24,108491.24,UPI,Returned,Express
9360722,608033,2024-06-05,Home,Chair,5,41504,5,207520,291,35485.92,232920.92,Card,Processing,Standard
6557004,825303,2024-12-02,Fashion,Shoes,5,6948,10,34740,15,5627.88,36908.88,COD,Processing,Standard
7964089,742195,2025-11-24,Fashion,Shoes,1,19194,10,19194,464,3109.43,20848.03,COD,Delivered,Express
4333065,317699,2024-09-03,Electronics,Laptop,2,13533,15,27066,464,4141.1,27611.2,UPI,Processing,Express
5650180,455567,2025-10-18,Electronics,Laptop,3,11443,10,34329,82,5561.3,36539.4,UPI,Processing,Standard
7715788,722378,2024-07-08,Fashion,Shoes,1,31111,15,31111,443,4759.98,31647.33,UPI,Processing,Express
8399469,960912,2025-03-19,Fashion,Shoes,1,48546,10,48546,377,7864.45,51932.85,COD,Returned,Standard
2464350,547007,2024-07-18,Home,Chair,2,6026,5,12052,394,2060.89,13904.29,Card,Delivered,Express
1107418,354006,2025-06-07,Home,Chair,3,2032,15,6096,390,932.69,6504.29,COD,Delivered,Express
4591518,800216,2025-07-12,Electronics,Laptop,2,9372,0,18744,219,3373.92,22336.92,COD,Returned,Express
7044259,150917,2024-02-20,Electronics,Phone,2,26659,5,53318,159,9117.38,59928.48,UPI,Delivered,Express
2406342,328189,2024-06-04,Electronics,Laptop,3,45784,0,137352,206,24723.36,162281.36,Card,Returned,Express
1551987,367692,2024-04-22,Electronics,Phone,3,44553,15,133659,234,20449.83,134293.98,COD,Processing,Express
4070062,261669,2024-04-30,Electronics,Laptop,4,16102,0,64408,376,11593.44,76377.44,COD,Shipped,Express
9195317,381028,2024-04-22,Fashion,Shirt,5,33320,10,166600,4,26989.2,176933.2,Card,Processing,Express
9296023,158849,2024-04-10,Fashion,Shoes,2,4523,10,9046,371,1465.45,9977.85,Card,Processing,Standard
7530807,852843,2025-01-22,Electronics,Phone,5,10447,5,52235,15,8932.18,58570.43,UPI,Processing,Standard
4850206,798307,2025-04-25,Electronics,Phone,2,36520,10,73040,346,11832.48,77914.48,UPI,Processing,Standard
8109308,150917,2024-08-21,Home,Mixer,1,33802,10,33802,152,5475.92,36049.72,UPI,Shipped,Standard
9301772,223826,2024-06-10,Home,Mixer,1,38726,10,38726,25,6273.61,41152.01,COD,Returned,Standard
7068887,310609,2024-07-10,Fashion,Shoes,4,36551,5,146204,35,25000.88,163929.68,Card,Returned,Express
8408108,540366,2025-01-21,Electronics,Laptop,1,31733,10,31733,433,5140.75,34133.45,Card,Delivered,Express
4994759,474121,2025-11-28,Home,Chair,3,24779,0,74337,159,13380.66,87876.66,Card,Shipped,Express
1371101,947190,2025-09-02,Electronics,Phone,1,27132,5,27132,365,4639.57,30779.97,Card,Shipped,Standard
9674531,738524,2024-07-28,Electronics,Laptop,3,31255,10,93765,348,15189.93,99926.43,COD,Delivered,Standard
3943899,112983,2024-02-27,Home,Chair,2,3796,10,7592,428,1229.9,8490.7,COD,Processing,Express
3887081,658388,2025-11-25,Home,Mixer,5,13398,5,66990,260,11455.29,75355.79,COD,Shipped,Standard
8810043,652998,2024-07-05,Fashion,Shoes,4,38694,10,154776,159,25073.71,164531.11,Card,Processing,Standard
4129289,261669,2024-07-22,Home,Chair,1,31883,15,31883,241,4878.1,32219.65,COD,Delivered,Express
4834349,111016,2025-07-04,Electronics,Phone,2,13859,10,27718,290,4490.32,29726.52,UPI,Returned,Express
3083200,946796,2025-09-03,Electronics,Laptop,3,41520,10,124560,280,20178.72,132562.72,UPI,Processing,Express
1790791,924646,2025-05-11,Home,Mixer,5,14815,0,74075,337,13333.5,87745.5,UPI,Shipped,Express
7764382,245884,2025-07-03,Fashion,Shoes,1,20594,5,20594,458,3521.57,23543.87,Card,Delivered,Standard
9675757,640075,2024-03-01,Electronics,Phone,5,9812,5,49060,235,8389.26,55231.26,COD,Shipped,Standard
1674661,904423,2024-07-30,Fashion,Shoes,4,30259,15,121036,248,18518.51,121647.11,COD,Processing,Express
4564578,178835,2025-11-28,Home,Chair,4,40428,0,161712,481,29108.16,191301.16,COD,Returned,Standard
6373720,462889,2025-10-08,Fashion,Shirt,1,3962,5,3962,39,677.5,4480.4,COD,Shipped,Express
3220162,942410,2024-07-10,Home,Chair,5,39845,15,199225,421,30481.42,200243.67,COD,Returned,Standard
4347416,273202,2024-03-19,Electronics,Laptop,3,16513,15,49539,472,7579.47,50159.62,Card,Delivered,Express
3370050,681331,2025-04-14,Fashion,Shoes,3,28144,10,84432,40,13677.98,89706.78,Card,Shipped,Standard
7541405,359309,2025-06-05,Fashion,Shirt,2,21363,10,42726,13,6921.61,45388.01,Card,Shipped,Express
2254974,463783,2025-03-30,Electronics,Laptop,4,45062,15,180248,189,27577.94,180977.74,UPI,Shipped,Standard
3482366,890778,2024-03-16,Electronics,Laptop,4,24488,0,97952,398,17631.36,115981.36,COD,Delivered,Standard
8409851,441149,2025-11-29,Electronics,Phone,2,19885,0,39770,104,7158.6,47032.6,Card,Returned,Standard
5360524,797034,2025-05-15,Electronics,Phone,5,15396,0,76980,420,13856.4,91256.4,UPI,Processing,Express
9124679,946796,2024-11-18,Electronics,Phone,3,34169,0,102507,221,18451.26,121179.26,UPI,Shipped,Standard
7264803,299071,2025-07-21,Electronics,Laptop,2,49228,0,98456,258,17722.08,116436.08,UPI,Delivered,Express
5169738,654061,2024-05-22,Electronics,Laptop,3,5211,10,15633,268,2532.55,16870.25,UPI,Delivered,Express
1671238,517120,2025-09-10,Fashion,Shirt,1,3064,5,3064,306,523.94,3740.74,COD,Processing,Express
4035505,448856,2024-11-24,Home,Chair,4,35809,15,143236,346,21915.11,144011.71,COD,Returned,Express
6910757,728993,2025-02-22,Home,Mixer,4,33815,0,135260,279,24346.8,159885.8,COD,Processing,Standard
5412503,121829,2025-06-07,Home,Mixer,1,4724,15,4724,80,722.77,4818.17,COD,Processing,Express
3120879,776633,2025-01-04,Electronics,Laptop,1,31567,0,31567,214,5682.06,37463.06,UPI,Shipped,Express
9564577,268010,2025-06-03,Fashion,Shoes,4,22609,5,90436,222,15464.56,101600.76,UPI,Shipped,Standard
6394531,681331,2024-01-19,Home,Mixer,3,36148,10,108444,366,17567.93,115533.53,UPI,Processing,Express
2172742,205837,2025-07-23,Fashion,Shirt,3,30564,0,91692,220,16504.56,108416.56,UPI,Delivered,Express
9747511,420168,2025-01-28,Fashion,Shirt,2,37601,0,75202,477,13536.36,89215.36,COD,Returned,Standard
9314165,364616,2024-04-19,Home,Chair,5,22556,10,112780,347,18270.36,120119.36,UPI,Delivered,Express
3432589,669298,2025-02-01,Fashion,Shirt,4,45256,15,181024,390,27696.67,181957.07,Card,Shipped,Standard
5092458,575329,2024-09-03,Electronics,Laptop,4,38612,10,154448,396,25020.58,164419.78,UPI,Delivered,Express
4939665,701235,2024-05-29,Electronics,Phone,2,25740,5,51480,296,8803.08,58005.08,COD,Delivered,Standard
4612059,512357,2025-03-12,Electronics,Phone,2,28545,0,57090,338,10276.2,67704.2,UPI,Returned,Express
6923220,978393,2025-01-29,Home,Chair,1,19427,10,19427,444,3147.17,21075.47,COD,Processing,Standard
4853968,134035,2025-08-30,Electronics,Laptop,5,915,5,4575,341,782.32,5469.57,Card,Shipped,Standard
6532630,723460,2024-11-17,Home,Chair,1,23269,10,23269,399,3769.58,25110.68,Card,Shipped,Express
3095151,340758,2024-06-16,Fashion,Shoes,2,8602,10,17204,14,2787.05,18284.65,Card,Shipped,Standard
6432921,571325,2024-12-23,Home,Chair,2,29476,0,58952,52,10611.36,69615.36,COD,Processing,Express
3231728,576789,2025-12-14,Electronics,Laptop,5,3272,5,16360,93,2797.56,18432.56,UPI,Returned,Standard
9724384,178835,2024-10-04,Home,Mixer,3,21574,10,64722,341,10484.96,69075.76,Card,Processing,Standard
5539167,609604,2024-05-29,Electronics,Laptop,5,20528,10,102640,236,16627.68,109239.68,COD,Processing,Standard
3399080,541464,2024-01-15,Home,Mixer,5,10122,0,50610,252,9109.8,59971.8,COD,Returned,Standard
8355818,731130,2024-03-28,Electronics,Laptop,3,5984,10,17952,274,2908.22,19339.02,COD,Shipped,Standard
6855950,674974,2025-04-03,Fashion,Shoes,2,22271,5,44542,427,7616.68,50358.58,UPI,Returned,Standard
5540103,209340,2024-04-10,Home,Mixer,3,6006,5,18018,251,3081.08,20449.18,COD,Delivered,Standard
7723353,664196,2025-08-06,Fashion,Shirt,1,8982,15,8982,66,1374.25,9074.95,Card,Returned,Express
1732531,429734,2024-11-18,Home,Chair,5,9012,0,45060,422,8110.8,53592.8,COD,Delivered,Express
8711663,441277,2025-02-05,Home,Chair,1,16469,10,16469,330,2667.98,17820.08,Card,Shipped,Standard
9542846,595185,2024-12-10,Home,Chair,5,26751,0,133755,493,24075.9,158323.9,UPI,Delivered,Standard
5397363,796000,2024-07-01,Fashion,Shoes,5,16914,0,84570,56,15222.6,99848.6,Card,Returned,Standard
8294184,991841,2025-07-25,Electronics,Laptop,1,24998,10,24998,241,4049.68,26788.88,COD,Returned,Express
6387896,245223,2024-12-16,Home,Chair,1,10357,15,10357,448,1584.62,10836.07,UPI,Shipped,Express
1588436,365719,2025-07-07,Electronics,Phone,4,47165,5,188660,57,32260.86,211544.86,UPI,Processing,Express
7057789,410811,2025-08-26,Electronics,Laptop,2,48711,10,97422,320,15782.36,103782.16,Card,Returned,Standard
6042892,677509,2025-10-09,Fashion,Shirt,1,22530,5,22530,375,3852.63,25631.13,UPI,Returned,Express
4798933,783682,2024-11-20,Electronics,Laptop,5,27901,15,139505,264,21344.26,140187.52,Card,Delivered,Express
1813029,755152,2024-12-19,Home,Mixer,1,5858,10,5858,58,949.0,6279.2,COD,Delivered,Express
1798246,609604,2024-07-23,Home,Chair,3,43586,15,130758,453,20005.97,131603.27,COD,Processing,Express
9661592,361681,2024-09-21,Fashion,Shoes,1,28257,0,28257,237,5086.26,33580.26,UPI,Shipped,Express
4291771,714190,2024-04-15,Home,Mixer,2,37782,15,75564,274,11561.29,76064.69,UPI,Shipped,Express
5439102,263346,2024-07-30,Fashion,Shoes,3,27907,15,83721,124,12809.31,84096.16,UPI,Shipped,Express
4492418,608480,2025-12-05,Electronics,Phone,4,24086,5,96344,49,16474.82,108050.62,Card,Returned,Standard
2743333,261669,2024-05-02,Fashion,Shirt,5,17511,10,87555,86,14183.91,93069.41,COD,Processing,Express
7061015,460527,2024-04-25,Electronics,Laptop,2,47529,15,95058,255,14543.87,95598.17,UPI,Processing,Express
9172464,436850,2024-08-08,Electronics,Laptop,4,45318,15,181272,347,27734.62,182162.82,Card,Delivered,Standard
2609923,279848,2024-11-27,Electronics,Laptop,3,25771,10,77313,222,12524.71,82328.41,Card,Delivered,Express
1274956,388594,2025-08-24,Fashion,Shirt,3,28447,0,85341,182,15361.38,100884.38,Card,Shipped,Express
4396863,267379,2024-03-06,Electronics,Phone,2,41621,5,83242,239,14234.38,93553.28,Card,Processing,Express
4192146,448856,2024-10-29,Home,Chair,2,14537,15,29074,287,4448.32,29448.22,Card,Processing,Express
6877249,334037,2025-04-25,Electronics,Laptop,3,44593,10,133779,137,21672.2,142210.3,Card,Delivered,Standard
7810972,453319,2024-01-30,Fashion,Shoes,3,31602,10,94806,7,15358.57,100690.97,Card,Shipped,Express
3087466,382359,2024-09-27,Electronics,Phone,5,41674,5,208370,78,35631.27,233660.77,Card,Returned,Standard
4564933,846721,2025-11-09,Fashion,Shoes,3,37715,0,113145,308,20366.1,133819.1,Card,Processing,Express
4974441,846721,2024-01-16,Home,Chair,2,21426,0,42852,370,7713.36,50935.36,UPI,Shipped,Standard
4061244,997871,2024-09-04,Home,Mixer,3,27068,10,81204,142,13155.05,86380.65,COD,Delivered,Express
2604524,161640,2025-12-28,Fashion,Shoes,4,14651,10,58604,414,9493.85,62651.45,Card,Delivered,Express
8719028,702256,2024-12-12,Fashion,Shirt,3,29115,10,87345,23,14149.89,92783.39,COD,Processing,Express
5174736,193582,2025-07-14,Fashion,Shoes,5,7444,5,37220,466,6364.62,42189.62,Card,Returned,Express
4901760,390647,2024-12-16,Electronics,Laptop,2,48884,10,97768,175,15838.42,104004.62,COD,Processing,Standard
1051310,209496,2025-03-26,Home,Chair,4,9848,0,39392,86,7090.56,46568.56,COD,Shipped,Standard
6826108,534439,2025-05-23,Electronics,Phone,2,5569,5,11138,472,1904.6,12957.7,COD,Processing,Standard
1487128,229230,2025-08-26,Electronics,Phone,2,22583,0,45166,252,8129.88,53547.88,Card,Delivered,Standard
7282674,741090,2024-07-16,Fashion,Shoes,5,2415,10,12075,398,1956.15,13221.65,COD,Returned,Express
1684429,560086,2024-03-09,Electronics,Laptop,4,2397,10,9588,48,1553.26,10230.46,Card,Delivered,Express
3897100,873273,2025-06-06,Home,Mixer,2,9970,10,19940,84,3230.28,21260.28,Card,Delivered,Standard
2430766,624677,2024-11-01,Home,Mixer,1,34634,10,34634,331,5610.71,37112.31,Card,Returned,Express
8920513,271650,2025-02-26,Home,Mixer,3,45830,5,137490,182,23510.79,154308.29,COD,Shipped,Standard
4194543,976363,2025-11-13,Home,Chair,3,42558,10,127674,267,20683.19,135856.79,Card,Delivered,Express
5899259,550091,2024-08-08,Fashion,Shirt,1,25507,0,25507,104,4591.26,30202.26,Card,Returned,Express
1604684,980753,2024-04-02,Home,Chair,3,17932,15,53796,137,8230.79,54094.39,UPI,Processing,Standard
5229326,730662,2024-05-16,Home,Mixer,4,36310,10,145240,145,23528.88,154389.88,COD,Shipped,Express
8810485,241707,2025-02-11,Home,Chair,3,7110,15,21330,86,3263.49,21479.99,COD,Delivered,Standard
1352056,616267,2025-10-03,Electronics,Laptop,3,11001,5,33003,2,5643.51,36998.36,UPI,Shipped,Standard
4829807,180159,2024-04-25,Fashion,Shoes,2,9867,0,19734,372,3552.12,23658.12,Card,Processing,Express
3815529,669285,2024-06-18,Fashion,Shoes,5,1786,10,8930,143,1446.66,9626.66,UPI,Delivered,Express
9598321,874075,2025-05-27,Electronics,Laptop,4,36936,5,147744,204,25264.22,165825.02,COD,Processing,Express
3336943,861111,2024-11-20,Fashion,Shoes,2,31038,10,62076,29,10056.31,65953.71,UPI,Returned,Express
7942423,342081,2024-05-16,Fashion,Shoes,5,47689,5,238445,415,40774.1,267711.84,Card,Delivered,Standard
6779137,534555,2024-11-07,Electronics,Laptop,3,30760,10,92280,125,14949.36,98126.36,COD,Processing,Standard
4124331,129724,2025-04-06,Electronics,Laptop,2,48230,5,96460,75,16494.66,108206.66,UPI,Shipped,Express
9169070,791236,2024-02-24,Fashion,Shirt,3,37258,0,111774,105,20119.32,131998.32,UPI,Returned,Express
8531838,856531,2025-11-26,Fashion,Shirt,3,44898,10,134694,144,21820.43,143189.03,Card,Shipped,Standard
6553435,707110,2025-04-19,Home,Mixer,2,5306,0,10612,184,1910.16,12706.16,Card,Shipped,Express
2411247,677795,2024-10-08,Electronics,Phone,2,47052,5,94104,375,16091.78,105865.58,COD,Delivered,Express
2810353,261669,2024-09-06,Home,Mixer,1,32497,5,32497,319,5556.99,36748.14,COD,Delivered,Standard
7432475,642022,2025-02-12,Home,Mixer,3,38983,5,116949,354,19998.28,131453.83,Card,Processing,Express
1871626,816730,2024-08-24,Home,Mixer,5,30164,10,150820,353,24432.84,160523.84,UPI,Shipped,Express
6868770,715941,2025-01-09,Home,Chair,2,34873,10,69746,423,11298.85,74493.25,UPI,Shipped,Standard
2575651,947514,2024-12-27,Electronics,Phone,5,23045,5,115225,215,19703.47,129382.23,COD,Returned,Standard
4626013,906425,2025-05-15,Fashion,Shirt,3,41784,5,125352,330,21435.19,140849.59,COD,Shipped,Standard
8569374,229230,2024-07-21,Fashion,Shoes,1,4788,10,4788,366,775.66,5450.86,COD,Shipped,Standard
8048437,517120,2025-02-17,Fashion,Shirt,3,39885,5,119655,121,20461.01,134254.26,UPI,Delivered,Express
8253851,219869,2024-01-10,Home,Mixer,4,38545,10,154180,34,24977.16,163773.16,Card,Processing,Express
4178039,636484,2024-12-23,Electronics,Phone,2,6067,5,12134,323,2074.91,13925.21,COD,Processing,Standard
2009792,460020,2024-11-08,Electronics,Phone,3,48928,0,146784,304,26421.12,173509.12,Card,Shipped,Express
7630753,359309,2025-03-22,Electronics,Phone,5,36770,5,183850,459,31438.35,206554.85,COD,Shipped,Standard
3421706,649344,2024-06-18,Electronics,Phone,2,36795,0,73590,247,13246.2,87083.2,UPI,Processing,Express
4878378,742202,2024-11-18,Home,Mixer,4,19421,10,77684,173,12584.81,82673.41,Card,Delivered,Standard
6983710,213392,2024-09-30,Home,Mixer,3,32055,15,96165,426,14713.24,96879.49,UPI,Shipped,Express
1954989,714190,2024-09-16,Electronics,Laptop,2,25713,0,51426,332,9256.68,61014.68,UPI,Delivered,Standard
7112016,265566,2025-07-07,Fashion,Shirt,5,9614,10,48070,53,7787.34,51103.34,Card,Returned,Standard
6528279,218589,2024-05-25,Home,Mixer,3,15828,0,47484,362,8547.12,56393.12,Card,Shipped,Standard
6139782,139241,2025-12-03,Fashion,Shoes,4,27398,5,109592,138,18740.23,122990.63,COD,Processing,Express
4577061,671774,2024-02-25,Home,Chair,4,27946,5,111784,368,19115.06,125677.86,Card,Processing,Standard
1546713,426948,2024-01-29,Home,Chair,1,13849,5,13849,243,2368.18,15767.73,COD,Shipped,Standard
6657531,514080,2024-12-15,Electronics,Phone,1,34778,15,34778,405,5321.03,35287.33,Card,Returned,Express
8353419,255619,2025-06-22,Fashion,Shoes,1,26694,0,26694,228,4804.92,31726.92,Card,Processing,Express
4213888,715941,2024-08-17,Electronics,Laptop,5,45204,10,226020,131,36615.24,240164.24,COD,Processing,Express
6007438,613480,2024-02-25,Fashion,Shoes,2,37869,15,75738,49,11587.91,76014.21,Card,Processing,Express
1122850,868360,2025-09-07,Home,Mixer,4,683,5,2732,382,467.17,3444.57,Card,Processing,Express
9113482,950540,2025-03-06,Fashion,Shoes,4,40749,5,162996,270,27872.32,182988.52,COD,Delivered,Standard
1908212,408306,2024-05-15,Electronics,Laptop,3,2333,0,6999,358,1259.82,8616.82,Card,Processing,Express
8182523,558405,2025-12-20,Electronics,Laptop,3,2041,10,6123,16,991.93,6518.63,COD,Delivered,Standard
1930922,223826,2025-10-08,Home,Mixer,4,49087,15,196348,247,30041.24,197184.04,UPI,Processing,Express
7206284,576789,2024-08-05,Electronics,Phone,2,16324,15,32648,107,4995.14,32852.94,UPI,Returned,Express
5747456,777815,2024-04-06,Electronics,Laptop,5,3953,15,19765,489,3024.05,20313.29,UPI,Returned,Express
8082409,379267,2024-05-26,Home,Chair,2,45777,0,91554,70,16479.72,108103.72,UPI,Delivered,Standard
5744129,919885,2025-09-28,Home,Chair,4,4184,15,16736,307,2560.61,17093.21,COD,Processing,Standard
8274779,205837,2025-03-08,Electronics,Phone,5,8862,0,44310,362,7975.8,52647.8,COD,Delivered,Express
9840401,559411,2025-04-28,Home,Chair,4,27878,5,111512,76,19068.55,125080.95,Card,Returned,Express
5627894,132304,2024-09-26,Electronics,Laptop,5,1738,0,8690,55,1564.2,10309.2,Card,Returned,Express
1759445,853753,2025-01-22,Electronics,Phone,1,32638,15,32638,378,4993.61,33113.91,Card,Returned,Express
7535932,126681,2024-07-18,Electronics,Laptop,1,38484,15,38484,151,5888.05,38750.45,UPI,Processing,Express
4534371,580005,2025-05-01,Home,Mixer,2,35623,15,71246,105,10900.64,71564.74,Card,Shipped,Express
1614627,180375,2025-12-04,Electronics,Laptop,2,38312,15,76624,333,11723.47,77186.87,COD,Shipped,Standard
4478527,942410,2024-11-27,Electronics,Laptop,1,34455,0,34455,7,6201.9,40663.9,Card,Returned,Express
2781325,457456,2025-02-01,Electronics,Phone,4,22207,15,88828,236,13590.68,89330.48,Card,Delivered,Standard
2662435,563800,2025-03-01,Electronics,Phone,5,24237,0,121185,404,21813.3,143402.3,Card,Processing,Standard
1609055,240891,2024-01-10,Home,Mixer,4,26379,15,105516,499,16143.95,106331.55,COD,Shipped,Express
6271089,992339,2024-02-22,Fashion,Shirt,1,37476,5,37476,316,6408.4,42326.6,UPI,Returned,Express
4664423,707132,2024-07-03,Electronics,Phone,1,21962,0,21962,119,3953.16,26034.16,Card,Returned,Express
6212930,429734,2025-03-20,Electronics,Laptop,3,40015,0,120045,118,21608.1,141771.1,COD,Shipped,Express
7839198,927036,2024-06-16,Fashion,Shoes,1,43846,15,43846,138,6708.44,44115.54,Card,Returned,Express
8954453,697982,2025-11-23,Electronics,Phone,1,41864,15,41864,190,6405.19,42179.59,UPI,Processing,Express
2027923,390365,2025-12-24,Fashion,Shoes,2,40463,5,80926,384,13838.35,91102.05,COD,Shipped,Standard
6700999,948444,2024-05-27,Home,Chair,4,19861,15,79444,470,12154.93,80152.33,Card,Delivered,Standard
2918160,653259,2025-03-02,Home,Mixer,5,24488,0,122440,153,22039.2,144632.2,Card,Processing,Standard
2175184,805810,2024-09-14,Electronics,Laptop,3,44095,15,132285,171,20239.6,132852.86,UPI,Shipped,Express
1115295,496652,2025-06-20,Fashion,Shoes,4,19104,5,76416,237,13067.14,85899.34,UPI,Processing,Standard
7173688,779689,2025-06-14,Fashion,Shoes,5,42395,0,211975,293,38155.5,250423.5,Card,Processing,Standard
6899190,125594,2024-12-11,Electronics,Phone,4,21545,15,86180,318,13185.54,86756.54,UPI,Processing,Standard
1652211,767914,2025-09-21,Fashion,Shirt,5,12472,15,62360,2,9541.08,62549.08,UPI,Returned,Express
3105603,595185,2024-03-14,Fashion,Shoes,2,24548,15,49096,215,7511.69,49458.29,UPI,Returned,Standard
8241911,308893,2025-09-25,Home,Chair,1,31680,15,31680,384,4847.04,32159.04,UPI,Shipped,Standard
3981829,203835,2025-04-19,Fashion,Shirt,4,15499,15,61996,240,9485.39,62421.99,Card,Processing,Express
2879148,516615,2025-09-06,Electronics,Phone,4,13346,15,53384,242,8167.75,53786.15,Card,Shipped,Express
5589159,420168,2024-12-24,Fashion,Shirt,2,24326,0,48652,192,8757.36,57601.36,UPI,Shipped,Standard
7896078,136202,2024-12-27,Home,Chair,2,27784,10,55568,95,9002.02,59108.22,COD,Returned,Express
3570438,330849,2025-07-20,Fashion,Shirt,2,47035,10,94070,393,15239.34,100295.34,Card,Delivered,Standard
1013589,753816,2024-12-28,Home,Chair,5,41707,5,208535,60,35659.49,233827.73,COD,Processing,Standard
4303898,670661,2025-07-10,Electronics,Laptop,1,17208,5,17208,239,2942.57,19529.17,UPI,Processing,Express
8033564,371671,2024-03-01,Electronics,Phone,5,27232,0,136160,233,24508.8,160901.8,Card,Shipped,Standard
8150866,303548,2025-04-02,Home,Chair,4,37652,5,150608,130,25753.97,168961.57,UPI,Shipped,Standard
6131704,367692,2025-08-27,Electronics,Laptop,1,23819,15,23819,156,3644.31,24046.46,Card,Processing,Express
6508197,336321,2024-05-27,Fashion,Shoes,5,20250,0,101250,253,18225.0,119728.0,COD,Shipped,Express
8316338,241920,2024-01-23,Electronics,Laptop,3,10368,15,31104,3,4758.91,31200.31,UPI,Returned,Standard
3626757,185321,2025-10-20,Fashion,Shirt,3,10496,15,31488,258,4817.66,31840.46,Card,Shipped,Express
5394964,626635,2024-11-28,Electronics,Phone,4,10163,0,40652,422,7317.36,48391.36,UPI,Shipped,Standard
3087108,937223,2024-06-18,Electronics,Phone,1,31572,10,31572,292,5114.66,33821.46,Card,Delivered,Standard
3390611,339874,2024-04-25,Electronics,Phone,2,43698,10,87396,457,14158.15,93271.55,Card,Returned,Standard
1797217,750152,2024-02-23,Fashion,Shirt,2,12043,0,24086,40,4335.48,28461.48,UPI,Delivered,Express
1750394,571696,2024-02-13,Electronics,Phone,5,18228,0,91140,441,16405.2,107986.2,UPI,Returned,Standard
8486354,801330,2025-11-14,Fashion,Shirt,3,14189,0,42567,466,7662.06,50695.06,Card,Processing,Express
2072651,851989,2025-10-01,Home,Chair,3,34285,15,102855,392,15736.81,103555.57,Card,Returned,Express
9676383,602086,2024-01-07,Electronics,Laptop,2,39475,15,78950,51,12079.35,79237.85,UPI,Processing,Express
5389503,708129,2025-04-19,Fashion,Shirt,4,10185,15,40740,451,6233.22,41313.22,COD,Delivered,Express
5856846,879245,2025-03-19,Electronics,Laptop,3,11750,15,35250,96,5393.25,35451.75,Card,Shipped,Express
4004116,528053,2024-03-19,Home,Chair,5,26821,10,134105,500,21725.01,142919.51,COD,Delivered,Standard
9008157,214044,2024-11-10,Fashion,Shoes,4,44724,15,178896,10,27371.09,179442.69,COD,Processing,Express
5057346,774723,2025-12-13,Home,Mixer,2,34793,15,69586,77,10646.66,69871.76,COD,Returned,Standard
3857379,316783,2024-11-24,Fashion,Shoes,4,20599,0,82396,2,14831.28,97229.28,COD,Returned,Standard
1010304,315413,2025-06-07,Fashion,Shirt,1,30337,5,30337,102,5187.63,34109.78,Card,Shipped,Standard
6167150,567317,2025-04-11,Fashion,Shirt,5,7578,0,37890,37,6820.2,44747.2,Card,Delivered,Express
5312841,741863,2024-05-23,Home,Chair,2,16145,15,32290,54,4940.37,32440.87,COD,Processing,Standard
2864898,921126,2024-05-07,Fashion,Shirt,4,49161,5,196644,332,33626.12,220769.92,COD,Processing,Standard
2011355,213174,2025-12-13,Home,Mixer,4,24907,15,99628,0,15243.08,99926.88,Card,Shipped,Express
4029734,968751,2025-07-08,Electronics,Phone,1,43364,5,43364,161,7415.24,48772.04,COD,Returned,Standard
9859409,118035,2024-03-21,Home,Mixer,3,4225,15,12675,268,1939.27,12981.02,UPI,Shipped,Express
1354732,626635,2025-01-19,Fashion,Shoes,4,21483,0,85932,466,15467.76,101865.76,Card,Shipped,Express
6980941,395018,2025-07-30,Fashion,Shirt,1,11038,10,11038,474,1788.16,12196.36,Card,Processing,Standard
2054539,919885,2025-09-04,Home,Mixer,4,3701,15,14804,484,2265.01,15332.41,Card,Processing,Standard
1109701,133302,2024-06-19,Home,Chair,2,902,10,1804,143,292.25,2058.85,UPI,Shipped,Express
6998891,703818,2025-04-12,Electronics,Laptop,4,14524,5,58096,256,9934.42,65381.62,Card,Delivered,Standard
9737165,852843,2024-06-03,Fashion,Shirt,4,38520,0,154080,121,27734.4,181935.4,Card,Processing,Express
3475895,167310,2025-03-12,Fashion,Shoes,5,27286,0,136430,211,24557.4,161198.4,COD,Processing,Express
9581775,929518,2025-12-12,Fashion,Shoes,2,4457,15,8914,347,1363.84,9287.74,COD,Returned,Express
1455799,690705,2024-09-25,Electronics,Laptop,4,14765,10,59060,374,9567.72,63095.72,UPI,Delivered,Standard
9656593,846156,2024-02-03,Home,Mixer,5,11512,15,57560,41,8806.68,57773.68,UPI,Delivered,Express
3644481,443137,2025-01-18,Home,Chair,4,39332,0,157328,259,28319.04,185906.04,COD,Delivered,Standard
8157472,730018,2024-05-28,Home,Chair,5,13582,0,67910,208,12223.8,80341.8,Card,Shipped,Express
7381245,245223,2024-07-17,Electronics,Phone,2,7795,0,15590,142,2806.2,18538.2,UPI,Returned,Express
8837688,435317,2025-05-01,Electronics,Phone,3,942,0,2826,492,508.68,3826.68,UPI,Processing,Standard
1156442,809727,2024-06-16,Electronics,Phone,4,44781,0,179124,384,32242.32,211750.32,COD,Returned,Express
7891867,408798,2024-07-19,Electronics,Phone,4,3856,0,15424,205,2776.32,18405.32,COD,Returned,Express
9474749,474121,2024-12-14,Home,Mixer,1,14975,5,14975,17,2560.72,16803.97,Card,Shipped,Express
2341529,346038,2024-06-20,Electronics,Laptop,4,46930,5,187720,473,32100.12,210907.12,COD,Processing,Express
2527022,131011,2024-07-20,Home,Chair,3,19290,10,57870,1,9374.94,61458.94,Card,Shipped,Standard
1188345,566677,2024-04-20,Home,Mixer,5,30443,0,152215,119,27398.7,179732.7,COD,Processing,Express
4096858,777840,2024-07-25,Electronics,Laptop,3,17894,5,53682,277,9179.62,60454.52,COD,Processing,Standard
6489791,936016,2025-11-24,Electronics,Phone,4,31738,0,126952,310,22851.36,150113.36,COD,Delivered,Standard
9637875,108892,2025-03-05,Home,Chair,5,2431,10,12155,267,1969.11,13175.61,Card,Returned,Standard
7455523,691472,2025-11-30,Electronics,Phone,2,5722,0,11444,315,2059.92,13818.92,COD,Processing,Express
5928124,583238,2025-11-22,Home,Chair,4,47186,15,188744,58,28877.83,189368.23,COD,Shipped,Standard
3754664,293577,2024-09-22,Fashion,Shirt,5,8504,0,42520,340,7653.6,50513.6,Card,Delivered,Standard
5147916,712851,2025-02-10,Home,Chair,3,34676,10,104028,437,16852.54,110914.74,UPI,Shipped,Standard
1022178,671774,2025-06-27,Home,Mixer,3,43371,5,130113,301,22249.32,146157.67,COD,Processing,Standard
8584148,360273,2024-02-15,Electronics,Laptop,1,38029,10,38029,77,6160.7,40463.8,Card,Shipped,Express
1230566,664635,2025-06-28,Home,Chair,3,3592,15,10776,239,1648.73,11047.33,UPI,Processing,Standard
4228606,125323,2025-07-26,Electronics,Phone,3,4984,15,14952,348,2287.66,15344.86,Card,Returned,Standard
4799704,806649,2025-11-07,Home,Chair,5,31237,5,156185,485,26707.63,175568.39,COD,Processing,Express
9442287,109652,2025-01-11,Electronics,Laptop,5,7327,15,36635,17,5605.15,36761.9,UPI,Returned,Standard
3556497,920268,2024-09-29,Home,Chair,4,15918,10,63672,433,10314.86,68052.66,UPI,Returned,Express
1642272,676936,2024-12-11,Home,Mixer,1,46630,5,46630,187,7973.73,52459.23,Card,Processing,Standard
2409656,735547,2025-01-11,Electronics,Phone,4,14983,0,59932,193,10787.76,70912.76,UPI,Processing,Standard
5801102,629828,2025-03-17,Home,Chair,2,36777,10,73554,362,11915.75,78476.35,COD,Processing,Standard
4505400,996626,2024-10-03,Home,Mixer,2,39301,10,78602,162,12733.52,83637.32,COD,Returned,Standard
2067704,677795,2024-02-05,Home,Chair,4,35751,15,143004,386,21879.61,143819.01,UPI,Delivered,Standard
6119342,960912,2024-08-23,Home,Chair,2,48830,0,97660,60,17578.8,115298.8,COD,Delivered,Express
2673252,978384,2024-06-21,Electronics,Laptop,2,844,5,1688,417,288.65,2309.25,COD,Delivered,Express
6333107,456814,2025-05-08,Electronics,Phone,2,12965,15,25930,76,3967.29,26083.79,UPI,Returned,Express
9192695,190667,2024-02-02,Home,Mixer,2,1373,15,2746,256,420.14,3010.24,UPI,Processing,Standard
2053811,295887,2025-10-21,Electronics,Phone,4,14155,10,56620,351,9172.44,60481.44,Card,Returned,Express
1562682,654061,2024-05-19,Electronics,Laptop,2,43131,5,86262,241,14750.8,96940.7,Card,Returned,Express
1242764,141544,2024-02-02,Electronics,Laptop,1,950,0,950,392,171.0,1513.0,UPI,Returned,Express
8273330,394426,2025-04-25,Electronics,Phone,1,29627,15,29627,20,4532.93,29735.88,COD,Shipped,Standard
1173797,930665,2024-02-27,Fashion,Shirt,1,5408,15,5408,479,827.42,5903.22,UPI,Shipped,Express
3965906,472185,2024-02-03,Fashion,Shoes,3,11105,10,33315,177,5397.03,35557.53,Card,Shipped,Express
3587499,354006,2024-06-17,Home,Chair,3,26781,15,80343,212,12292.48,80796.03,COD,Returned,Express
3052892,358349,2024-08-29,Home,Chair,4,39178,10,156712,481,25387.34,166909.14,Card,Processing,Express
5778085,972787,2024-03-26,Home,Chair,1,14046,10,14046,144,2275.45,15060.85,Card,Delivered,Standard
7353088,581929,2024-04-04,Fashion,Shoes,1,24422,15,24422,227,3736.57,24722.27,UPI,Delivered,Express
3408834,174361,2024-10-17,Home,Mixer,1,9773,15,9773,472,1495.27,10274.32,Card,Delivered,Express
3822231,921126,2025-03-22,Electronics,Phone,1,30593,15,30593,428,4680.73,31112.78,UPI,Delivered,Standard
6122416,410811,2025-07-18,Fashion,Shoes,3,19782,0,59346,499,10682.28,70527.28,Card,Shipped,Express
7709361,180159,2025-05-19,Home,Mixer,4,14053,10,56212,182,9106.34,59879.14,Card,Processing,Express
3647129,435807,2024-01-02,Fashion,Shoes,2,34978,10,69956,388,11332.87,74681.27,Card,Shipped,Express
3210449,141544,2024-09-01,Home,Mixer,3,18057,0,54171,40,9750.78,63961.78,Card,Delivered,Standard
5786539,319247,2024-07-21,Fashion,Shirt,3,31573,0,94719,53,17049.42,111821.42,Card,Delivered,Standard
6407465,405361,2024-08-16,Home,Mixer,5,24354,15,121770,93,18630.81,122228.31,Card,Processing,Standard
9845280,677004,2024-04-14,Electronics,Laptop,2,22538,10,45076,444,7302.31,48314.71,UPI,Delivered,Standard
7589590,310142,2024-06-11,Home,Chair,2,17277,10,34554,392,5597.75,37088.35,UPI,Returned,Express
9121728,168495,2024-02-11,Electronics,Phone,2,21324,5,42648,62,7292.81,47870.41,COD,Shipped,Standard
5604840,362374,2025-11-30,Electronics,Laptop,5,10269,10,51345,400,8317.89,54928.39,COD,Shipped,Express
9849110,514080,2025-11-23,Electronics,Phone,1,42720,15,42720,394,6536.16,43242.16,Card,Shipped,Standard
5763845,828813,2025-01-31,Electronics,Laptop,1,22902,0,22902,101,4122.36,27125.36,Card,Shipped,Standard
8789178,330849,2024-04-30,Electronics,Phone,3,40069,15,120207,420,18391.67,120987.62,Card,Delivered,Express
6178610,569659,2025-08-04,Home,Mixer,2,12656,0,25312,120,4556.16,29988.16,UPI,Delivered,Express
1346437,346614,2025-10-28,Fashion,Shoes,5,48186,0,240930,389,43367.4,284686.4,COD,Returned,Express
1066759,864589,2024-07-29,Fashion,Shoes,4,7151,15,28604,253,4376.41,28942.81,COD,Processing,Standard
6923637,161640,2024-11-30,Electronics,Phone,3,44528,10,133584,364,21640.61,142230.21,COD,Shipped,Express
5561824,900875,2025-02-13,Fashion,Shoes,5,26263,15,131315,305,20091.19,132013.95,Card,Shipped,Standard
3647150,913440,2024-03-26,Home,Chair,1,39333,5,39333,374,6725.94,44466.29,Card,Delivered,Express
7707294,231090,2025-09-28,Home,Mixer,2,37811,5,75622,435,12931.36,85207.26,COD,Returned,Express
7828772,719869,2025-09-27,Electronics,Laptop,4,3150,0,12600,157,2268.0,15025.0,COD,Processing,Standard
7839088,108892,2025-11-16,Electronics,Phone,3,45557,10,136671,7,22140.7,145151.6,COD,Shipped,Express
8971988,989508,2024-10-01,Fashion,Shirt,2,26362,10,52724,282,8541.29,56274.89,Card,Delivered,Express
9134849,707132,2025-10-03,Home,Chair,1,39823,10,39823,455,6451.33,42747.03,UPI,Delivered,Standard
9627002,966249,2024-01-28,Electronics,Laptop,4,34027,10,136108,411,22049.5,144957.7,Card,Processing,Express
1842680,681331,2025-02-05,Electronics,Laptop,3,49076,10,147228,455,23850.94,156811.14,UPI,Returned,Standard
9995928,533481,2024-12-04,Fashion,Shirt,2,11851,5,23702,464,4053.04,27033.94,COD,Delivered,Standard
5139003,500926,2025-09-04,Electronics,Laptop,5,25152,5,125760,308,21504.96,141284.96,Card,Shipped,Express
5026406,687954,2025-11-23,Electronics,Phone,4,12864,15,51456,151,7872.77,51761.37,UPI,Returned,Standard
8347186,315413,2025-10-29,Electronics,Phone,4,22170,15,88680,439,13568.04,89385.04,COD,Shipped,Express
4972348,409909,2025-06-09,Fashion,Shoes,4,12039,15,48156,426,7367.87,48726.47,Card,Delivered,Express
2003996,614650,2025-01-07,Home,Mixer,2,20038,10,40076,49,6492.31,42609.71,COD,Processing,Express
3046707,900875,2025-03-04,Home,Mixer,2,47667,10,95334,136,15444.11,101380.71,Card,Shipped,Express
8845325,510275,2024-09-24,Fashion,Shoes,2,13575,0,27150,371,4887.0,32408.0,UPI,Processing,Express
8005308,455311,2024-10-09,Home,Mixer,3,21163,0,63489,228,11428.02,75145.02,UPI,Returned,Express
8276060,724912,2024-03-27,Electronics,Phone,3,21595,10,64785,220,10495.17,69021.67,Card,Processing,Standard
7013674,316641,2025-04-13,Fashion,Shoes,4,35761,10,143044,296,23173.13,152208.73,COD,Shipped,Express
5496377,410103,2024-05-14,Electronics,Phone,2,33375,15,66750,234,10212.75,67184.25,Card,Processing,Standard
1920739,619120,2024-01-31,Electronics,Laptop,4,19412,0,77648,193,13976.64,91817.64,Card,Delivered,Express
6923831,581434,2025-04-18,Fashion,Shoes,3,37385,15,112155,184,17159.72,112675.46,COD,Processing,Standard
8177010,188793,2024-09-06,Home,Chair,4,37554,0,150216,219,27038.88,177473.88,Card,Shipped,Express
6592207,309546,2024-12-30,Electronics,Phone,5,12000,0,60000,441,10800.0,71241.0,Card,Delivered,Standard
7365098,595185,2025-10-06,Home,Chair,2,19282,10,38564,300,6247.37,41254.97,COD,Shipped,Express
7660659,719272,2025-12-29,Electronics,Laptop,4,9173,5,36692,200,6274.33,41331.73,Card,Shipped,Standard
1210879,978393,2025-12-07,Electronics,Laptop,4,24439,15,97756,83,14956.67,98132.27,Card,Delivered,Standard
9325475,634008,2024-03-06,Home,Mixer,3,28736,0,86208,207,15517.44,101932.44,UPI,Returned,Express
1811503,816610,2025-09-06,Home,Chair,3,23123,5,69369,128,11862.1,77890.65,Card,Shipped,Express
3325120,391106,2024-10-27,Electronics,Phone,1,6253,15,6253,184,956.71,6455.76,Card,Processing,Express
6724846,690705,2025-09-16,Electronics,Laptop,2,43442,10,86884,18,14075.21,92288.81,UPI,Processing,Standard
6241074,683939,2025-06-04,Home,Mixer,5,12595,5,62975,89,10768.73,70683.98,Card,Delivered,Express
1480986,408798,2024-04-10,Electronics,Laptop,1,10505,15,10505,120,1607.26,10656.51,COD,Returned,Standard
7553946,295887,2025-04-25,Electronics,Laptop,2,1526,5,3052,181,521.89,3602.29,COD,Delivered,Standard
2313376,664635,2025-09-02,Electronics,Laptop,2,28196,10,56392,25,9135.5,59913.3,Card,Delivered,Express
7941784,313819,2024-04-26,Home,Chair,3,49235,5,147705,428,25257.56,166005.3,Card,Processing,Standard
9761799,677980,2024-09-19,Home,Chair,5,27963,0,139815,202,25166.7,165183.7,UPI,Shipped,Standard
7454574,758009,2025-10-14,Fashion,Shirt,2,17817,5,35634,266,6093.41,40211.71,COD,Shipped,Standard
2156365,338473,2025-06-20,Electronics,Laptop,5,1133,0,5665,479,1019.7,7163.7,Card,Shipped,Standard
4239956,409909,2025-06-20,Electronics,Phone,1,823,15,823,167,125.92,992.47,COD,Returned,Standard
6601445,474151,2024-01-29,Home,Mixer,3,38144,10,114432,384,18537.98,121910.78,Card,Shipped,Standard
2263684,417518,2025-10-03,Home,Mixer,4,48049,5,192196,30,32865.52,215481.72,COD,Shipped,Express
2366844,248413,2024-06-09,Electronics,Laptop,2,11650,5,23300,224,3984.3,26343.3,UPI,Returned,Express
1821412,533622,2024-03-19,Home,Mixer,5,21107,15,105535,189,16146.85,106040.6,UPI,Shipped,Express
9757064,308540,2024-10-06,Electronics,Laptop,3,12180,5,36540,145,6248.34,41106.34,Card,Returned,Express
1769599,317932,2024-01-24,Fashion,Shirt,3,41014,5,123042,100,21040.18,138030.08,UPI,Delivered,Express
5936429,410811,2025-05-25,Home,Mixer,4,18453,15,73812,102,11293.24,74135.44,COD,Shipped,Standard
6396642,136202,2025-10-01,Fashion,Shirt,1,8459,5,8459,213,1446.49,9695.54,UPI,Shipped,Express
2085251,906425,2024-11-23,Fashion,Shirt,4,16865,5,67460,135,11535.66,75757.66,UPI,Shipped,Express
5451621,634008,2024-12-11,Electronics,Phone,3,39782,5,119346,3,20408.17,133789.87,UPI,Processing,Standard
2323808,624078,2024-03-29,Home,Chair,2,33696,10,67392,90,10917.5,71660.3,UPI,Delivered,Standard
3017746,679147,2024-05-01,Fashion,Shoes,1,35333,15,35333,268,5405.95,35707.0,Card,Delivered,Express
1158425,201088,2025-05-06,Home,Chair,5,21570,0,107850,75,19413.0,127338.0,Card,Shipped,Express
4129562,567022,2025-10-28,Home,Chair,3,46437,15,139311,36,21314.58,139764.93,COD,Delivered,Standard
5465150,288289,2025-07-29,Fashion,Shoes,3,9474,5,28422,174,4860.16,32035.06,UPI,Processing,Express
1688257,649636,2024-07-19,Fashion,Shoes,4,24385,15,97540,362,14923.62,98194.62,COD,Processing,Standard
9744086,665492,2024-11-24,Home,Chair,1,15281,15,15281,14,2337.99,15340.84,Card,Returned,Express
9781776,335994,2025-09-16,Electronics,Phone,1,3705,15,3705,20,566.87,3736.11,Card,Processing,Express
1994367,960912,2025-03-18,Fashion,Shirt,2,43654,0,87308,152,15715.44,103175.44,Card,Delivered,Express
6587365,371671,2025-09-26,Fashion,Shoes,5,27475,10,137375,259,22254.75,146151.25,Card,Processing,Standard
3751693,386171,2024-08-20,Electronics,Laptop,4,25263,5,101052,312,17279.89,113591.29,COD,Returned,Standard
4427095,362374,2024-12-05,Home,Chair,4,32705,5,130820,175,22370.22,146824.22,COD,Returned,Standard
1384175,380521,2025-02-16,Fashion,Shoes,1,22052,10,22052,324,3572.42,23743.22,Card,Delivered,Express
5217440,218589,2025-09-10,Home,Chair,3,12660,0,37980,411,6836.4,45227.4,UPI,Processing,Standard
7837139,940775,2025-10-29,Home,Mixer,3,25074,5,75222,378,12862.96,84701.86,Card,Delivered,Standard
7968744,639343,2024-07-18,Fashion,Shoes,5,48801,10,244005,25,39528.81,259158.31,UPI,Shipped,Standard
7806126,758976,2024-03-25,Fashion,Shoes,2,25695,15,51390,240,7862.67,51784.17,Card,Returned,Express
7990766,276139,2025-05-29,Home,Mixer,1,34223,15,34223,357,5236.12,34682.67,UPI,Shipped,Standard
4504347,509008,2024-06-25,Home,Mixer,2,1407,15,2814,3,430.54,2825.44,Card,Processing,Standard
3781526,571325,2025-09-12,Fashion,Shoes,3,10410,10,31230,216,5059.26,33382.26,COD,Processing,Express
9326330,193582,2025-01-26,Electronics,Laptop,3,27892,15,83676,96,12802.43,84023.03,UPI,Shipped,Express
3993454,115254,2024-06-07,Home,Mixer,1,28653,10,28653,421,4641.79,30850.49,Card,Processing,Standard
2464459,624677,2024-01-01,Home,Mixer,2,30219,10,60438,110,9790.96,64295.16,COD,Returned,Standard
4294418,654061,2024-05-29,Electronics,Laptop,5,42956,0,214780,257,38660.4,253697.4,Card,Shipped,Standard
4775954,780008,2025-03-31,Fashion,Shoes,3,659,15,1977,470,302.48,2452.93,Card,Returned,Express
9442042,178779,2024-12-09,Home,Mixer,5,12483,0,62415,383,11234.7,74032.7,COD,Shipped,Standard
1300144,332460,2025-12-11,Home,Mixer,2,32772,10,65544,237,10618.13,69844.73,UPI,Processing,Express
4535246,859500,2024-09-30,Home,Mixer,4,30762,0,123048,81,22148.64,145277.64,Card,Delivered,Standard
4820597,559158,2025-08-20,Fashion,Shirt,2,23667,15,47334,474,7242.1,47950.0,COD,Delivered,Standard
8398224,371671,2024-07-14,Fashion,Shoes,1,48788,5,48788,172,8342.75,54863.35,Card,Processing,Express
9641200,568393,2025-07-19,Home,Mixer,5,42130,0,210650,207,37917.0,248774.0,UPI,Returned,Standard
3631521,484957,2025-11-13,Fashion,Shoes,2,37367,15,74734,367,11434.3,75325.2,COD,Processing,Standard
8992902,604471,2024-01-20,Fashion,Shoes,5,6094,5,30470,326,5210.37,34482.87,Card,Returned,Standard
4901275,581434,2024-10-09,Home,Chair,2,25977,15,51954,418,7948.96,52527.86,Card,Shipped,Standard
9392170,512719,2024-10-31,Home,Chair,2,12509,15,25018,67,3827.75,25160.05,UPI,Returned,Express
8697145,864589,2025-11-11,Fashion,Shirt,5,44556,10,222780,372,36090.36,236964.36,Card,Delivered,Express
2353698,408306,2024-09-09,Fashion,Shirt,5,27642,5,138210,295,23633.91,155228.41,Card,Returned,Express
3932118,286204,2025-05-28,Electronics,Laptop,3,13485,0,40455,476,7281.9,48212.9,COD,Shipped,Standard
7034236,167310,2025-08-30,Home,Mixer,3,781,5,2343,116,400.65,2742.5,Card,Processing,Standard
6628022,255619,2025-07-07,Home,Chair,5,27456,10,137280,146,22239.36,145937.36,UPI,Processing,Standard
8745824,546788,2024-11-10,Electronics,Phone,5,13081,0,65405,347,11772.9,77524.9,Card,Shipped,Express
4154383,558405,2024-02-11,Electronics,Laptop,2,28347,5,56694,62,9694.67,63615.97,COD,Processing,Express
2225975,553981,2025-06-27,Fashion,Shoes,5,22227,0,111135,136,20004.3,131275.3,COD,Returned,Standard
8797616,946796,2025-12-29,Electronics,Phone,2,3883,10,7766,300,1258.09,8547.49,COD,Processing,Express
2729243,665492,2025-01-21,Home,Chair,5,47141,0,235705,149,42426.9,278280.9,COD,Processing,Standard
1688005,774723,2025-08-06,Electronics,Phone,5,22631,15,113155,395,17312.72,113889.46,UPI,Processing,Express
1763839,846721,2025-07-21,Home,Mixer,5,26001,15,130005,445,19890.76,130840.01,Card,Returned,Express
7165738,970355,2024-05-25,Electronics,Phone,4,49427,15,197708,432,30249.32,198733.12,UPI,Delivered,Standard
2952145,928247,2024-03-06,Fashion,Shoes,2,25274,0,50548,66,9098.64,59712.64,UPI,Returned,Express
5961147,923669,2025-10-25,Home,Mixer,2,46239,15,92478,281,14149.13,93036.43,COD,Delivered,Express
3237697,104063,2024-06-06,Home,Chair,1,4237,0,4237,77,762.66,5076.66,UPI,Processing,Standard
6553878,550091,2025-01-22,Fashion,Shirt,2,27689,15,55378,136,8472.83,55680.13,UPI,Returned,Standard
7247796,550091,2024-08-22,Electronics,Phone,1,47263,15,47263,234,7231.24,47638.79,Card,Delivered,Express
5134363,275605,2025-03-15,Home,Chair,2,16091,10,32182,495,5213.48,34672.28,Card,Returned,Standard
3782485,917907,2025-04-14,Fashion,Shoes,2,27816,0,55632,475,10013.76,66120.76,COD,Returned,Express
2874000,486599,2025-07-14,Home,Chair,3,46908,0,140724,126,25330.32,166180.32,Card,Shipped,Standard
2515622,142362,2024-03-08,Home,Chair,5,26414,15,132070,216,20206.71,132682.21,COD,Delivered,Express
6764864,541464,2025-01-14,Electronics,Phone,4,1098,10,4392,214,711.5,4878.3,Card,Processing,Standard
4326124,455850,2024-09-29,Home,Mixer,4,19882,5,79528,436,13599.29,89586.89,COD,Processing,Standard
2424810,915525,2024-11-20,Home,Chair,4,49808,0,199232,211,35861.76,235304.76,UPI,Delivered,Express
3581286,919885,2025-08-31,Fashion,Shirt,2,40866,5,81732,270,13976.17,91891.57,COD,Processing,Express
7133594,670659,2024-09-08,Fashion,Shoes,5,18294,5,91470,28,15641.37,102565.87,COD,Delivered,Express
3827362,245884,2025-11-04,Home,Mixer,5,13838,5,69190,450,11831.49,78011.99,COD,Processing,Standard
2938037,669285,2025-11-02,Electronics,Laptop,3,26451,5,79353,281,13569.36,89235.71,Card,Shipped,Standard
5040712,900267,2024-08-04,Home,Mixer,1,21994,0,21994,360,3958.92,26312.92,Card,Returned,Express
8883329,386497,2025-01-25,Fashion,Shirt,1,12652,5,12652,451,2163.49,14633.89,UPI,Shipped,Express
8632357,426249,2025-07-21,Electronics,Laptop,2,48586,0,97172,79,17490.96,114741.96,UPI,Delivered,Standard
3751956,994737,2025-06-30,Fashion,Shoes,2,37259,10,74518,238,12071.92,79376.12,UPI,Processing,Express
9019391,165348,2024-01-17,Electronics,Phone,2,24441,15,48882,280,7478.95,49308.65,UPI,Processing,Express
2841475,533622,2025-05-21,Electronics,Phone,5,11460,10,57300,298,9282.6,61150.6,Card,Delivered,Express
2169127,180159,2024-08-23,Home,Mixer,3,24844,15,74532,216,11403.4,74971.6,UPI,Delivered,Express
8897143,679811,2025-10-25,Fashion,Shirt,2,32905,0,65810,381,11845.8,78036.8,UPI,Shipped,Express
2769423,112983,2025-10-18,Electronics,Laptop,1,36624,10,36624,391,5933.09,39285.69,UPI,Delivered,Express
9788789,992625,2024-02-20,Home,Chair,4,6752,15,27008,428,4132.22,27517.02,UPI,Delivered,Express
6904969,336321,2024-05-05,Electronics,Laptop,3,25899,10,77697,255,12586.91,82769.21,Card,Processing,Standard
7977013,149744,2025-07-10,Home,Chair,2,857,15,1714,408,262.24,2127.14,COD,Processing,Express
7952674,306948,2024-06-18,Electronics,Phone,2,42786,15,85572,64,13092.52,85892.72,COD,Processing,Standard
6473253,665492,2025-08-14,Electronics,Phone,2,37023,10,74046,380,11995.45,79016.85,Card,Shipped,Standard
6865014,299071,2025-06-09,Home,Mixer,3,217,5,651,392,111.32,1121.77,Card,Shipped,Express
1578613,956096,2025-03-15,Fashion,Shirt,4,38893,10,155572,454,25202.66,165671.46,Card,Shipped,Standard
7066960,741090,2024-12-30,Fashion,Shoes,5,33891,15,169455,77,25926.61,170040.36,UPI,Shipped,Express
9522582,727220,2024-06-30,Electronics,Laptop,1,36507,0,36507,201,6571.26,43279.26,UPI,Returned,Express
6564450,847473,2025-08-02,Fashion,Shirt,5,30798,10,153990,408,24946.38,163945.38,COD,Processing,Express
8497182,100885,2024-05-23,Electronics,Phone,4,9757,15,39028,300,5971.28,39445.08,UPI,Shipped,Express
1580555,981557,2024-01-17,Home,Chair,2,34069,15,68138,423,10425.11,68765.41,COD,Returned,Express
3631201,668684,2025-11-24,Home,Chair,3,12375,15,37125,482,5680.12,37718.38,COD,Delivered,Express
3732507,293577,2025-01-31,Home,Chair,3,14165,10,42495,333,6884.19,45462.69,UPI,Shipped,Standard
3247410,978264,2024-11-14,Fashion,Shoes,2,44330,0,88660,125,15958.8,104743.8,UPI,Returned,Express
2767913,357790,2024-01-11,Fashion,Shirt,3,15224,5,45672,145,7809.91,51343.31,Card,Returned,Standard
3750124,370973,2025-08-15,Fashion,Shoes,2,24543,0,49086,255,8835.48,58176.48,UPI,Processing,Express
6073096,846721,2024-04-23,Home,Mixer,2,29404,0,58808,85,10585.44,69478.44,UPI,Processing,Express
6879045,846156,2024-08-25,Electronics,Laptop,3,48103,0,144309,95,25975.62,170379.62,UPI,Shipped,Express
4942911,856531,2025-08-10,Fashion,Shirt,2,6173,5,12346,186,2111.17,14025.87,COD,Shipped,Express
4896188,231207,2024-02-11,Home,Mixer,3,1871,0,5613,28,1010.34,6651.34,COD,Returned,Express
6791369,464885,2024-03-22,Electronics,Phone,2,6897,10,13794,136,2234.63,14785.23,Card,Shipped,Express
1490778,386171,2025-02-24,Electronics,Laptop,3,14777,15,44331,215,6782.64,44678.99,Card,Returned,Standard
6549851,899308,2024-05-19,Fashion,Shirt,1,13495,5,13495,269,2307.64,15396.9,COD,Shipped,Express
3560135,889878,2024-08-22,Electronics,Laptop,1,19552,15,19552,50,2991.46,19660.66,Card,Delivered,Standard
2209634,432651,2024-02-15,Electronics,Laptop,5,44498,0,222490,259,40048.2,262797.2,UPI,Shipped,Express
2398308,559608,2025-01-25,Electronics,Phone,1,28086,15,28086,106,4297.16,28276.26,UPI,Delivered,Standard
7174881,546788,2024-10-08,Fashion,Shoes,2,16962,10,33924,472,5495.69,36499.29,Card,Processing,Express
9897516,432651,2025-01-06,Home,Chair,4,37175,5,148700,222,25427.7,166914.7,COD,Returned,Standard
6856475,435317,2024-08-19,Home,Chair,5,48058,10,240290,462,38926.98,255649.98,UPI,Processing,Express
8948911,360273,2025-02-19,Fashion,Shoes,1,5983,0,5983,224,1076.94,7283.94,Card,Shipped,Express
8828611,265566,2025-11-14,Fashion,Shirt,4,17684,5,70736,268,12095.86,79563.06,UPI,Processing,Standard
6890468,921722,2024-05-06,Electronics,Phone,2,19869,15,39738,275,6079.91,40132.21,UPI,Delivered,Express
2489769,464885,2025-04-26,Fashion,Shirt,3,44563,0,133689,31,24064.02,157784.02,Card,Shipped,Express
8652204,556238,2025-09-21,Fashion,Shoes,5,27975,15,139875,339,21400.88,140633.62,COD,Processing,Express
8030415,625231,2024-06-24,Electronics,Phone,3,38277,10,114831,331,18602.62,122281.52,COD,Returned,Express
2020759,746869,2024-01-31,Fashion,Shoes,2,47990,0,95980,342,17276.4,113598.4,UPI,Returned,Express
7435726,185321,2025-05-28,Electronics,Laptop,3,39891,10,119673,215,19387.03,127307.73,UPI,Processing,Express
4336977,462889,2024-07-11,Fashion,Shirt,4,28160,5,112640,292,19261.44,126561.44,COD,Returned,Express
5934841,829633,2025-01-27,Electronics,Phone,4,5196,15,20784,101,3179.95,20947.35,UPI,Processing,Express
1635701,420468,2025-07-11,Electronics,Phone,5,1526,0,7630,169,1373.4,9172.4,UPI,Processing,Express
6480698,705861,2025-03-21,Electronics,Phone,5,11378,15,56890,350,8704.17,57410.67,UPI,Processing,Express
4727287,666345,2025-04-03,Fashion,Shirt,2,3490,15,6980,119,1067.94,7119.94,Card,Processing,Standard
7624830,638728,2025-05-02,Fashion,Shoes,5,37932,0,189660,24,34138.8,223822.8,UPI,Delivered,Express
1293526,632380,2025-05-20,Electronics,Laptop,2,27296,0,54592,231,9826.56,64649.56,UPI,Delivered,Express
7608896,254485,2024-11-24,Home,Mixer,1,38743,5,38743,329,6625.05,43759.9,COD,Processing,Express
9258744,453319,2025-08-25,Fashion,Shirt,4,25974,15,103896,195,15896.09,104402.69,COD,Shipped,Standard
8322578,947525,2024-09-12,Fashion,Shoes,5,25669,15,128345,266,19636.78,128996.04,Card,Shipped,Express
6021890,946796,2024-01-23,Home,Chair,3,43579,10,130737,478,21179.39,139320.69,Card,Shipped,Express
8439077,696853,2025-03-01,Home,Mixer,4,40247,5,160988,196,27528.95,180663.55,UPI,Returned,Standard
4568825,196051,2024-06-28,Electronics,Laptop,2,14512,5,29024,193,4963.1,32728.9,Card,Returned,Express
7438603,698507,2025-03-05,Home,Mixer,3,20539,10,61617,333,9981.95,65770.25,UPI,Returned,Standard
5503899,947514,2024-12-29,Fashion,Shoes,4,38587,5,154348,286,26393.51,173310.11,COD,Delivered,Standard
2492280,642022,2025-02-26,Home,Chair,3,10121,5,30363,439,5192.07,34475.92,UPI,Shipped,Express
3479177,815208,2025-01-15,Home,Chair,5,3726,15,18630,310,2850.39,18995.89,Card,Shipped,Express
1103509,950540,2024-08-28,Fashion,Shoes,3,10667,10,32001,284,5184.16,34269.06,Card,Returned,Express
5070659,996626,2024-03-04,Electronics,Laptop,5,13598,5,67990,34,11626.29,76250.79,COD,Shipped,Standard
9182821,688626,2024-06-29,Home,Mixer,1,31190,5,31190,130,5333.49,35093.99,COD,Delivered,Express
6250812,126681,2024-05-27,Fashion,Shoes,4,1958,10,7832,99,1268.78,8416.58,Card,Returned,Express
6308235,112983,2025-12-02,Fashion,Shoes,5,15926,5,79630,477,13616.73,89742.23,UPI,Processing,Express
2394069,580401,2025-10-05,Electronics,Phone,2,27246,5,54492,252,9318.13,61337.53,COD,Shipped,Express
6133574,837035,2024-06-06,Electronics,Laptop,3,22782,10,68346,83,11072.05,72666.45,UPI,Shipped,Express
3424352,975134,2024-12-15,Fashion,Shoes,5,13457,0,67285,199,12111.3,79595.3,Card,Shipped,Standard
3894163,730018,2025-06-10,Electronics,Laptop,5,16387,0,81935,253,14748.3,96936.3,Card,Shipped,Express
